AREA,UNIT,DISC,DOCUMENT NUMBER,REV,TITLE,STATUS,ORIGINATOR,TYPE
COMMON,001,PM,0401413-ADD-0000-004,0,ADDENDUM TO DGS 0000-004 - CRITICALITY RATING SYSTEM,IFD,WORLEY,DOCUMENT
COMMON,001,PM,DOD-0401413-GG-000-00-00-101,2,RISK REGISTER,IFD,WORLEY,DOCUMENT
COMMON,001,PM,PLG-0401413-GG-000-50-00-003,1,PLANNING PACKAGE,IFD,WORLEY,DOCUMENT
COMMON,001,PM,PP-0401413-GG-001-50-00-002,1,PROJECT EXECUTION PLAN,IFD,WORLEY,DOCUMENT
COMMON,001,PM,PP-0401413-GG-001-50-00-004,0,INVOICING PROCEDURE,IFD,WORLEY,DOCUMENT
COMMON,001,PM,PP-0401413-GG-001-50-00-006,0,SUBCONTRACTING PROCEDURE,IFD,WORLEY,DOCUMENT
COMMON,001,PM,PP-0401413-GG-001-50-00-007,0,CONTRACT TRENDING PROCEDURE,IFD,WORLEY,DOCUMENT
COMMON,001,PM,RPT-0401413-GG-001-50-00-005,0,PROJECT COORDINATION PROCEDURE,IFD,WORLEY,DOCUMENT
COMMON,001,PM,RPT-0401413-GG-001-50-00-012,A,VALUE ENGINEERING REPORT,ICR,WORLEY,DOCUMENT
COMMON,001,PM,RPT-0401413-GG-001-50-44-001,0,RISK ASSESSMENT REPORT,IFD,WORLEY,DOCUMENT
COMMON,001,PM,RPT-0401413-GG-001-50-44-003,0,FRAMING / BRAINSTORMING WORKSHOP REPORT,IFI,WORLEY,DOCUMENT
COMMON,001,PM,RPT-0401413-GG-001-50-44-011,1,TECHNICAL BID EVALUATION REPORT FOR VALUE ENGINEERING REPORT,IFI,WORLEY,DOCUMENT
COMMON,001,PM,RPT-0401413-GG-001-50-44-012,0,LESSONS LEARNT IMPLEMENTATION STATUS REPORT,IFI,WORLEY,DOCUMENT
COMMON,001,PM,RPT-0401413-GG-001-50-55-004,A,COST ESTIMATON METHODOLOGY - DEFINE STAGE,ICR,WORLEY,DOCUMENT
COMMON,001,AR,RPT-0401413-GG-001-20-14-002,0,ARCHITECTURAL DESIGN BASIS,IFD,WORLEY,DOCUMENT
COMMON,001,CI,0401413-ADD-1486-002,0,ADDENDUM TO DGS-1486-002 - EXCAVATION AND BACKFILL FOR UNDERGROUND INSTALLATIONS,IFD,WORLEY,DOCUMENT
COMMON,001,CI,0401413-ADD-1782-001,0,ADDENDUM TO DGS-1782-001 - CIVIL DESIGN BASIS,IFD,WORLEY,DOCUMENT
COMMON,001,CI,0401413-ADD-1882-001,0,ADDENDUM TO DGS-1882-001 - STRUCTURAL DESIGN BASIS,IFD,WORLEY,DOCUMENT
COMMON,001,CI,0401413-ADD-1883-001,0,ADDENDUM TO DGS-1883-001 - STRUCTURAL STEEL FABRICATION,IFD,WORLEY,DOCUMENT
COMMON,001,CI,0401413-GG-001-17-11-001-001,0,CONCRETE WORKS - GENERAL NOTES,IFD,WORLEY,DRAWING
COMMON,001,CI,0401413-GG-001-17-11-002-001,0,CIVIL AND BUILDING WORKS - ABBREVIATION AND SYMBOLS,IFD,WORLEY,DRAWING
COMMON,001,CI,0401413-GG-001-17-11-003-001,0,STEEL WORKS - GENERAL NOTES,IFD,WORLEY,DRAWING
COMMON,001,CI,0401413-GG-001-17-11-004-001,0,ROAD AND PAVING DETAILS,IFD,WORLEY,DRAWING
COMMON,001,CI,0401413-GG-001-17-11-005-001,0,ROAD AND PAVING DETAILS,IFD,WORLEY,DRAWING
COMMON,001,CI,0401413-GG-001-17-11-006-001,0,MEMBRANE PROTECTION TO CONCRETE FOUNDATIONS AND PEDESTALS,IFD,WORLEY,DRAWING
COMMON,001,CI,DC-0401413-GG-001-17-22-001,A,DESIGN CALCULATION FOR ANCHOR BLOCK,ICR,WORLEY,DOCUMENT
COMMON,001,CI,RPT-0401413-GG-001-14-17-001,0,"TECHNICAL BID EVALUATION REPORT FOR TOPO, UG DETECTION AND GEOTECH SURVEY",IFT,WORLEY,DOCUMENT
COMMON,001,CI,RPT-0401413-GG-001-17-14-001 ,0,CIVIL AND STRUCTURAL DESIGN BASIS ,IFD,WORLEY,DOCUMENT
COMMON,001,CI,RPT-0401413-GG-001-17-14-003,0,DRAINAGE DESIGN PHILOSOPHY,IFD,WORLEY,DOCUMENT
COMMON,001,CI,SOW-0401413-GG-001-17-15-001,1,SCOPE OF WORKS - TOPOGRAPHIC AND UNDERGROUND SERVICES DETECTION SURVEY - HABSHAN 5 (UNIT 515) & HABSHAN 4 (UNIT 190),IFD,WORLEY,DOCUMENT
COMMON,001,CI,SOW-0401413-GG-001-17-15-002,0,SCOPE OF WORKS - GEOTECHNICAL INVESTIGATION,IFD,WORLEY,DOCUMENT
COMMON,001,EL,0401413-ADD-1140-001,0,ADDENDUM TO DESIGN GENERAL SPECIFICATION - EMERGENCY GENERATOR,IFD,WORLEY,DOCUMENT
COMMON,001,EL,0401413-ADD-1630-004,0,ADDENDUM TO DESIGN GENERAL SPECIFICATION - INTEGRATED PROTECTION AND CONTROL SYSTEM (IPCS),IFD,WORLEY,DOCUMENT
COMMON,001,EL,0401413-ADD-1630-013,0,ADDENDUM TO DESIGN GENERAL SPECIFICATION - ELECTRICAL ITEMS ON PACKAGED EQUIPMENT,IFD,WORLEY,DOCUMENT
COMMON,001,EL,0401413-ADD-1630-015,0,ADDENDUM TO DESIGN GENERAL SPECIFICATION - ELECTRICAL HEAT TRACING,IFD,WORLEY,DOCUMENT
COMMON,001,EL,0401413-ADD-1630-021,0,ADDENDUM TO DESIGN GENERAL SPECIFICATION - POWER TRANSFORMER,IFD,WORLEY,DOCUMENT
COMMON,001,EL,0401413-ADD-1630-022,0,ADDENDUM TO DESIGN GENERAL SPECIFICATION HIGH VOLTAGE SWITCHGEAR & CONTROL GEAR,IFD,WORLEY,DOCUMENT
COMMON,001,EL,0401413-ADD-1630-023,0,ADDENDUM TO DESIGN GENERAL SPECIFICATION LOW VOLTAGE SWITCHGEAR & CONTROL GEAR,IFD,WORLEY,DOCUMENT
COMMON,001,EL,0401413-ADD-1630-024,0,ADDENDUM TO DESIGN GENERAL SPECIFICATION - L.V. BUS BAR TRUNKING,IFD,WORLEY,DOCUMENT
COMMON,001,EL,0401413-ADD-1630-025,0,ADDENDUM TO DESIGN GENERAL SPECIFICATION - DC UPS SYSTEMS,IFD,WORLEY,DOCUMENT
COMMON,001,EL,0401413-ADD-1630-026,0,ADDENDUM TO DESIGN GENERAL SPECIFICATION - STATIC AC UPS SYSTEM,IFD,WORLEY,DOCUMENT
COMMON,001,EL,0401413-ADD-1630-027,0,ADDENDUM TO DESIGN GENERAL SPECIFICATION - ELECTRIC MOTORS CAGE INDUCTION AND SYNCHRONOUS,IFD,WORLEY,DOCUMENT
COMMON,001,EL,0401413-ADD-1630-029,0,"ADDENDUM TO DESIGN GENERAL SPECIFICATION - POWER, CONTROL AND EARTHING CABLE",IFD,WORLEY,DOCUMENT
COMMON,001,EL,0401413-ADD-1630-031,0,ADDENDUM TO DESIGN GENERAL SPECIFICATION - ELECTRICAL VARIABLE SPEED DRIVE CONTROLLERS,IFD,WORLEY,DOCUMENT
COMMON,001,EL,0401413-ADD-1630-032,0,ADDENDUM TO DESIGN GENERAL SPECIFICATION - NEUTRAL EARTHING RESISTORS,IFD,WORLEY,DOCUMENT
COMMON,001,EL,0401413-ADD-1630-033,0,ADDENDUM TO DESIGN GENERAL SPECIFICATION - LIGHTING AND SMALL POWER DISTRIBUTION BOARDS,IFD,WORLEY,DOCUMENT
COMMON,001,EL,0401413-ADD-1630-035,0,ADDENDUM TO DESIGN GENERAL SPECIFICATION - FIELD COMMISSIONING OF ELECTRICAL INSTALLATION AND EQUIPMENT,IFD,WORLEY,DOCUMENT
COMMON,001,EL,0401413-ADD-1630-037,0,ADDENDUM TO DESIGN GENERAL SEPCIFICATION 33KV GAS INSULATED SWITCHGEAR AND CONTROLGEAR,IFD,WORLEY,DOCUMENT
COMMON,001,EL,0401413-ADD-1630-038,0,ADDENDUM TO DESIGN GENERAL SPECIFICATION - POWER FACTOR IMPROVEMENT EQUIPMENT,IFD,WORLEY,DOCUMENT
COMMON,001,EL,0401413-ADD-2020-012,0,ADDENDUM TO DESIGN GENERAL SPECIFICATION - LIGHTING FIXTURES,IFD,WORLEY,DOCUMENT
COMMON,001,EL,0401413-GG-001-16-22-001,0,EARTHING INSTALLATION STANDARD,IFD,WORLEY,DRAWING
COMMON,001,EL,0401413-GG-001-16-32-001,0,POWER INSTALLATION STANDARD,IFD,WORLEY,DRAWING
COMMON,001,EL,0401413-GG-001-16-33-001,0,SINGLE LINE DIAGRAM FOR DISTRIBUTION BOARDS - TYPICAL,IFD,WORLEY,DRAWING
COMMON,001,EL,0401413-GG-001-16-42-001,0,LIGHTING INSTALLATION STANDARD,IFD,WORLEY,DRAWING
COMMON,001,EL,DOD-0401413-GG-001-16-35-003,B,"LIGHTING CALCULATIONS - OUTDOOR [STREET/ROAD LIGHTING, AREA LIGHTING, PLANT LIGHTING & FLOOD LIGHTING]",IFA,WORLEY,DOCUMENT
COMMON,001,EL,DOD-0401413-GG-001-16-38-001,0,"DATASHEET FOR POWER, CONTROL AND EARTHING CABLES",IFD,WORLEY,DOCUMENT
COMMON,001,EL,DOD-0401413-GG-001-16-38-002,0,DATASHEET FOR INTEGRATED PROTECTION & CONTROL SYSTEMS (IPCS),IFD,WORLEY,DOCUMENT
COMMON,001,EL,DOD-0401413-GG-001-16-38-006,0,DATASHEET FOR MV CAGE INDUCTION MOTORS,IFD,WORLEY,DOCUMENT
COMMON,001,EL,DOD-0401413-GG-001-16-38-007,0,DATASHEET FOR MV SYNCHRONOUS MOTOR (HABSHAN-5),IFD,WORLEY,DOCUMENT
COMMON,001,EL,DOD-0401413-GG-001-16-38-008,0,DATASHEET FOR LV CAGE INDUCTION MOTORS,IFD,WORLEY,DOCUMENT
COMMON,001,EL,R-0401413-GG-001-16-39-001,0,MATERIAL REQUISITION FOR POWER TRANSFORMER,IFT,WORLEY,DOCUMENT
COMMON,001,EL,RPT -0401413-GG-001-16-00-001,0,SITE VISIT REPORT - ELECTRICAL,IFT,WORLEY,DOCUMENT
COMMON,001,EL,RPT-0401413-GG-001-16-00-002,0,"POWER DISTRIBUTION, PROTECTION AND CONTROL PHILOSOPHY",IFD,WORLEY,DOCUMENT
COMMON,001,EL,RPT-0401413-GG-001-16-00-004,0,ELECTRICAL DRIVE SELECTION STUDY REPORT,IFD,WORLEY,DOCUMENT
COMMON,001,EL,RPT-0401413-GG-001-16-00-005,0,LOAD MANAGEMENT AND LOAD SHEDDING PHILOSOPHY,IFD,WORLEY,DOCUMENT
COMMON,001,EL,RPT-0401413-GG-001-16-39-005,0,SAFOP WORKSHOP TECHNICAL BID EVALUATION REPORT,IFD,WORLEY,DOCUMENT
COMMON,001,EL,SOW-0401413-GG-001-16-11-001,B,SCOPE OF WORK FOR SAFOP STUDY,IFA,WORLEY,DOCUMENT
COMMON,001,EL,SOW-0401413-GG-001-16-11-001,0,SCOPE OF WORK FOR SAFOP STUDY,IFD,WORLEY,DOCUMENT
COMMON,001,EL,SOW-0401413-GG-001-16-11-002,0,MODIFICATION SCOPE OF WORK FOR 33KV GIS,IFD,WORLEY,DOCUMENT
COMMON,001,EL,SOW-0401413-GG-001-16-11-003,A,MODIFICATION SCOPE OF WORK FOR 3.3KV MV SWITCHGEAR,ICR,WORLEY,DOCUMENT
COMMON,001,EL,SOW-0401413-GG-001-16-11-004,A,MODIFICATION SCOPE OF WORK FOR 415V LV SWITCHGEAR,ICR,WORLEY,DOCUMENT
COMMON,001,EL,SOW-0401413-GG-001-16-11-005,B,SCOPE OF WORK FOR ECS & IPCS AT HABSHAN 5 INCLUDING MODIFICATION OF EXISITNG SYSTEM,IFA,WORLEY,DOCUMENT
COMMON,001,EL,SP-0401413-GG-001-16-00-001,0,ELECTRICAL DESIGN BASIS,IFD,WORLEY,DOCUMENT
COMMON,001,EL,SP-0401413-GG-001-16-37-1,0,DESIGN GENERAL SPECIFICATION FOR BULK MATERIALS,IFD,WORLEY,DOCUMENT
COMMON,001,EL,SP-0401413-GG-001-16-37-2,0,DESIGN GENERAL SPECIFICATION FOR MV BUSBAR TRUNKING,IFD,WORLEY,DOCUMENT
COMMON,001,HV,0401413-ADD-3400-004,0,ADDENDUM TO DGS-3400-004 DESIGN GENERAL SPECIFICATION - HVAC CONTROL,IFD,WORLEY,DOCUMENT
COMMON,001,IC,0401413-ADD-1510-001,0,DCS OPERATING AND CONTROL PHILOSOPHY - ADDENDUM TO DGS,IFD,WORLEY,DOCUMENT
COMMON,001,IC,0401413-ADD-1510-004,0,EMERGENCY SHUTDOWN SYSTEM PHILOSOPHY - ADDENDUM TO DGS,IFD,WORLEY,DOCUMENT
COMMON,001,IC,0401413-ADD-1511-023,0,DCS GUIDELINES FOR CONTROL LOOP REDUNDANCY - ADDENDUM TO DGS,IFD,WORLEY,DOCUMENT
COMMON,001,IC,0401413-ADD-1511-025,0,DESIGN RULES FOR DCS GRAPHICS - ADDENDUM TO DGS,IFD,WORLEY,DOCUMENT
COMMON,001,IC,0401413-ADD-1511-028,0,FIRE & GAS GRAPHIC DESIGN RULES - ADDENDUM TO DGS,IFD,WORLEY,DOCUMENT
COMMON,001,IC,0401413-ADD-1511-029,1,ALARM PHILOSOPHY - ADDENDUM TO DGS,IFD,WORLEY,DOCUMENT
COMMON,001,IC,0401413-ADD-1511-030,0,FIRE & GAS SYSTEM - ADDENDUM TO DGS,IFD,WORLEY,DOCUMENT
COMMON,001,IC,0401413-ADD-1511-031,0,FIRE & GAS DETECTORS - ADDENDUM TO DGS,IFD,WORLEY,DOCUMENT
COMMON,001,IC,0401413-ADD-1511-032,0,INSTRUMENT DESIGN CRITERIA - ADDENDUM TO DGS,IFD,WORLEY,DOCUMENT
COMMON,001,IC,0401413-ADD-1511-033,0,INSTRUMENTATION FURNISHED WITH PACKAGED UNITS - ADDENDUM TO DGS,IFD,WORLEY,DOCUMENT
COMMON,001,IC,0401413-ADD-1511-034,0,INSTRUMENT PIPING CLASSES - ADDENDUM TO DGS,IFD,WORLEY,DOCUMENT
COMMON,001,IC,0401413-ADD-1511-036,0,INSTRUMENT AND THERMOCOUPLE CABLES - ADDENDUM TO DGS,IFD,WORLEY,DOCUMENT
COMMON,001,IC,0401413-ADD-1511-041,0,FLOW ELEMENTS AND METER RUNS - ADDENDUM TO DGS,IFD,WORLEY,DOCUMENT
COMMON,001,IC,0401413-ADD-1511-042,0,FLOW INSTRUMENTS - ADDENDUM TO DGS,IFD,WORLEY,DOCUMENT
COMMON,001,IC,0401413-ADD-1511-043,0,INSTRUMENT INSTALLATION DESIGN - ADDENDUM TO DGS,IFD,WORLEY,DOCUMENT
COMMON,001,IC,0401413-ADD-1511-046,0,INSPECTION AND TESTING OF INSTRUMENTS & CONTROL SYSTEMS - ADDENDUM TO DGS,IFD,WORLEY,DOCUMENT
COMMON,001,IC,0401413-ADD-1511-050,0,PROGRAMMABLE LOGIC CONTROLLERS (PLC) - ADDENDUM TO DGS,IFD,WORLEY,DOCUMENT
COMMON,001,IC,0401413-ADD-1511-052,0,MARSHALLING CABINETS - ADDENDUM TO DGS,IFD,WORLEY,DOCUMENT
COMMON,001,IC,0401413-ADD-1511-062,0,MACHINE MONITORING SYSTEM - ADDENDUM TO DGS,IFD,WORLEY,DOCUMENT
COMMON,001,IC,0401413-ADD-1511-070,0,ANTISURGE AND PERFORMANCE CONTROL - ADDENDUM TO DGS,IFD,WORLEY,DOCUMENT
COMMON,001,IC,0401413-ADD-1511-077,0,ULTRASONIC SCRAPER (PIG) SIGNALLERS - ADDENDUM TO DGS,IFD,WORLEY,DOCUMENT
COMMON,001,IC,0401413-ADD-1541-001,0,CONTROL VALVES - ADDENDUM TO DGS,IFD,WORLEY,DOCUMENT
COMMON,001,IC,0401413-ADD-1543-001,0,MOTOR OPERATED VALVES - ADDENDUM TO DGS,IFD,WORLEY,DOCUMENT
COMMON,001,IC,0401413-ADD-1543-002,1,ESD AND ON/OFF VALVES - ADDENDUM TO DGS,IFD,WORLEY,DOCUMENT
COMMON,001,IC,0401413-ADD-1545-001,0,PRESSURE RELIEF DEVICES - ADDENDUM TO DGS,IFD,WORLEY,DOCUMENT
COMMON,001,IC,0401413-ADD-1550-001,0,FUNCTIONAL LOOP DIAGRAMS - ADDENDUM TO DGS,IFD,WORLEY,DOCUMENT
COMMON,001,IC,0401413-ADD-1560-001,0,PACKAGED ANALYZERS - ADDENDUM TO DGS,IFD,WORLEY,DOCUMENT
COMMON,001,IC,0401413-ADD-1560-002,A,ANALYZER SHELTERS - ADDENDUM TO DGS,ICR,WORLEY,DOCUMENT
COMMON,001,IC,0401413-GG-001-15-88-001,0,TYPICAL INSTRUMENT INSTALLATION DRAWINGS,IFD,WORLEY,DRAWING
COMMON,001,IC,0401413-GG-001-15-88-002,0,TYPICAL INSTRUMENT HOOKUPS DRAWINGS,IFD,WORLEY,DRAWING
COMMON,001,IC,0401413-GG-001-15-88-003,A,TYPICAL INSTRUMENT LOOP DIAGRAMS,ICR,WORLEY,DRAWING
COMMON,001,IC,DOD-0401413-GG-001-15-00-001,0,INSTRUMENT AND CONTROLS DESIGN BASIS,IFD,WORLEY,DOCUMENT
COMMON,001,IC,DOD-0401413-GG-001-15-00-009,0,INSTRUMENT STANDARDIZATION PHILOSOPHY FOR H4 AND H5,IFD,WORLEY,DOCUMENT
COMMON,001,IC,DOD-0401413-GG-001-15-89-001,0,DEFINITION REPORT: INSTRUMENT & CONTROL FOR H4 AND H5,IFD,WORLEY,DOCUMENT
COMMON,001,IC,R-0401413-GG-001-15-55-003,0,MATERIAL REQUISITION FOR CUSTODY TRANSFER FLOW METERING SKID FOR HABSHAN-4 & HABSHAN-5,IFD,WORLEY,DOCUMENT
COMMON,001,IC,SP-0401413-GG-001-15-40-001,0,SPECIFICATION FOR CO2 CUSTODY METERING SYSTEM,IFD,WORLEY,DOCUMENT
COMMON,001,MC,0401413-ADD-0000-002,0,ADDENDUM FOR DGS-0000-002 MATERIALS FOR USE IN H2S CONTAINING ENVIRONMENTS,IFD,WORLEY,DOCUMENT
COMMON,001,MC,PHL-0401413-GG-001-63-00-001,0,CORROSION MONITORING PHILOSOPHY,IFD,WORLEY,DOCUMENT
COMMON,001,MC,RPT-0401413-GG-001-63-00-001,0,MATERIAL OF CONSTRUCTION ADEQUACY ASSESSMENT REPORT,IFD,WORLEY,DOCUMENT
COMMON,001,MC,SOW-0401413-GG-001-63-11-001,0,SCOPE OF WORK FOR CORROSION RISK ASSESSMENT STUDY AND MATERIAL & CORROSION AUDIT,IFT,WORLEY,DOCUMENT
COMMON,001,MC,SOW-0401413-GG-001-63-11-002,0,SOW FOR CATHODIC PROTECTION DESIGN,IFI,WORLEY,DOCUMENT
COMMON,001,ME,0401413-ADD-0570-001,0,ADDENDUM TO DGS 0570-001 DESIGN GENERAL SPECIFICATION: VESSEL TRAYS AND INTERNALS - GENERAL,IFD,WORLEY,DOCUMENT
COMMON,001,ME,0401413-ADD-0610-001,0,ADDENDUM TO DGS 0610-001 DESIGN GENERAL SPECIFICATION: SHELL AND TUBE HEAT EXCHANGERS - GENERAL,IFD,WORLEY,DOCUMENT
COMMON,001,ME,0401413-ADD-0710-001,0,ADDENDUM TO DGS 0710-001 DESIGN GENERAL SPECIFICATION: AIR COOLED HEAT EXCHAGER - (AMENDMENTS AND SUPPLEMENTS TO API STD 661),IFD,WORLEY,DOCUMENT
COMMON,001,ME,0401413-ADD-0810-001,0,ADDENDUM TO DGS 0810-001 DESIGN GENERAL SPECIFICATION: PRESSURE VESSELS,IFD,WORLEY,DOCUMENT
COMMON,001,ME,0401413-ADD-0910-001,0,ADDENDUM TO DESIGN GENERAL SPECIFICATION - CENTRIFUGAL PUMPS (AMENDMENTS / SUPPLEMENTS TO API 610),IFD,WORLEY,DOCUMENT
COMMON,001,ME,0401413-ADD-1010-001,0,ADDENDUM TO DESIGN GENERAL SOECIFICATION - CENTRIFUGAL COMPRESSORS,IFD,WORLEY,DOCUMENT
COMMON,001,ME,0401413-ADD-2123-001,0,"ADDENDUM TO DESIGN GENERAL SPECIFICATION FOR OVERHEAD TRAVELLING CRANES, HOISTS",IFD,WORLEY,DOCUMENT
COMMON,001,ME,0401413-ADD-3335-001,0,"ADDENDUM TO DESIGN GENERAL SPECIFICATION FOR LUBRICATION, SHAFT SEALING AND CONTROL OIL SYSTEM FOR SPECIAL PURPOSE APPLICATIONS",IFD,WORLEY,DOCUMENT
COMMON,001,ME,0401413-ADD-3400-002,0,ADDENDUM TO DGS-3400-002 DESIGN GENERAL SPECIFICATION - HVAC EQUIPMENT,IFD,WORLEY,DOCUMENT
COMMON,001,ME,0401413-ADD-3400-003,0,ADDENDUM TO DGS-3400-003 DESIGN GENERAL SPECIFICATION - DUCTWORK AND DUCTWORK INSULATION,IFD,WORLEY,DOCUMENT
COMMON,001,ME,DOD-0401413-GG-001-00-11-002,0,MECHANICAL DESIGN BASIS,IFD,WORLEY,DOCUMENT
COMMON,001,ME,DOD-0401413-GG-001-34-00-001,0,HVAC DESIGN CRITERIA,IFD,WORLEY,DOCUMENT
COMMON,001,ME,R-0401413-GG-001-07-55-051,0,MATERIAL REQUISITION FOR AIR-COOLERS FOR HABSHAN-4 AND HABSHAN-5,IFT,WORLEY,DOCUMENT
COMMON,001,ME,R-0401413-GG-001-10-55-001,0,MATERIAL REQUISITION FOR CO2 COMPRESSOR PACKAGES,IFT,WORLEY,DOCUMENT
COMMON,001,ME,R-0401413-GG-001-33-80-001,0,MATERIAL REQUISITION FOR TEG DEHYDRATION PACKAGE AT HABSHAN 4 & HABSHAN 5,IFT,WORLEY,DOCUMENT
COMMON,001,ME,RPT-0401413-GG-001-33-80-001,B,TECHNICAL BID EVALUATION FOR TEG DEHYDRATION PACKAGE AT HABSHAN 4 & HABSHAN 5,IFA,WORLEY,DOCUMENT
COMMON,001,ME,SP-0401413-GG-001-33-80-001,0,SPECIFICATION FOR TEG DEHYDRATION PACKAGE AT HABSHAN 4 & HABSHAN 5,IFT,WORLEY,DOCUMENT
COMMON,001,ML,PHL-0401413-GG-001-63-00-002,0,CORROSION RISK ASSESSMENT STUDY (CRAS) & MATERIALS & CORROSION AUDIT (MCA) METHODOLOGY,IFD,WORLEY,DOCUMENT
COMMON,001,ML,PHL-0401413-GG-001-63-00-003,0,DUCTILE FRACTURE PROPAGATION STUDY AND FRACTURE CONTROL PLAN METHOD STATEMENT,IFD,WORLEY,DOCUMENT
COMMON,001,ML,RPT-0401413-GG-001-63-00-002,B,CORROSION RISK ASSESSMENT STUDY (CRAS) & MATERIALS & CORROSION AUDIT (MCA) REPORT,IFA,WORLEY,DOCUMENT
COMMON,001,ML,RPT-0401413-GG-001-63-22-003,0,MATERIAL SELECTION REPORT AND SUMMARY TABLES,IFD,WORLEY,DOCUMENT
COMMON,001,ML,RPT-0401413-GG-001-63-22-004,2,TECHNICAL BIDS EVALUATION SUMMARY FOR CRAS AND MCA,IFT,WORLEY,DOCUMENT
COMMON,001,ML,RPT-0401413-GG-001-63-22-005,0,TECHNICAL BIDS EVALUATION SUMMARY FOR CO2 PIPELINE DUCTILE FRACTURE PROPAGATION STUDY AND CONTROL PLAN,IFA,WORLEY,DOCUMENT
COMMON,001,ML,RPT-0401413-GG-001-63-33-001,A,CATHODIC PROTECTION SYSTEM DESIGN - FEED,ICR,WORLEY,DOCUMENT
COMMON,001,ML,RPT-0401413-GG-001-63-33-006,0,CATHODIC PROTECTION SYSTEM PRE-DESIGN SITE SURVEY REPORT,IFD,WORLEY,DOCUMENT
COMMON,001,ML,RPT-0401413-GG-001-95-80-004,0,PIPELINE FRACTURE PROPAGATION STUDY AND FRACTURE CONTROL PLAN,IFD,WORLEY,DOCUMENT
COMMON,001,ML,SOW-0401413-GG-001-63-11-003,0,SCOPE OF WORK FOR CO2 PIPELINE FRACTURE PROPAGATION CONTROL STUDY,IFT,WORLEY,DOCUMENT
COMMON,001,PI,0401413-ADD-1300-010,0,ADDENDUM TO DESIGN GENERAL SPECIFICATION - PIPING SYSTEMS (PIPING CLASSES),IFD,WORLEY,DOCUMENT
COMMON,001,PI,0401413-ADD-1300-015,0,ADDENDUM TO DESIGN GENERAL SPECIFICATION - PIPES AND PIPING COMPONENTS,IFD,WORLEY,DOCUMENT
COMMON,001,PI,0401413-ADD-1300-030,0,ADDENDUM TO DESIGN GENERAL SPECIFICATION - PROCESS AND UTILITY FIELD/SHOP PRESSURE TESTING,IFD,WORLEY,DOCUMENT
COMMON,001,PI,0401413-ADD-1300-040 ,0,"ADDENDUM TO DESIGN GENERAL SPECIFICATION - GENERAL PIPING - PROCESS AND UTILITY DESIGN, LAYOUT & DRAWING ",IFD,WORLEY,DOCUMENT
COMMON,001,PI,0401413-ADD-1300-060,0,ADDENDUM TO DESIGN GENERAL SPECIFICATION - PIPING FLEXIBILITY ANALYSIS,IFD,WORLEY,DOCUMENT
COMMON,001,PI,0401413-ADD-1300-070,0,ADDENDUM TO DESIGN GENERAL SPECIFICATION PIPE SUPPORTS,IFD,WORLEY,DOCUMENT
COMMON,001,PI,0401413-ADD-1300-100,0,ADDENDUM TO DESIGN GENERAL SPECIFICATION PIPING TIE-INS,IFD,WORLEY,DOCUMENT
COMMON,001,PI,0401413-ADD-1300-185,0,"ADDENDUM TO DESIGN GENERAL SPECIFICATION - FABRICATION, HANDLING AND INSTALLATION OF PROCESS AND UTILITY PIPING",IFD,WORLEY,DOCUMENT
COMMON,001,PI,0401413-ADD-1310-011,0,ADDENDUM TO DGS-1310-011 DESIGN GENERAL SPECIFICATION - CHECK VALVES,IFD,WORLEY,DOCUMENT
COMMON,001,PI,0401413-ADD-1310-012,0,ADDENDUM TO DGS-1310-012 DESIGN GENERAL SPECIFICATION - BALL VALVES,IFD,WORLEY,DOCUMENT
COMMON,001,PI,0401413-ADD-1310-013,0,ADDENDUM TO DGS-1310-013 - BUTTERFLY VALVES,IFD,WORLEY,DOCUMENT
COMMON,001,PI,0401413-ADD-1310-014,0,ADDENDUM TO DGS-1310-014 DESIGN GENERAL SPECIFICATION GATE VALVES,IFD,WORLEY,DOCUMENT
COMMON,001,PI,0401413-ADD-1310-015,0,ADDENDUM TO DGS-1310-015 DESIGN GENERAL SPECIFICATION - GLOBE VALVES,IFD,WORLEY,DOCUMENT
COMMON,001,PI,0401413-ADD-1470-009,0,ADDENDUM TO DGS-1470-009 REQUIREMENTS FOR FIBER REINFORCED PLASTIC (FRP) PIPES AND FITTINGS,IFD,WORLEY,DOCUMENT
COMMON,001,PI,0401413-ADD-6000-003,0,"ADDENDUM TO DGS-6000-003 DESIGN GENERAL SPECIFICATION - ACOUSTIC INSULATION OF PIPE, VALVES AND FLANGES",IFD,WORLEY,DOCUMENT
COMMON,001,PI,0401413-ADD-6300-001,0,ADDENDUM TO DESIGN GENERAL SPECIFICATION - WELDING AND NDE OF PIPING SYSTEM,IFD,WORLEY,DOCUMENT
COMMON,001,PI,0401413-ADD-6500-010,0,ADDENDUM TO DESIGN GENERAL SPECIFICATION - HOT INSULATION FOR PIPING AND EQUIPMENT,IFD,WORLEY,DOCUMENT
COMMON,001,PI,DOD-0401413-GG-001-13-00-001,0,PIPING DESIGN BASIS,IFD,WORLEY,DOCUMENT
COMMON,001,PI,NC-0401413-GG-001-13-80-003,0,PIPE WALL THICKNESS CALCULATION,IFD,WORLEY,DOCUMENT
COMMON,001,PI,PP-0401413-GG-001-13-80-001,0,3D MODEL REVIEW PROCEDURE,IFD,WORLEY,DOCUMENT
COMMON,001,PI,PP-0401413-GG-001-13-80-002,0,3D MODELING PROCEDURE,IFD,WORLEY,DOCUMENT
COMMON,001,PI,RPT-0401413-GG-001-13-75-004,A,PLOT PLAN REVIEW WORKSHOP REPORT,ICR,WORLEY,DOCUMENT
COMMON,001,PI,RPT-0401413-GG-001-13-84-001,0,SITE VISIT REPORT (HABSHAN 5),IFI,WORLEY,DOCUMENT
COMMON,001,PI,RPT-0401413-GG-001-13-84-002,0,SITE VISIT REPORT (HABSHAN 4),IFI,WORLEY,DOCUMENT
COMMON,001,PI,SPP-0401413-GG-001-13-45-001,0,DATASHEETS FOR MANUAL GLOBE VALVES,IFD,WORLEY,DOCUMENT
COMMON,001,PI,SPP-0401413-GG-001-13-45-002,0,DATASHEETS FOR MANUAL GATE VALVES,IFD,WORLEY,DOCUMENT
COMMON,001,PI,SPP-0401413-GG-001-13-45-003,0,DATASHEETS FOR MANUAL BUTTERFLY VALVES,IFD,WORLEY,DOCUMENT
COMMON,001,PI,SPP-0401413-GG-001-13-45-004,0,DATASHEETS FOR MANUAL BALL VALVES,IFD,WORLEY,DOCUMENT
COMMON,001,PI,SPP-0401413-GG-001-13-45-005,0,DATASHEETS FOR MANUAL CHECK VALVES,IFD,WORLEY,DOCUMENT
COMMON,001,PL,0401413-ADD-1470-006,0,ADDENDUM TO DGS-1470-006 - PIPELINE FIELD JOINT COATING USING HEAT SHRINKABLE SLEEVES FOR POLYPROPYLENE COATED PIPE,IFD,WORLEY,DOCUMENT
COMMON,001,PL,0401413-ADD-6300-004,0,ADDENDUM TO DGS-6300-004 PIPELINE WELDING AND NDT,IFD,WORLEY,DOCUMENT
COMMON,001,PL,0401413-ADD-9510-002,0,ADDENDUM TO DGS-9510-002 - SEAMLESS LINE PIPE,IFD,WORLEY,DOCUMENT
COMMON,001,PL,0401413-ADD-9510-004,0,"ADDENDUM TO DGS-9510-004 - ONSITE, NON PIGGABLE PIPING MATERIALS",IFD,WORLEY,DOCUMENT
COMMON,001,PL,0401413-ADD-9520-001,0,ADDENDUM TO DGS 9520-001 FOR PIPELINE BALL VALVES,IFD,WORLEY,DOCUMENT
COMMON,001,PL,0401413-ADD-9520-002,1,ADDENDUM TO DGS-9520-002 - PIPELINE PLUG VALVES,IFD,WORLEY,DOCUMENT
COMMON,001,PL,0401413-ADD-9530-001,0,ADDENDUM TO DGS-9530-001 - FACTORY HOT BENDS,IFD,WORLEY,DOCUMENT
COMMON,001,PL,0401413-ADD-9540-001,0,ADDENDUM TO DGS- 9540-001 PIPELINE LAUNCHERS AND RECEIVERS (SCRAPER TRAPS),IFD,WORLEY,DOCUMENT
COMMON,001,PL,0401413-ADD-9550-002,0,ADDENDUM TO DGS-9550-002 - PIPELINE CONSTRUCTION,IFD,WORLEY,DOCUMENT
COMMON,001,PL,0401413-ADD-9550-004,0,ADDENDUM TO DGS-9550-004 - FLEXIBLITY ANALYSIS (PIPELINE),IFD,WORLEY,DOCUMENT
COMMON,001,PL,0401413-GG-001-95-10-001,0,"NEW PROPOSED 12"" CO2 PIPELINE OVERALL ROUTE MAP (HABSHAN-4 TO HABSHAN-5)",IFD,WORLEY,DRAWING
COMMON,001,PL,0401413-GG-001-95-10-002,0,"NEW PROPOSED 12"" CO2 PIPELINE OVERALL ROUTE MAP (HABSHAN-4 TO HABSHAN-5)",IFD,WORLEY,DRAWING
COMMON,001,PL,0401413-GG-001-95-50-001,0,TYPICAL DETAILS OF UNCASED ROAD/TRACK CROSSING AND SAFETY BARRIER,IFD,WORLEY,DRAWING
COMMON,001,PL,0401413-GG-001-95-50-002,0,TYPICAL DETAILS OF EXISTING UNDERGROUND PIPE CROSSING (TYPE-1),IFD,WORLEY,DRAWING
COMMON,001,PL,0401413-GG-001-95-50-003,0,TYPICAL DETAILS OF EXISTING UNDERGROUND PIPE CROSSING (TYPE-2),IFD,WORLEY,DRAWING
COMMON,001,PL,0401413-GG-001-95-50-004,0,TYPICAL DETAILS OF KM WARNING SIGN BOARD AT ROAD CROSSING,IFD,WORLEY,DRAWING
COMMON,001,PL,0401413-GG-001-95-50-005,0,TYPICAL DETAILS OF OVERHEAD POWER LINE CROSSING,IFD,WORLEY,DRAWING
COMMON,001,PL,0401413-GG-001-95-50-006,0,TYPICAL DETAILS OF UNDERGROUND CABLE CROSSING,IFD,WORLEY,DRAWING
COMMON,001,PL,0401413-GG-001-95-50-007,0,TYPICAL DETAILS OF PIPELINE CROSSING IN SABKHA AREAS,IFD,WORLEY,DRAWING
COMMON,001,PL,0401413-GG-001-95-50-008,0,TYPICAL DETAILS OF PIPELINE TRENCH,IFD,WORLEY,DRAWING
COMMON,001,PL,0401413-GG-001-95-50-009-001,0,TYPICAL DETAILS OF CROSSING MARKER SIGN FOR OTHER CABLE,IFD,WORLEY,DRAWING
COMMON,001,PL,0401413-GG-001-95-50-010-001,0,TYPICAL DETAILS OF CROSSING MARKER SIGN FOR OTHER PIPELINE,IFD,WORLEY,DRAWING
COMMON,001,PL,0401413-GG-001-95-50-011-001,0,TYPICAL DETAILS OF DIRECTION MARKER,IFD,WORLEY,DRAWING
COMMON,001,PL,0401413-GG-001-95-50-012-001,0,TYPICAL DETAILS OF PIPELINE IDENTIFICATION SLABS & CABLE TILES,IFD,WORLEY,DRAWING
COMMON,001,PL,0401413-GG-001-95-50-013,0,TYPICAL DETAILS OF PIPELINE CONSTRUCTION AT SABKHA AREAS,IFD,WORLEY,DRAWING
COMMON,001,PL,0401413-GG-001-95-50-014,0,TYPICAL DETAILS OF CABLE CROSSING IN SABKHA AREAS,IFD,WORLEY,DRAWING
COMMON,001,PL,0401413-GG-001-95-50-015,0,TYPICAL DETAILS OF HIGH VOLTAGE OVERHEAD CABLE CROSSING MARKER SIGN,IFD,WORLEY,DRAWING
COMMON,001,PL,0401413-GG-001-95-50-017,0,TYPICAL DETAILS OF KM WARNING SIGN BOARD FOR GAS PIPELINES,IFD,WORLEY,DRAWING
COMMON,001,PL,0401413-GG-001-95-50-019,0,TYPICAL DETAILS OF SIGNBOARDS FIXING POST DETAILS,IFD,WORLEY,DRAWING
COMMON,001,PL,0401413-GG-001-95-50-020,0,TYPICAL DETAILS OF KM WARNING SIGN BOARD FOR UTILITIES PIPELINES,IFD,WORLEY,DRAWING
COMMON,001,PL,0401413-GG-001-95-50-021,0,TYPICAL DETAILS OF ROW AND TRENCH IN SAND DUNE AREA,IFD,WORLEY,DRAWING
COMMON,001,PL,0401413-GG-001-95-50-022,0,TYPICAL DETAILS OF WARNING SIGN BOARD AT PIPELINE LAUNCHER / RECEIVER STATION,IFD,WORLEY,DRAWING
COMMON,001,PL,0401413-GG-001-95-50-023,0,TYPICAL DETAILS OF DANGER SIGN BOARD AT PIPELINE LAUNCHER / RECEIVER STATION,IFD,WORLEY,DRAWING
COMMON,001,PL,0401413-GG-001-95-50-024,0,TYPICAL DETAILS OF DIRECTION SIGN BOARDS AT LAUNCHER AND RECEIVER STATION,IFD,WORLEY,DRAWING
COMMON,001,PL,0401413-GG-001-95-50-025,0,TYPICAL DETAILS OF RIG CROSSING OVER A BURIED PIPELINE,IFD,WORLEY,DRAWING
COMMON,001,PL,0401413-PL-001-95-40-001,0,"NEW PROPOSED 12"" CO2 PIPELINE KEY PLAN FOR ALIGNMENT SHEETS (TOTAL LENGTH 14.575 KM)",IFD,WORLEY,DRAWING
COMMON,001,PL,0401413-PL-001-95-40-002,B,"NEW PROPOSED 12"" CO2 PIPELINE ALIGNMENT SHEET - CH. 00+000.0 TO CH. 02+500.0",IFA,WORLEY,DRAWING
COMMON,001,PL,0401413-PL-001-95-40-003,B,"NEW PROPOSED 12"" CO2 PIPELINE ALIGNMENT SHEET - CH. 02+500.0 TO CH. 05+000.0",IFA,WORLEY,DRAWING
COMMON,001,PL,0401413-PL-001-95-40-004,B,"NEW PROPOSED 12"" CO2 PIPELINE ALIGNMENT SHEET - CH. 5+000.0 TO CH. 7+500.0",IFA,WORLEY,DRAWING
COMMON,001,PL,0401413-PL-001-95-40-005,B,"NEW PROPOSED 12"" CO2 PIPELINE ALIGNMENT SHEET - CH. 7+500.0 TO CH. 10+000.0",IFA,WORLEY,DRAWING
COMMON,001,PL,0401413-PL-001-95-40-006,B,"NEW PROPOSED 12"" CO2 PIPELINE ALIGNMENT SHEET - CH. 10+000.0 TO CH. 12+500.0",IFA,WORLEY,DRAWING
COMMON,001,PL,0401413-PL-001-95-40-007,B,"NEW PROPOSED 12"" CO2 PIPELINE ALIGNMENT SHEET - CH. 12+500.0 TO CH. 14+575.184",IFA,WORLEY,DRAWING
COMMON,001,PL,BOQ-0401413-GG-001-95-80-011,0,PIPELINE MATERIAL TAKE OFF,IFI,WORLEY,DOCUMENT
COMMON,001,PL,DOD-0401413-GG-001-95-85-001,0,PIPELINE DESIGN BASIS,IFD,WORLEY,DOCUMENT
COMMON,001,PL,DOD-0401413-GG-001-95-90-001,0,DATASHEET FOR LINEPIPE,IFD,WORLEY,DOCUMENT
COMMON,001,PL,DOD-0401413-GG-001-95-90-002,0,DATASHEET FOR FACTORY HOT BENDS,IFD,WORLEY,DOCUMENT
COMMON,001,PL,DOD-0401413-GG-001-95-90-003,0,DATA SHEET FOR PIPELINE LAUNCHERS AND RECEIVERS (SCRAPER TRAPS),IFD,WORLEY,DOCUMENT
COMMON,001,PL,DOD-0401413-GG-001-95-90-005,0,DATASHEET FOR PIPELINE PIGGING TEES,IFD,WORLEY,DOCUMENT
COMMON,001,PL,DOD-0401413-GG-001-95-90-006,0,DATASHEET FOR MONOLITHIC INSULATION JOINT,IFD,WORLEY,DOCUMENT
COMMON,001,PL,DOD-0401413-GG-001-95-90-007,0,DATASHEET FOR PIPELINE BALL VALVES,IFD,WORLEY,DOCUMENT
COMMON,001,PL,DOD-0401413-GG-001-95-90-008,A,DATASHEET FOR ANCHOR FLANGE,ICR,WORLEY,DOCUMENT
COMMON,001,PL,DOD-0401413-GG-001-95-90-009,0,DATASHEET FOR PIPELINE PLUG VALVES,IFD,WORLEY,DOCUMENT
COMMON,001,PL,RPT-0401413-GG-000-00-00-108,0,SITE VISIT REPORT - PIPELINE ROUTE (HABSHAN 4 AND HABSHAN 5),IFI,WORLEY,DOCUMENT
COMMON,001,PL,RPT-0401413-GG-001-95-80-001,0,PIPELINE MECHANICAL DESIGN CALCULATION REPORT,IFD,WORLEY,DOCUMENT
COMMON,001,PL,RPT-0401413-GG-001-95-80-002,0,PIPELINE UPHEAVEL BUCKLING CALCULATION,IFD,WORLEY,DOCUMENT
COMMON,001,PL,RPT-0401413-GG-001-95-80-003,A,PIPELINE STRESS ANALYSIS REPORT,ICR,WORLEY,DOCUMENT
COMMON,001,PL,RPT-0401413-GG-001-95-80-005,0,PIPELINE ROUTE SELECTION REPORT,IFD,WORLEY,DOCUMENT
COMMON,001,PL,RPT-0401413-GG-001-95-80-008,0,PIPELINE PIGGING / SCRAPPING REQUIREMENT STUDY REPORT,IFD,WORLEY,DOCUMENT
COMMON,001,PL,RPT-0401413-GG-001-95-80-010,0,PIPELINE COATING SELECTION REPORT,IFD,WORLEY,DOCUMENT
COMMON,001,PL,RPT-0401413-GG-001-95-80-012,A,PIPELINE ENGINEERING NARRATIVE,ICR,WORLEY,DOCUMENT
COMMON,001,PL,RPT-0401413-GG-001-95-80-013,B,GEOTECHNICAL INVESTIGATION FOR PIPELINE AREA - CO2 RECOVERY AND INJECTION PROJECT,IFA,ACES,DOCUMENT
COMMON,001,PL,RPT-0401413-GG-001-95-80-014,B,TOPOGRAPHICAL & UNDERGROUND DETECTION SURVEY REPORT (PIPELINE ROUTE),IFA,ACES,DOCUMENT
COMMON,001,PL,SOW-0401413-GG-001-95-80-010,0,ROAD AND PAVING DETAILS,IFD,WORLEY,DOCUMENT
COMMON,001,PL,SP-0401413-GG-001-95-37-001,0,SPECIFICATION FOR POLYPROPYLENE COATING SYSTEM OF FITTINGS,IFD,WORLEY,DOCUMENT
COMMON,001,PL,SP-0401413-GG-001-95-37-002,0,SPECIFICATION FOR 3LPP COATING,IFD,WORLEY,DOCUMENT
COMMON,001,PR,0401413-GG-001-00-20-001-001,B,HABSHAN 4 CO2 RECOVERY PROCESS BLOCK FLOW DIAGRAM,IFA,WORLEY,DRAWING
COMMON,001,PR,0401413-GG-001-00-20-001-001,0,HABSHAN 4 CO2 RECOVERY PROCESS BLOCK FLOW DIAGRAM,IFD,WORLEY,DRAWING
COMMON,001,PR,0401413-GG-001-00-20-001-002,B,HABSHAN 5 CO2 RECOVERY PROCESS BLOCK FLOW DIAGRAM,IFA,WORLEY,DRAWING
COMMON,001,PR,0401413-GG-001-00-20-001-002,0,HABSHAN 5 CO2 RECOVERY PROCESS BLOCK FLOW DIAGRAM,IFD,WORLEY,DRAWING
COMMON,001,PR,0401413-GG-001-00-20-100-001,B,HABSHAN 4 CO2 RECOVERY UTILITY BLOCK FLOW DIAGRAMS,IFA,WORLEY,DRAWING
COMMON,001,PR,0401413-GG-001-00-20-100-001,0,HABSHAN 4 CO2 RECOVERY UTILITY BLOCK FLOW DIAGRAMS,IFD,WORLEY,DRAWING
COMMON,001,PR,0401413-GG-001-00-20-100-002,B,HABSHAN 5 CO2 RECOVERY UTILITY BLOCK FLOW DIAGRAMS,IFA,WORLEY,DRAWING
COMMON,001,PR,0401413-GG-001-00-20-100-002,0,HABSHAN 5 CO2 RECOVERY UTILITY BLOCK FLOW DIAGRAMS,IFD,WORLEY,DRAWING
COMMON,001,PR,0401413-GG-001-00-30-001,B,P&ID - HABSHAN CO2 RECOVERY - PIPING SYMBOLS & LEGEND SHEET 1,IDR,WORLEY,DRAWING
COMMON,001,PR,0401413-GG-001-00-30-001-001,C,P&ID - HABSHAN CO2 RECOVERY - PIPING SYMBOLS & LEGEND SHEET 1,IFH,WORLEY,DRAWING
COMMON,001,PR,0401413-GG-001-00-30-001-002,C,P&ID - HABSHAN CO2 RECOVERY - PIPING SYMBOLS & LEGEND SHEET 2,IFH,WORLEY,DRAWING
COMMON,001,PR,0401413-GG-001-00-30-001-003,C,P&ID - HABSHAN CO2 RECOVERY - PIPING SYMBOLS & LEGEND SHEET 3,IFH,WORLEY,DRAWING
COMMON,001,PR,0401413-GG-001-00-30-001-004,D,P&ID - HABSHAN CO2 RECOVERY - PIPING SYMBOLS & LEGEND SHEET 4,IFH,WORLEY,DRAWING
COMMON,001,PR,0401413-GG-001-00-30-001-005,C,P&ID - HABSHAN CO2 RECOVERY - PIPING SYMBOLS & LEGEND SHEET 5,IFH,WORLEY,DRAWING
COMMON,001,PR,0401413-GG-001-00-71-550-001,0,BLOCK FLOW DIAGRAM HABSHAN CO2 RECOVERY AND INJECTION - OVERALL PROCESS SYSTEM BLOCK DIAGRAM,IFT,WORLEY,DRAWING
COMMON,001,PR,041413-GG-001-00-42-501,0,EQUIPMENT LIST (ADDED / MODIFIED EQUIPMENT),IFD,WORLEY,DOCUMENT
COMMON,001,PR,DWG-0401413-GG-001-00-71-551,1,"HEAT AND MATERIAL BALANCE (SUSTAINABLE/TH-B & BUHASA TECHNICAL RATE, 2024 WINTER, MIXED MODE OPERATION)",IFU,WORLEY,DOCUMENT
COMMON,001,PR,DWG-0401413-GG-001-00-71-552,0,HEAT AND MATERIAL BALANCE (DEFINE),IFT,WORLEY,DOCUMENT
COMMON,001,PR,LST-0401413-GG-001-00-42-501,0,EQUIPMENT LIST - COMBINED HABSHAN 4 AND HABSHAN 5,IFT,WORLEY,DOCUMENT
COMMON,001,PR,LST-0401413-GG-001-00-42-502,0,HABSHAN 4 + HABSHAN 5 COMBINED - LINE LIST,IFT,WORLEY,DOCUMENT
COMMON,001,PR,LST-0401413-GG-001-00-42-503,B,TIE-IN LIST,IFA,WORLEY,DOCUMENT
COMMON,001,PR,PHL-0401413-GG-001-00-11-001,0,"ISOLATION, VENT AND DRAIN PHILOSOPHY",IFT,WORLEY,DOCUMENT
COMMON,001,PR,PHL-0401413-GG-001-00-11-002,0,OPERATING & CONTROL PHILOSOPHY FOR HABSHAN 4 & HABSHAN 5,IFT,WORLEY,DOCUMENT
COMMON,001,PR,PHL-0401413-GG-001-00-11-003,0,"OVER PRESSURE PROTECTION,RELIEF AND DEPRESSURIZATION PHILOSOPHY",IFT,WORLEY,DOCUMENT
COMMON,001,PR,PHL-0401413-GG-001-00-11-006,0,ESD PHILOSOPHY,IFT,WORLEY,DOCUMENT
COMMON,001,PR,PHL-0401413-GG-001-00-11-007,0,DEMOLITION PHILOSOPHY,IFT,WORLEY,DOCUMENT
COMMON,001,PR,PHL-0401413-GG-001-00-11-008,B,PRE-COMMISSIONING & COMMISSIONING PHILOSOPHY,IFA,WORLEY,DOCUMENT
COMMON,001,PR,RPT-0401413-GG-001-00-00-001,0,PROCESS DESCRIPTION (DEFINE),IFT,WORLEY,DOCUMENT
COMMON,001,PR,RPT-0401413-GG-001-00-60-003,0,TECHNOLOGY SCREENING & SELECTION REPORT,IFD,WORLEY,DOCUMENT
COMMON,001,PR,RPT-0401413-GG-001-00-60-004,0,PROCESS ADEQUACY ASSESSMENT REPORT,IFD,WORLEY,DOCUMENT
COMMON,001,PR,RPT-0401413-GG-001-00-60-005,0,UTILITY ADEQUACY ASSESSMENT REPORT,IFD,WORLEY,DOCUMENT
COMMON,001,PR,RPT-0401413-GG-001-00-60-008,0,UTILITY SUPPORT STUDY,IFD,WORLEY,DOCUMENT
COMMON,001,PR,RPT-0401413-GG-001-00-60-011,0,PROCESS DESIGN CRITERIA - ADDENDUM TO DGS,IFT,WORLEY,DOCUMENT
COMMON,001,PR,RPT-0401413-GG-001-00-60-012,1,PROCESS DESIGN BASIS (DEFINE),IFT,WORLEY,DOCUMENT
COMMON,001,PR,RPT-0401413-GG-001-00-60-013,0,UTILITY DESIGN BASIS (DEFINE),IFT,WORLEY,DOCUMENT
COMMON,001,PR,RPT-0401413-GG-001-00-60-014,B,HABSHAN 4 AND 5 UTILITY CONSUMPTION SUMMARY,IFA,WORLEY,DOCUMENT
COMMON,001,PR,RPT-0401413-GG-001-00-60-015,B,CHEMICAL CONSUMPTION SUMMARY - COMBINED HABSHAN 4 AND HABSHAN 5,IFA,WORLEY,DOCUMENT
COMMON,001,PR,RPT-0401413-GG-001-00-60-017,A,EMISSION AND EFFLUENT SUMMARY - COMBINED HABSHAN 4 AND HABSHAN 5,ICR,WORLEY,DOCUMENT
COMMON,001,PR,RPT-0401413-GG-001-00-60-018,B,PROCESS ADEQUACY REPORT,IFA,WORLEY,DOCUMENT
COMMON,001,PR,RPT-0401413-GG-001-00-60-019,0,UTILITY ADEQUACY REPORT (DEFINE),IFT,WORLEY,DOCUMENT
COMMON,001,PR,RPT-0401413-GG-001-00-60-022 ,B,HABSHAN 4 COS HYDROLYSIS PACKAGE (190-ME-105) - PROCESS DUTY SPECIFICATION DATASHEET ,IFA,WORLEY,DOCUMENT
COMMON,001,PR,RPT-0401413-GG-001-00-60-025 ,B,HABSHAN 5 COS HYDROLYSIS PACKAGE (515-ME-103) - PROCESS DUTY SPECIFICATION DATASHEET ,IFA,WORLEY,DOCUMENT
COMMON,001,PR,RPT-0401413-GG-001-00-60-027,0,PROCESS SIMULATION REPORT (DEFINE),IFT,WORLEY,DOCUMENT
COMMON,001,PR,RPT-0401413-GG-001-00-60-030,1,PROCESS SIMULATION REPORT (HABSHAN DEBOTTLENECKING STUDY),IFU,WORLEY,DOCUMENT
COMMON,001,PR,RPT-0401413-GG-001-00-60-031,2,PROCESS ADEQUACY REPORT (HABSHAN DEBOTTLENECKING STUDY),IFU,WORLEY,DOCUMENT
COMMON,001,PR,RPT-0401413-GG-001-00-60-032,0,PROCESS SAFEGUARDING NARRATIVE,IFT,WORLEY,DOCUMENT
COMMON,001,PR,RPT-0401413-GG-001-00-60-033,0,DEPRESSURIZATION STUDY REPORT,IFT,WORLEY,DOCUMENT
COMMON,001,PR,RPT-0401413-GG-001-00-60-034,0,FLARE ADEQUACY REPORT,IFT,WORLEY,DOCUMENT
COMMON,001,PR,RPT-0401413-GG-001-00-60-035,0,STEADY STATE HYDRAULIC REPORT FOR CO2 PIPELINE (DEFINE),IFT,WORLEY,DOCUMENT
COMMON,001,PR,RPT-0401413-GG-001-50-00-010,0,ENERGY REVIEW REPORT (CONCEPT DESIGN),IFD,WORLEY,DOCUMENT
COMMON,001,PR,RPT-0401413-GG-001-50-44-004,0,OPTION CATALOUGE,IFD,WORLEY,DOCUMENT
COMMON,001,PR,RPT-0401413-GG-001-50-44-013,A,ENERGY REVIEW REPORT (DEFINE),ICR,WORLEY,DOCUMENT
COMMON,001,QA,RPT-0401413-GG-001-51-00-100,1,PROJECT QUALITY PLAN,IFD,WORLEY,DOCUMENT
COMMON,001,SR,PP-0401413-GG-001-61-00-005,0,HAZOP TERMS OF REFERENCE,IFD,WORLEY,DOCUMENT
COMMON,001,SR,PP-0401413-GG-001-61-00-006,0,SIL CLASSIFICATION TERMS OF REFERENCE,IFD,WORLEY,DOCUMENT
COMMON,001,SR,PP-0401413-GG-001-61-00-007,A,SIMOPS & CONSTRUCTABILITY REVIEW TERMS OF REFERENCE,ICR,WORLEY,DOCUMENT
COMMON,001,SR,PP-0401413-GG-001-61-00-008,1,HAZID ENVID OHID TERMS OF REFERENCE,IFD,WORLEY,DOCUMENT
COMMON,001,SR,PP-0401413-GG-001-61-00-009,0,ISD REVIEW TERMS OF REFERENCE,IFD,WORLEY,DOCUMENT
COMMON,001,SR,PP-0401413-GG-001-61-00-010,0,QRA ASSUMPTIONS REGISTER,IFD,WORLEY,DOCUMENT
COMMON,001,SR,PP-0401413-GG-001-61-00-011,B,RAM STUDY ASSUMPTION REGISTER,IFA,WORLEY,DOCUMENT
COMMON,001,SR,PP-0401413-GG-001-61-00-012,0,NOISE STUDY ASSUMPTIONS REGISTER,IFT,WORLEY,DOCUMENT
COMMON,001,SR,PP-0401413-GG-001-61-00-013,0,FIRE AND GAS MAPPING STUDY ASSUMPTION REGISTER,IFT,WORLEY,DOCUMENT
COMMON,001,SR,RPT-0401413-GG-001-61-00-001,0,HSE PLAN (DEFINE STAGE),IFD,WORLEY,DOCUMENT
COMMON,001,SR,RPT-0401413-GG-001-61-11-002,0,HSE PHILOSOPHY (DEFINE STAGE),IFD,WORLEY,DOCUMENT
COMMON,001,SR,RPT-0401413-GG-001-61-11-022,0,FIRE PROTECTION AND DETECTION PHILOSOPHY,IFD,WORLEY,DOCUMENT
COMMON,001,SR,RPT-0401413-GG-001-61-22-002,0,HAZID / ENVID / OHID REPORT,IFD,WORLEY,DOCUMENT
COMMON,001,SR,RPT-0401413-GG-001-61-22-003,0,HAZID ENVID OHID CLOSEOUT REPORT,IFD,WORLEY,DOCUMENT
COMMON,001,SR,RPT-0401413-GG-001-61-22-004,0,HSEIA SCREENING REPORT,IFD,WORLEY,DOCUMENT
COMMON,001,SR,RPT-0401413-GG-001-61-22-020,0,TECHNICAL BID EVALUATION REPORT FOR SAFETY STUDIES (DEFINE STAGE),IFA,WORLEY,DOCUMENT
COMMON,001,SR,RPT-0401413-GG-001-61-22-021,A,NOISE STUDY REPORT,ICR,WORLEY,DOCUMENT
COMMON,001,SR,RPT-0401413-GG-001-61-22-022,0,VENT DISPERSION STUDY,IFT,WORLEY,DOCUMENT
COMMON,001,SR,RPT-0401413-GG-001-61-22-023,0,ISD REVIEW REPORT,IFD,WORLEY,DOCUMENT
COMMON,001,SR,RPT-0401413-GG-001-61-55-001,0,HAZARDOUS AREA CLASSIFICATION SCHEDULE,IFT,WORLEY,DOCUMENT
COMMON,001,SR,RPT-0401413-GG-001-61-66-001,0,HSE ACTION TRACKING REGISTER,IFD,WORLEY,DOCUMENT
COMMON,001,SR,SOW-0401413-GG-001-61-11-050,0,SCOPE OF WORK FOR SAFETY STUDIES (DEFINE STAGE),IFD,WORLEY,DOCUMENT
COMMON,001,SR,SP-0401413-GG-001-19-33-001,0,FIRE SUPPRESSION SYSTEM TECHNICAL SPECIFICATION,IFD,WORLEY,DOCUMENT
COMMON,001,SR,SP-0401413-GG-001-19-33-002,0,FIREFIGHTING AND SAFETY EQUIPMENT SPECIFICATION,IFT,WORLEY,DOCUMENT
COMMON,001,SR,SPP-0401413-GG-001-61-44-001,0,FIREFIGHTING AND SAFETY EQUIPMENT DATASHEET,IFT,WORLEY,DOCUMENT
COMMON,001,SR,SPP-0401413-GG-001-61-44-002,0,FIRE SUPPRESSION SYSTEM DATASHEET,IFD,WORLEY,DOCUMENT
COMMON,300,TE,0401413-300-1531-001,B,OVERALL FIBER OPTIC NETWORK BLOCK DIAGRAM,IFA,WORLEY,DRAWING
COMMON,001,TE,0401413-ADD-1532-003,0,CCTV SYSTEM - ADDENDUM TO DGS,IFD,WORLEY,DOCUMENT
COMMON,001,TE,0401413-ADD-1532-004,0,TELEPHONE SYSTEM - ADDENDUM TO DGS,IFD,WORLEY,DOCUMENT
COMMON,001,TE,DOD-0401413-GG-0001-15-00-004,0,TELECOMMUNICATIONS DESIGN BASIS,IFD,WORLEY,DOCUMENT
COMMON,001,TE,RPT-0401413-GG-001-15-89-011,0,SITE VISIT REPORT - TELECOMMUNICATIONS (HABSHAN 4 & HABSHAN 5),IFI,WORLEY,DOCUMENT
COMMON,001,TE,SPP-0401413-GG-001-15-22-001,0,DATASHEET FOR TELEPHONE SYSTEM,IFD,WORLEY,DOCUMENT
COMMON,001,TE,SPP-0401413-GG-001-15-22-002,0,DATASHEET FOR DATA NETWORK/ SCS SYSTEM,IFD,WORLEY,DOCUMENT
COMMON,001,TE,SPP-0401413-GG-001-15-22-003,0,DATASHEET FOR CCTV SYSTEM,IFD,WORLEY,DOCUMENT
COMMON,001,TE,SPP-0401413-GG-001-15-22-004,0,DATASHEET FOR PAGA SYSTEM,IFD,WORLEY,DOCUMENT
COMMON,001,TE,SPP-0401413-GG-001-15-22-006,0,DATASHEET FOR ACCESS CONTROL SYSTEM,IFD,WORLEY,DOCUMENT
COMMON,001,TE,SPP-0401413-GG-001-15-22-007,0,DATASHEET FOR RADIO COMMUNICATION SYSTEM,IFD,WORLEY,DOCUMENT
COMMON,001,TE,SPP-0401413-GG-001-15-22-008,0,DATASHEET FOR FOC/ OSP SYSTEM,IFD,WORLEY,DOCUMENT
H4,190,AR,0401413-H4-190-20-12-001,B,HABSHAN 4 - UNIT 190 SUBSTATION 32 - ARCHITECTURAL PLAN-1,IFA,WORLEY,DRAWING
H4,190,AR,0401413-H4-190-20-12-002,B,HABSHAN 4 - UNIT 190 SUBSTATION 32 - ARCHITECTURAL PLAN-2,IFA,WORLEY,DRAWING
H4,190,AR,0401413-H4-190-20-12-003,B,HABSHAN 4 - UNIT 190 SUBSTATION 32 - ARCHITECTURAL PLAN-3,IFA,WORLEY,DRAWING
H4,190,AR,0401413-H4-190-20-12-004,B,HABSHAN 4 - UNIT 190 SUBSTATION 32 - ARCHITECTURAL PLAN-4,IFA,WORLEY,DRAWING
H4,190,AR,0401413-H4-190-20-12-005,B,HABSHAN 4 - UNIT 190 SUBSTATION 32 - ARCHITECTURAL PLAN-5,IFA,WORLEY,DRAWING
H4,190,AR,0401413-H4-190-20-12-006,B,HABSHAN 4 - UNIT 190 SUBSTATION 32 - ARCHITECTURAL PLAN-6,IFA,WORLEY,DRAWING
H4,190,AR,0401413-H4-190-20-12-011,B,H4 LP CO2 COMPRESSOR SHED - ARCHITECTURAL PLAN-1,IFA,WORLEY,DRAWING
H4,190,AR,0401413-H4-190-20-12-012,B,H4 LP CO2 COMPRESSOR SHED - ARCHITECTURAL PLAN-2,IFA,WORLEY,DRAWING
H4,190,AR,0401413-H4-190-20-12-013,B,H4 LP CO2 COMPRESSOR SHED - ELEVATIONS,IFA,WORLEY,DRAWING
H4,190,AR,0401413-H4-190-20-12-014,B,H4 LP CO2 COMPRESSOR SHED - SECTIONS,IFA,WORLEY,DRAWING
H4,190,AR,0401413-H4-190-20-12-021,A,H4 REFRIGERATION COMPRESSOR SHELTER - ARCHITECTURAL PLAN-1,ICR,WORLEY,DRAWING
H4,190,AR,0401413-H4-190-20-12-021,B,WATER CHILLING PACKAGE SHED - ARCHITECTURAL PLAN-1,IFA,WORLEY,DRAWING
H4,190,AR,0401413-H4-190-20-12-022,B,WATER CHILLING PACKAGE SHED - ARCHITECTURAL PLAN-2,IFA,WORLEY,DRAWING
H4,190,AR,0401413-H4-190-20-12-023,B,WATER CHILLING PACKAGE SHED - ARCHITECTURAL ELEVATIONS,IFA,WORLEY,DRAWING
H4,190,AR,0401413-H4-190-20-12-024,B,WATER CHILLING PACKAGE SHED - ARCHITECTURAL ELEVATIONS,IFA,WORLEY,DRAWING
H4,190,AR,0401413-H4-190-20-12-025,B,WATER CHILLING PACKAGE SHED - ARCHITECTURAL SECTIONS,IFA,WORLEY,DRAWING
H4,190,AR,0401413-H4-190-20-12-031,B,BLOWER SHED - ARCHITECTURAL PLAN-1,IFA,WORLEY,DRAWING
H4,190,AR,0401413-H4-190-20-12-032,B,BLOWER SHED - ARCHITECTURAL ELEVATIONS,IFA,WORLEY,DRAWING
H4,190,AR,0401413-H4-190-20-12-033,B,BLOWER SHED - ARCHITECTURAL SECTIONS,IFA,WORLEY,DRAWING
H4,001,CI,0401413-H4-001-17-13-113,A,HABSHAN-4 PIPELINE ANCHOR BLOCK DETAILS,ICR,WORLEY,DRAWING
H4,133,CI,0401413-H4-133-17-23-011,0,LEAN AMINE CHILLER (133-E-111 A/B/C/D) SUPPORT STRUCTURE - FOUNDATION LAYOUT AND DETAILS,IFT,WORLEY,DRAWING
H4,133,CI,0401413-H4-133-18-13-011,0,LEAN AMINE CHILLER (133-E-111 A/B/C/D) SUPPORT STRUCTURE - STRUCTURAL PLANS AND BASE PLATE DETAIL,IFT,WORLEY,DRAWING
H4,133,CI,0401413-H4-133-18-13-012,0,LEAN AMINE CHILLER (133-E-111 A/B/C/D) SUPPORT STRUCTURE - STRUCTURAL ELEVATIONS,IFT,WORLEY,DRAWING
H4,133,CI,0401413-H4-133-18-13-013,0,LEAN AMINE CHILLER (133-E-111 A/B/C/D) SUPPORT STRUCTURE - STRUCTURAL ELEVATIONS,IFT,WORLEY,DRAWING
H4,190,CI,0401413-H4-190-17-12-031,B,DRAIN DRUM SUMP (190-V-112 & 190-V-119) - PLAN AND DETAILS,IFA,WORLEY,DRAWING
H4,190,CI,0401413-H4-190-17-12-032,B,CO2 RECOVERY HABSHAN - UNIT 190 - SITE GRADING PLAN AND DETAILS,IFA,WORLEY,DRAWING
H4,190,CI,0401413-H4-190-17-23-031,A,CO2 RECOVERY UNIT 190 TYPICAL PIPE RACK - FOUNDATION DETAILS,ICR,WORLEY,DRAWING
H4,190,CI,0401413-H4-190-17-23-041,0,VERTICAL VESSELS - FOUNDATION PLAN AND DETAILS,IFT,WORLEY,DRAWING
H4,190,CI,0401413-H4-190-17-23-042,0,PUMP FOUNDATION - PLAN AND DETAILS,IFT,WORLEY,DRAWING
H4,190,CI,0401413-H4-190-17-23-044,B,FOUNDATION PLAN AND DETAILS - TANK AND DYKE WALL,IFA,WORLEY,DRAWING
H4,190,CI,0401413-H4-190-17-23-045,0,TEG PACKAGE (190-ME-101) - FOUNDATION LAYOUT,IFT,WORLEY,DRAWING
H4,190,CI,0401413-H4-190-17-23-046,B,SCRAPPER LAUNCHER (190-V-118) - FOUNDATION PLAN AND DETAILS,IFA,WORLEY,DRAWING
H4,190,CI,0401413-H4-190-17-23-047,A,CO2 COMPRESSOR PACKAGE (190-ME-104) FOUNDATION DETAILS,IFA,WORLEY,DRAWING
H4,190,CI,0401413-H4-190-17-23-048,A,WATER CHILLER PACKAGE (190-ME-103) FOUNDATION DETAILS,IFA,WORLEY,DRAWING
H4,190,CI,0401413-H4-190-17-23-049,A,ACID GAS BLOWER (133-B-101) FOUNDATION DETAILS,IFA,WORLEY,DRAWING
H4,190,CI,0401413-H4-190-17-23-051,0,TEG PACKAGE (190-ME-101) - FOUNDATION DETAILS,IFT,WORLEY,DRAWING
H4,190,CI,0401413-H4-190-17-23-061,B,CO2 RECOVERY UNIT 190 - LP CO2 COMPRESSOR SHED - FOUNDATION PLAN AND DETAILS,IFA,WORLEY,DRAWING
H4,190,CI,0401413-H4-190-17-23-062,B,CO2 RECOVERY UNIT 190 WATER CHILLING PACKAGE SHED - FOUNDATION PLAN AND DETAILS,IFA,WORLEY,DRAWING
H4,190,CI,0401413-H4-190-17-23-063,B,CO2 RECOVERY UNIT 190 ACID GAS BLOWER SHED - FOUNDATION PLAN AND DETAILS,IFA,WORLEY,DRAWING
H4,190,CI,0401413-H4-190-17-31-001,B,"HABSHAN 4 UNIT-190 - ROAD, PAVING AND UNDERGROUND SERVICES - KEY PLAN",IFA,WORLEY,DRAWING
H4,190,CI,0401413-H4-190-17-31-011,B,"HABSHAN 4 UNIT-190 - ROAD, PAVING AND UNDERGROUND SERVICES - GA LAYOUT 1",IFA,WORLEY,DRAWING
H4,190,CI,0401413-H4-190-17-31-012,B,"HABSHAN 4 UNIT-190 - ROAD, PAVING AND UNDERGROUND SERVICES - GA LAYOUT 2",IFA,WORLEY,DRAWING
H4,190,CI,0401413-H4-190-17-31-013,B,"HABSHAN 4 UNIT-190 - ROAD, PAVING AND UNDERGROUND SERVICES - SECTIONS",IFA,WORLEY,DRAWING
H4,190,CI,0401413-H4-190-17-31-030,A,KEYPLAN & BENCHMARK LAYOUT FOR HABSHAN 4,ICR,ACES,DRAWING
H4,190,CI,0401413-H4-190-17-31-031,A,TOPOGRAPHIC & UNDERGROUND DETECTION SURVEY -  HABSHAN-4 UNIT-190 (NAHRWAN SYSTEM),ICR,ACES,DRAWING
H4,190,CI,0401413-H4-190-17-31-032,A,TOPOGRAPHIC & UNDERGROUND DETECTION SURVEY - KEY PLAN - HABSHAN-4 UNIT-190 (WGS-84 SYSTEM),ICR,ACES,DRAWING
H4,190,CI,0401413-H4-190-17-31-033,A,TOPOGRAPHIC & UNDERGROUND DETECTION SURVEY - HABSHAN-4 UNIT-190 (WGS-84 SYSTEM),ICR,ACES,DRAWING
H4,190,CI,0401413-H4-190-17-33-031,A,KEYPLAN & BENCHMARK LAYOUT FOR HABSHAN 4,ICR,ACES,DRAWING
H4,190,CI,0401413-H4-190-18-13-011,A,CO2 RECOVERY UNIT 190 TYPICAL PIPE RACK - STRUCTURAL PLANS,ICR,WORLEY,DRAWING
H4,190,CI,0401413-H4-190-18-13-012,A,CO2 RECOVERY UNIT 190 TYPICAL PIPE RACK - STRUCTURAL ELEVATIONS,ICR,WORLEY,DRAWING
H4,190,CI,0401413-H4-190-18-13-013,A,CO2 RECOVERY UNIT 190 PIPE BRIDGE - STRUCTURAL PLANS,ICR,WORLEY,DRAWING
H4,190,CI,0401413-H4-190-18-13-014,A,CO2 RECOVERY UNIT 190 PIPE BRIDGE - STRUCTURAL ELEVATIONS,ICR,WORLEY,DRAWING
H4,190,CI,0401413-H4-190-18-13-031,B,CO2 RECOVERY UNIT 190 - LP CO2 COMPRESSOR SHED - PLAN AT BASE PLATE LEVEL,IFA,WORLEY,DRAWING
H4,190,CI,0401413-H4-190-18-13-032,B,CO2 RECOVERY UNIT 190 - LP CO2 COMPRESSOR SHED - PLAN AT GANTRY LEVEL,IFA,WORLEY,DRAWING
H4,190,CI,0401413-H4-190-18-13-033,B,CO2 RECOVERY UNIT 190 - LP CO2 COMPRESSOR SHED - PLAN AT RAFTER LEVEL,IFA,WORLEY,DRAWING
H4,190,CI,0401413-H4-190-18-13-034,B,CO2 RECOVERY UNIT 190 - LP CO2 COMPRESSOR SHED - PLAN AT ROOF LEVEL,IFA,WORLEY,DRAWING
H4,190,CI,0401413-H4-190-18-13-035,B,CO2 RECOVERY UNIT 190 - LP CO2 COMPRESSOR SHELTER - ELEVATION ON GRID 1 & 6,IFA,WORLEY,DRAWING
H4,190,CI,0401413-H4-190-18-13-036,B,"CO2 RECOVERY UNIT 190 - LP CO2 COMPRESSOR SHED - ELEVATION ON GRID 2, 3, 4 & 5",IFA,WORLEY,DRAWING
H4,190,CI,0401413-H4-190-18-13-037,B,CO2 RECOVERY UNIT 190 - LP CO2 COMPRESSOR SHED - ELEVATION ON GRID A & B,IFA,WORLEY,DRAWING
H4,190,CI,0401413-H4-190-18-13-041,B,CO2 RECOVERY UNIT 190 WATER CHILLING PACKAGE SHED - PLAN AT BASE PLATE LEVEL,IFA,WORLEY,DRAWING
H4,190,CI,0401413-H4-190-18-13-042,B,CO2 RECOVERY UNIT 190 WATER CHILLING PACKAGE SHED - PLAN AT GANTRY LEVEL,IFA,WORLEY,DRAWING
H4,190,CI,0401413-H4-190-18-13-043,B,CO2 RECOVERY UNIT 190 WATER CHILLING PACKAGE SHED - PLAN AT ROOF LEVEL,IFA,WORLEY,DRAWING
H4,190,CI,0401413-H4-190-18-13-044,B,"CO2 RECOVERY UNIT 190 WATER CHILLING PACKAGE SHED - ELEVATION ON GRID 1 TO 11, A & E",IFA,WORLEY,DRAWING
H4,190,CI,0401413-H4-190-18-13-051,B,CO2 RECOVERY UNIT 190 ACID GAS BLOWER SHED - PLANS AND BASE PLATE DETAIL,IFA,WORLEY,DRAWING
H4,190,CI,0401413-H4-190-18-13-052,B,CO2 RECOVERY UNIT 190 ACID GAS BLOWER SHED - ELEVATIONS AND SECTION,IFA,WORLEY,DRAWING
H4,190,CI,0401413-H4-190-20-13-001,B,HABSHAN-4 AT SUBSTATION 32 STRUCTURAL FLOOR PLAN,IFA,WORLEY,DRAWING
H4,190,CI,0401413-H4-190-20-13-002,B,H4 SUBSTATION 32 STRUCTURAL ROOF PLAN,IFA,WORLEY,DRAWING
H4,190,CI,0401413-H4-190-20-13-003,B,HABSHAN-4 AT SUBSTATION 32 SECTIONS,IFA,WORLEY,DRAWING
H4,190,CI,0401413-H4-190-20-13-004,A,HABSHAN-4 AT SUBSTATION 32 STRUCTURAL GROUND FLOOR,ICR,WORLEY,DRAWING
H4,190,CI,0401413-H4-190-20-23-001,B,HABSHAN-4 AT SUBSTATION 32 RC FOUNDATION LAYOUT & DETAILS,IFA,WORLEY,DRAWING
H4,377,CI,0401413-H4-377-17-23-001,A,CO2 RECOVERY UNIT (PR 377) RR02 LOOP STRUCTURE - FOUNDATION PLAN AND DETAILS,ICR,WORLEY,DRAWING
H4,377,CI,0401413-H4-377-18-13-001,A,CO2 RECOVERY UNIT 377 (JR01) EXISTING STRUCTURE MODIFICATIONS - PLAN AND ELEVATIONS,ICR,WORLEY,DRAWING
H4,377,CI,0401413-H4-377-18-13-002,A,CO2 RECOVERY UNIT 377 (RR02) EXISTING STRUCTURE MODIFICATIONS - PLANS,ICR,WORLEY,DRAWING
H4,377,CI,0401413-H4-377-18-13-003,A,CO2 RECOVERY UNIT 377 (RR02) EXISTING STRUCTURE MODIFICATIONS - ELEVATIONS,ICR,WORLEY,DRAWING
H4,377,CI,0401413-H4-377-18-13-004,A,CO2 RECOVERY UNIT 377 (IR03) EXISTING STRUCTURE MODIFICATIONS - PLAN AND ELEVATIONS,ICR,WORLEY,DRAWING
H4,133,CI,DC-0401413-H4-133-17-22-002,0,DESIGN CALCULATION - HABSHAN-4 LEAN AMINE CHILLER (133-E-111 A/B/C/D) SUPPORT STRUCTURE,IFT,WORLEY,DOCUMENT
H4,190,CI,DC-0401413-H4-190-17-22-002,A,HABSHAN-4 (UNIT 190) PIPE RACK STRUCTURAL AND FOUNDATIONS CALCULATIONS,ICR,WORLEY,DOCUMENT
H4,190,CI,DC-0401413-H4-190-17-22-003,B,HABSHAN-4 DESIGN CALCULATION FOR SHELTERS,IFA,WORLEY,DOCUMENT
H4,190,CI,DC-0401413-H4-190-17-22-004,0,DESIGN CALCULATION - HABSHAN-4 VERTICAL VESSEL FOUNDATION,IFT,WORLEY,DOCUMENT
H4,190,CI,DC-0401413-H4-190-17-22-006,0,DESIGN CALCULATION HABSHAN-4 - TEG PACKAGE (190-ME-101) FOUNDATION,IFT,WORLEY,DOCUMENT
H4,190,CI,DC-0401413-H4-190-17-22-007,B,TANK FOUNDATIONS AND DYKE WALL DESIGN,IFA,WORLEY,DOCUMENT
H4,190,CI,DC-0401413-H4-190-17-22-008,A,DESIGN CALCULATION HABSHAN-4 FOUNDATION FOR EQUIPMENT PACKAGES 190-ME-103 / 190-ME-104 / 133-B-101,IFA,WORLEY,DOCUMENT
H4,190,CI,DC-0401413-H4-190-17-22-009,0,DESIGN CALCULATION - HABSHAN-4 UNIT-190 PUMP FOUNDATIONS,IFT,WORLEY,DOCUMENT
H4,190,CI,DC-0401413-H4-190-17-22-010,B,HABSHAN-4 DRAINAGE NETWORK DESIGN AND ADEQUACY CHECK,IFA,WORLEY,DOCUMENT
H4,190,CI,DC-0401413-H4-190-20-22-001,B,DESIGN CALCULATION OF HABSHAN 4 SUBSTATION 32,IFA,WORLEY,DOCUMENT
H4,377,CI,DC-0401413-H4-377-17-22-001,A,DESIGN CALCULATION - HABSHAN-4 UNIT 377 PROPOSED STRUCTURAL MODIFICATION OF EXISTING PIPERACK PR 377,ICR,WORLEY,DOCUMENT
H4,001,CI,RPT-0401413-H4-001-13-75-001,A,3D MODEL REVIEW CLOSE OUT REPORT (50%) - HABSHAN-4,ICR,WORLEY,DOCUMENT
H4,001,CI,RPT-0401413-H4-001-14-17-021,A,TOPOGRAPHIC AND UNDERGROUND DETECTION SURVEY REPORT - HABSHAN-4 UNIT 190,ICR,ACES,DOCUMENT
H4,001,CI,RPT-0401413-H4-001-17-17-001,0,HABSHAN-4 SITE VISIT REPORT - CIVIL AND STRUCTURAL,IFI,WORLEY,DOCUMENT
H4,001,EL,0401413-H4-000-16-33-001,0,OVERALL SINGLE LINE DIAGRAM,IFD,WORLEY,DRAWING
H4,001,EL,0401413-H4-000-16-33-002,0,SINGLE LINE DIAGRAM - SUBSTATION 300 33KV SWITCHBOARD 380-EE-001,IFD,WORLEY,DRAWING
H4,001,EL,0401413-H4-000-16-33-008,0,SINGLE LINE DIAGRAM 110V DC UPS (HABSHAN 4),IFD,WORLEY,DRAWING
H4,001,EL,0401413-H4-001-16-36-011,B,"ECS, LV IPCS ARCHITECTURE DIAGRAM - SUBSTATION-32",IFD,WORLEY,DRAWING
H4,001,EL,0401413-H4-001-16-60-001,0,CABLE ROUTING LAYOUT (SUBSTATION 300 TO SUBSTATION 32),IFD,WORLEY,DRAWING
H4,001,EL,0401413-H4-001-16-60-200,B,EQUIPMENT LAYOUT - SUBSTATION 32,IFA,WORLEY,DRAWING
H4,001,EL,0401413-H4-001-16-60-204,0,SUBSTATION 300 AND 220KV SWITCHYARD EQUIPMENT LAYOUT,IFD,WORLEY,DRAWING
H4,190,EL,0401413-H4-190-16-33-003,1,KEY SINGLE LINE DIAGRAM - SUBSTATION 32,IFD,WORLEY,DRAWING
H4,190,EL,0401413-H4-190-16-33-004,0,METERING AND PROTECTION SLD FOR 33KV SWITCHGEAR SS-32 (80-EE-3201),IFD,WORLEY,DRAWING
H4,190,EL,0401413-H4-190-16-33-005,0,METERING AND PROTECTION SLD FOR 11KV SWITCHGEAR (80-EE-3202),IFD,WORLEY,DRAWING
H4,190,EL,0401413-H4-190-16-33-006,0,415V SWITCHGEAR SINGLE LINE DIAGRAM (80-EE-3203),IFD,WORLEY,DRAWING
H4,190,EL,0401413-H4-190-16-33-007,0,415V SWITCHGEAR SINGLE LINE DIAGRAM (80-EE-3204),IFD,WORLEY,DRAWING
H4,001,EL,DOD-0401413-H4-001-16-31-002,0,ELECTRICAL HEAT TRACING SYSTEM SCHEDULE (HABSHAN-4),IFD,WORLEY,DOCUMENT
H4,001,EL,DOD-0401413-H4-001-16-31-003,0,ELECTRICAL TIE-IN SCHEDULES (HABSHAN-4),IFD,WORLEY,DOCUMENT
H4,001,EL,DOD-0401413-H4-001-16-34-001,0,HABSHAN-4 ELECTRICAL LOAD LIST,IFD,WORLEY,DOCUMENT
H4,001,EL,DOD-0401413-H4-001-16-34-002,B,ELECTRICAL EQUIPMENT LIST (HABSHAN-4),IFA,WORLEY,DOCUMENT
H4,001,EL,DOD-0401413-H4-001-16-34-003,0,HABSHAN-4 I/O LIST FOR IPCS (TYPICAL),IFD,WORLEY,DOCUMENT
H4,001,EL,DOD-0401413-H4-001-16-35-002,A,EMERGENCY DIESEL GENERATOR SIZING CALCULATION (HABSHAN-4),ICR,WORLEY,DOCUMENT
H4,001,EL,DOD-0401413-H4-001-16-35-004,0,NEUTRAL EARTHING RESISTOR SIZING CALCULATION (HABSHAN-4),IFD,WORLEY,DOCUMENT
H4,001,EL,DOD-0401413-H4-001-16-35-005,0,DC UPS SIZING CALCULATIONS (HABSHAN-4),IFD,WORLEY,DOCUMENT
H4,001,EL,DOD-0401413-H4-001-16-35-006,B,CABLE SIZING CALCULATION (HABSHAN-4),IFA,WORLEY,DOCUMENT
H4,001,EL,DOD-0401413-H4-001-16-35-008,0,HABSHAN-4 EARTHING & LIGHTNING PROTECTION CALCULATION,IFD,WORLEY,DOCUMENT
H4,001,EL,DOD-0401413-H4-001-16-38-001,0,DATA SHEET FOR POWER TRANSFORMER (HABSHAN-4),IFD,WORLEY,DOCUMENT
H4,001,EL,DOD-0401413-H4-001-16-38-002,0,DATA SHEET FOR DISTRIBUTION TRANSFORMER,IFD,WORLEY,DOCUMENT
H4,001,EL,DOD-0401413-H4-001-16-38-003,0,DATASHEET FOR 11KV HV AIR INSULATED SWITCHGEAR (HABSHAN-4),IFD,WORLEY,DOCUMENT
H4,001,EL,DOD-0401413-H4-001-16-38-004,0,DATASHEET FOR LV SWITCHGEAR (HABSHAN-4),IFD,WORLEY,DOCUMENT
H4,001,EL,DOD-0401413-H4-001-16-38-008,0,DATASHEET FOR DISTRIBUTION BOARDS (HABSHAN-4),IFD,WORLEY,DOCUMENT
H4,001,EL,DOD-0401413-H4-001-16-38-009,0,DATASHEET FOR DC UPS (HABSHAN-4),IFD,WORLEY,DOCUMENT
H4,001,EL,DOD-0401413-H4-001-16-38-013,0,HABSHAN-4 DATASHEET FOR NEUTRAL GROUNDING RESISTOR,IFD,WORLEY,DOCUMENT
H4,001,EL,DOD-0401413-H4-001-16-38-014,0,DATASHEET FOR HEAT TRACING SYSTEM (HABSHAN-4),IFD,WORLEY,DOCUMENT
H4,001,EL,DOD-0401413-H4-001-16-38-016,1,HABSHAN-4 DATASHEET FOR LV BUSDUCT,IFD,WORLEY,DOCUMENT
H4,001,EL,DOD-0401413-H4-001-16-38-017,0,DATA SHEET FOR MV BUS DUCT (HABSHAN-4),IFD,WORLEY,DOCUMENT
H4,001,EL,DOD-0401413-H4-001-16-38-018,0,DATA SHEET FOR GAS INSULATED 33KV SWITCHGEAR (HABSHAN-4),IFD,WORLEY,DOCUMENT
H4,190,EL,DOD-0401413-H4-190-16-35-001,0,HABSHAN-4 TRANSFORMER SIZING,IFD,WORLEY,DOCUMENT
H4,190,EL,DOD-0401413-H4-190-16-35-007,0,SWITCHGEAR SIZING CALCULATION (HABSHAN-4),IFD,WORLEY,DOCUMENT
H4,190,EL,DOD-0401413-H4-190-16-35-009,B,LIGHTING CALCULATIONS - INDOOR (HABSHAN-4),IFA,WORLEY,DOCUMENT
H4,190,EL,DOD-0401413-H4-190-16-38-015,0,DATASHEET FOR POWER FACTOR IMPROVEMENT EQUIPMENT,IFD,WORLEY,DOCUMENT
H4,001,EL,RPT-0401413-H4-001-16-00-001,0,POWER SYSTEM STUDY REPORT HABSHAN 4,IFD,WORLEY,DOCUMENT
H4,001,EL,RPT-0401413-H4-001-16-00-002,0,ADEQUACY CHECK STUDY FOR EXISTING ELECTRICAL EQUIPMENT AT HABSHAN-4,IFD,WORLEY,DOCUMENT
H4,190,HV,0401413-H4-190-34-77-001-001,A,HVAC LAYOUT (H4 - SS32),ICR,WORLEY,DRAWING
H4,190,HV,0401413-H4-190-34-77-001-002,A,HVAC LAYOUT (H4 - SS32),ICR,WORLEY,DRAWING
H4,190,HV,0401413-H4-190-34-88-001,A,HVAC AIR FLOW DIAGRAM (H4 - SS32),ICR,WORLEY,DRAWING
H4,190,HV,0401413-H4-190-34-90-001-001,A,HVAC CONTROL DIAGRAM (H4 - SS32),ICR,WORLEY,DRAWING
H4,190,HV,0401413-H4-190-34-90-001-002,A,HVAC CONTROL DIAGRAM (H4 - SS32),ICR,WORLEY,DRAWING
H4,190,HV,0401413-H4-190-34-90-002,A,CHILLED WATER SCHEMATIC DIAGRAM (H4 - SS32),ICR,WORLEY,DRAWING
H4,190,HV,DC-0401413-H4-190-34-66-001,A,HVAC HEAT LOAD CALCULATION (H4-SS32),ICR,WORLEY,DOCUMENT
H4,190,HV,DOD-0401413-H4-190-34-22-001,A,HVAC EQUIPMENT LIST (H4 - SS32),ICR,WORLEY,DOCUMENT
H4,190,HV,SPP-0401413-H4-190-34-44-001,A,HVAC EQUIPMENT DATA SHEETS (H4 - SS32),ICR,WORLEY,DOCUMENT
H4,001,IC,0401413-H4-001-15-30-004,A,EQUIPMENT ROOM LAYOUT - IES 16 (HABSHAN 4),ICR,WORLEY,DRAWING
H4,001,IC,0401413-H4-001-15-77-001,B,CONTROL SYSTEMS ARCHITECTURE/BLOCK DIAGRAMS FOR DCS/ESD/F&G (HABSHAN 4),IFA,WORLEY,DRAWING
H4,001,IC,0401413-H4-001-15-77-002,A,CONTROL SYSTEMS ARCHITECTURE/BLOCK DIAGRAMS FOR MMS (HABSHAN 4),ICR,WORLEY,DRAWING
H4,001,IC,0401413-H4-001-15-77-004,A,CONTROL SYSTEMS AND INTERFACE BLOCK DIAGRAMS FOR IES-16 (HABSHAN 4),ICR,WORLEY,DRAWING
H4,001,IC,0401413-H4-001-15-77-005,A,CONTROL SYSTEMS ARCHITECTURE/BLOCK DIAGRAMS FOR ACS (HABSHAN 4),ICR,WORLEY,DRAWING
H4,001,IC,0401413-H4-001-15-77-006,A,INSTRUMENT CABLE BLOCK DIAGRAM (HABSHAN-4),ICR,WORLEY,DRAWING
H4,001,IC,0401413-H4-001-15-77-007,A,FIRE & GAS CABLE BLOCK DIAGRAM (HABSHAN-4),ICR,WORLEY,DRAWING
H4,001,IC,0401413-H4-001-15-77-010,0,CONTROL SYSTEMS ARCHITECTURE/BLOCK DIAGRAMS FOR CUSTODY TRANSFER CO2 FLOW METERING SYSTEM - HABSHAN 4,IFD,WORLEY,DRAWING
H4,001,IC,DOD-0401413-H4-001-15-66-002,B,FLOW ELEMENT SIZING CALCULATION AT HABSHAN-4,IFA,WORLEY,DOCUMENT
H4,001,IC,DOD-0401413-H4-001-15-66-003,B,THERMOWELL WAKE FREQUENCY CALCULATION AT HABSHAN-4,IFA,WORLEY,DOCUMENT
H4,001,IC,DOD-0401413-H4-001-15-66-004,B,CONTROL VALVE SIZING CALCULATION AT HABSHAN-4,IFA,WORLEY,DOCUMENT
H4,001,IC,NM-0401413-H4-001-15-44-006,A,F&G I/O LIST - HABSHAN 4 EXISTING / NEW FACILITIES,ICR,WORLEY,DOCUMENT
H4,001,IC,NM-0401413-H4-001-15-89-002,B,INSTRUMENT INDEX - HABSHAN-4,IFA,WORLEY,DOCUMENT
H4,001,IC,NM-0401413-H4-001-15-89-003,B,DCS I/O LIST - HABSHAN-4,IFA,WORLEY,DOCUMENT
H4,001,IC,NM-0401413-H4-001-15-89-004,B,ESD I/O LIST - HABSHAN-4,IFA,WORLEY,DOCUMENT
H4,001,IC,NM-0401423-H4-001-15-89-006,A,INSTRUMENTATION TIE-IN LIST (HABSHAN-4),ICR,WORLEY,DOCUMENT
H4,001,IC,R-0401413-H4-001-15-55-001,A,MATERIAL REQUISITION FOR DCS (HABSHAN-4),ICR,WORLEY,DOCUMENT
H4,001,IC,R-0401413-H4-001-15-55-002,A,MATERIAL REQUISITION FOR ESD AND FGS SYSTEM (HABSHAN-4),ICR,WORLEY,DOCUMENT
H4,001,IC,RPT-0401413-H4-001-15-89-001,0,SITE VISIT REPORT - INSTRUMENTATION (HABSHAN 4),IFI,WORLEY,DOCUMENT
H4,001,IC,SOW-0401413-H4-001-15-11-051,A,ADEQUACY STUDY AND MODIFICATION SCOPE OF WORK FOR DCS (HABSHAN-4),ICR,WORLEY,DOCUMENT
H4,001,IC,SOW-0401413-H4-001-15-11-052,A,ADEQUACY STUDY AND MODIFICATION SCOPE OF WORK FOR ESD (HABSHAN-4),ICR,WORLEY,DOCUMENT
H4,001,IC,SOW-0401413-H4-001-15-11-053,A,ADEQUACY STUDY AND MODIFICATION SCOPE OF WORK FOR F&G (HABSHAN-4),ICR,WORLEY,DOCUMENT
H4,001,IC,SOW-0401413-H4-001-15-11-056,A,ADEQUACY STUDY AND MODIFICATION SCOPE OF WORK FOR ACS (HABSHAN-4),ICR,WORLEY,DOCUMENT
H4,001,IC,SOW-0401413-H4-001-15-11-057,B,ADEQUACY STUDY AND MODIFICATION SCOPE OF WORK FOR MMS (HABSHAN-4),IFA,WORLEY,DOCUMENT
H4,001,IC,SPP-0401413-H4-001-15-50-001,B,INSTRUMENT DATASHEETS FOR MOTOR OPERATED VALVES AT HABSHAN-4,IFA,WORLEY,DOCUMENT
H4,001,IC,SPP-0401413-H4-001-15-50-002,B,INSTRUMENT DATASHEETS FOR CONTROL VALVES AT HABSHAN-4,IFA,WORLEY,DOCUMENT
H4,001,IC,SPP-0401413-H4-001-15-50-003,B,INSTRUMENT DATASHEETS FOR SAFETY RELIEF VALVES AT HABSHAN-4,IFA,WORLEY,DOCUMENT
H4,001,IC,SPP-0401413-H4-001-15-50-004,B,INSTRUMENT DATASHEETS FOR FLOW ELEMENTS & RESTIRCTION ORIFICE AT HABSHAN-4,IFA,WORLEY,DOCUMENT
H4,001,IC,SPP-0401413-H4-001-15-50-005,B,INSTRUMENT DATASHEETS FOR FLOW TRANSMITTERS AT HABSHAN-4,IFA,WORLEY,DOCUMENT
H4,001,IC,SPP-0401413-H4-001-15-50-006,B,INSTRUMENT DATASHEETS FOR RADAR LEVEL TRANSMITTERS AT HABSHAN-4,IFA,WORLEY,DOCUMENT
H4,001,IC,SPP-0401413-H4-001-15-50-007,B,INSTRUMENT DATASHEETS FOR ELECTRONIC TRANSMITTERS AT HABSHAN-4,IFA,WORLEY,DOCUMENT
H4,001,IC,SPP-0401413-H4-001-15-50-009,A,DATASHEETS FOR FIRE & GAS DEVICES AT HABSHAN-4,ICR,WORLEY,DOCUMENT
H4,001,IC,SPP-0401413-H4-001-15-50-010,0,DATASHEETS FOR CUSTODY TRANSFER FLOW METERING SKID AT HABSHAN-4,IFD,WORLEY,DOCUMENT
H4,001,IC,SPP-0401413-H4-001-15-50-011,B,INSTRUMENT DATASHEETS FOR ESD ON-OFF VALVES AT HABSHAN-4,IFA,WORLEY,DOCUMENT
H4,001,IC,SPP-0401413-H4-001-15-50-012,A,INSTRUMENT DATASHEETS FOR ANALYSER TRANSMITTERS AT HABSHAN-4,ICR,WORLEY,DOCUMENT
H4,001,ME,DOD-0401413-H4-001-08-44-104,A,SPECIFICATION FOR COS HYDROLYSIS PACKAGE (TAG NO: 190-ME-105),ICR,WORLEY,DOCUMENT
H4,133,ME,R-0401413-H4-133-10-55-001,0,MATERIAL REQUISITION FOR ACID GAS BLOWER,IFT,WORLEY,DOCUMENT
H4,190,ME,R-0401413-H4-190-33-80-001,0,MATERIAL REQUISITION FOR WATER CHILLING PACKAGE (190-ME-103),IFT,WORLEY,DOCUMENT
H4,190,ME,SP-0401413-H4-190-33-44-017,0,SPECIFICATION FOR HABSHAN 4 WATER CHILLING PACKAGE (190-ME-103),IFT,WORLEY,DOCUMENT
H4,133,ME,SPP-0401413-H4-133-06-44-103,0,MECHANICAL DATASHEET FOR LEAN AMINE CHILLER (TAG NO. 133-E-111 A/B/C/D),IFT,WORLEY,DOCUMENT
H4,133,ME,SPP-0401413-H4-133-07-44-101,0,MECHANICAL DATASHEET FOR ACID GAS AIR COOLER (TAG NO. 133-E-110),IFT,WORLEY,DOCUMENT
H4,133,ME,SPP-0401413-H4-133-08-44-102,0,MECHANICAL DATASHEET FOR ACID GAS KNOCKOUT DRUM (TAG NO. 133-V-110),IFT,WORLEY,DOCUMENT
H4,133,ME,SPP-0401413-H4-133-09-44-007,0,DATASHEET FOR HABSHAN 4 SOUR WATER TRANSFER PUMPS (133-P-111A/B),IFT,WORLEY,DOCUMENT
H4,133,ME,SPP-0401413-H4-133-10-44-009,0,DATASHEET FOR HABSHAN 4 ACID GAS BLOWER (133-B-101),IFT,WORLEY,DOCUMENT
H4,190,ME,SPP-0401413-H4-190-07-44-107,0,MECHANICAL DATASHEET FOR LP COMPRESSOR 4TH STAGE DISCHARGE COOLER (TAG NO. 190-E-104),IFT,WORLEY,DOCUMENT
H4,190,ME,SPP-0401413-H4-190-08-44-100,0,MECHANICAL DATASHEET FOR LP COMPRESSOR 1ST STAGE SUCTION SCRUBBER - HABSHAN 4 (TAG NO. 190-V-101),IFT,WORLEY,DOCUMENT
H4,190,ME,SPP-0401413-H4-190-08-44-109,0,MECHANICAL DATASHEET FOR HABSHAN 4 CLOSED DRAIN DRUM (TAG NO. 190-V-119),IFT,WORLEY,DOCUMENT
H4,190,ME,SPP-0401413-H4-190-08-44-110,0,MECHANICAL DATASHEET FOR HABSHAN 4 GLYCOL DRAIN DRUM (TAG NO. 190-V-112),IFT,WORLEY,DOCUMENT
H4,190,ME,SPP-0401413-H4-190-09-44-008,0,DATASHEET FOR HABSHAN 4 SOUR WATER PUMPS (190-P-101A/B),IFT,WORLEY,DOCUMENT
H4,190,ME,SPP-0401413-H4-190-09-44-010,0,DATASHEET FOR HABSHAN 4 CLOSED DRAIN PUMPS (190-P-112A/B),IFT,WORLEY,DOCUMENT
H4,190,ME,SPP-0401413-H4-190-09-44-012,0,DATASHEET FOR GLYCOL WATER CIRCULATION PUMPS (190-P-107A/B),IFT,WORLEY,DOCUMENT
H4,190,ME,SPP-0401413-H4-190-09-44-013,0,DATASHEET FOR HABSHAN 4 GLYCOL DRAIN PUMP (190-P-105),IFT,WORLEY,DOCUMENT
H4,190,ME,SPP-0401413-H4-190-09-44-019,B,DATASHEET FOR HABSHAN 4 GLYCOL WATER MAKE UP PUMPS (190-P-108A/B),IFA,WORLEY,DOCUMENT
H4,190,ME,SPP-0401413-H4-190-10-44-006,0,DATASHEET FOR HABSHAN 4 LOW PRESSURE CO2 COMPRESSOR PACKAGE (190-C-101),IFT,WORLEY,DOCUMENT
H4,190,ME,SPP-0401413-H4-190-25-44-108,0,MECHANICAL DATASHEET FOR HABSHAN 4 GLYCOL WATER STORAGE TANK (TAG NO. 190-TK-102),IFT,WORLEY,DOCUMENT
H4,190,ME,SPP-0401413-H4-190-68-44-011,A,DATASHEET FOR OVERHEAD TRAVELLING CRANES IN VARIOUS SHEDS OF HABSHAN 4,ICR,WORLEY,DOCUMENT
H4,161,ML,0401413-161-63-44-001,0,UNIT 161 - POTABLE & UTILITY WATER DISTRIBUTION - TIE-IN - MATERIAL SELECTION DIAGRAM,IFT,WORLEY,DRAWING
H4,162,ML,0401413-162-63-44-005,0,"UNIT 162 - STEAM, CONDENSATE, BOILER FEEDWATER & BLOWDOWN SYSTEM - TIE-IN - MATERIAL SELECTION DIAGRAM",IFT,WORLEY,DRAWING
H4,165,ML,0401413-165-63-44-001,0,UNIT 165 - FUEL GAS SYSTEM - TIE-IN - MATERIAL SELECTION DIAGRAM,IFT,WORLEY,DRAWING
H4,167,ML,0401413-167-63-44-002,0,UNIT 167 INSTRUMENT AIR GENERATION - TIE-IN - MATERIAL SELECTION DIAGRAM,IFT,WORLEY,DRAWING
H4,168,ML,0401413-168-63-44-001,0,UNIT 168 - NITROGEN DISTRIBUTION - TIE-IN - MATERIAL SELECTION DIAGRAM,IFT,WORLEY,DRAWING
H4,372,ML,0401413-372-0020-001-116,0,UNIT 372 - SOUR WATER FLASH DRUMS & STORAGE TANK TIE-IN - MATERIAL SELECTION DIAGRAM,IFT,WORLEY,DRAWING
H4,001,ML,0401413-H4-001-63-44-001,A,HABSHAN 4 CO2 RECOVERY - ACID GAS ENRICHMENT UNIT (GAS TREATING) UNIT 133 TIE-IN - MATERIAL SELECTION DIAGRAM,ICR,WORLEY,DRAWING
H4,001,ML,0401413-H4-001-63-44-002,A,"HABSHAN 4 CO2 RECOVERY - KOD, BLOWER, AIR COOLER & ACID GAS - MATERIAL SELECTION DIAGRAM",ICR,WORLEY,DRAWING
H4,001,ML,0401413-H4-001-63-44-003,A,HABSHAN 4 CO2 RECOVERY - LP CO2 COMPRESSOR 1ST STAGE - MATERIAL SELECTION DIAGRAM,ICR,WORLEY,DRAWING
H4,001,ML,0401413-H4-001-63-44-004,A,"HABSHAN 4 CO2 RECOVERY - H4 - LP CO2 COMPRESSOR 2ND, 3RD & 4TH STAGE - MATERIAL SELECTION DIAGRAM",ICR,WORLEY,DRAWING
H4,001,ML,0401413-H4-001-63-44-005,A,HABSHAN 4 CO2 RECOVERY - COS REACTOR PACKAGE - MATERIAL SELECTION DIAGRAM,ICR,WORLEY,DRAWING
H4,001,ML,0401413-H4-001-63-44-006,A,HABSHAN 4 CO2 RECOVERY - TEG DEHYDRATION UNIT - MATERIAL SELECTION DIAGRAM,ICR,WORLEY,DRAWING
H4,001,ML,0401413-H4-001-63-44-007,A,HABSHAN 4 CO2 RECOVERY - REFRIGERANT PACKAGE - MATERIAL SELECTION DIAGRAM,ICR,WORLEY,DRAWING
H4,001,ML,0401413-H4-001-63-44-008,A,HABSHAN 4 CO2 RECOVERY - H4 - SCRAPER LAUNCHER - MATERIAL SELECTION DIAGRAM,ICR,WORLEY,DRAWING
H4,001,ML,0401413-H4-001-63-44-009,A,UNIT 167 INSTRUMENT AIR GENERATION - TIE-IN - MATERIAL SELECTION DIAGRAM,ICR,WORLEY,DRAWING
H4,001,ML,0401413-H4-001-63-44-010,A,UNIT 168 - NITROGEN DISTRIBUTION - TIE-IN - MATERIAL SELECTION DIAGRAM,ICR,WORLEY,DRAWING
H4,001,ML,0401413-H4-001-63-44-011,A,UNIT 165 - FUEL GAS SYSTEM - TIE-IN - MATERIAL SELECTION DIAGRAM,ICR,WORLEY,DRAWING
H4,001,ML,0401413-H4-001-63-44-012,A,"HABSHAN 4 CO2 RECOVERY - INSTRUMENT, PLANT AIR, N2 & FUEL GAS - MATERIAL SELECTION DIAGRAM",ICR,WORLEY,DRAWING
H4,001,ML,0401413-H4-001-63-44-013,A,UNIT 161 - POTABLE & UTILITY WATER DISTRIBUTION - TIE-IN - MATERIAL SELECTION DIAGRAM,ICR,WORLEY,DRAWING
H4,001,ML,0401413-H4-001-63-44-014,A,"HABSHAN 4 CO2 RECOVERY - UTILITY WATER, POTABLE WATER - MATERIAL SELECTION DIAGRAM",ICR,WORLEY,DRAWING
H4,001,ML,0401413-H4-001-63-44-015,A,HABSHAN 4 CO2 RECOVERY - CIRCULATED COOLING WATER SUPPLY & RETURN - MATERIAL SELECTION DIAGRAM,ICR,WORLEY,DRAWING
H4,001,ML,0401413-H4-001-63-44-016,A,"UNIT 162 - STEAM, CONDENSATE, BOILER FEEDWATER & BLOWDOWN SYSTEM - TIE-IN - MATERIAL SELECTION DIAGRAM",ICR,WORLEY,DRAWING
H4,001,ML,0401413-H4-001-63-44-017,A,"HABSHAN 4 CO2 RECOVERY - HP, LP, STEAM, BFW & STEAM CONDENSATE - MATERIAL SELECTION DIAGRAM",ICR,WORLEY,DRAWING
H4,001,ML,0401413-H4-001-63-44-018,A,HABSHAN 4 CO2 RECOVERY - CLOSED DRAIN DRUM & PUMP - MATERIAL SELECTION DIAGRAM,ICR,WORLEY,DRAWING
H4,001,ML,0401413-H4-001-63-44-019,A,HABSHAN 4 CO2 RECOVERY - FLARE AND CLOSED DRAIN - MATERIAL SELECTION DIAGRAM,ICR,WORLEY,DRAWING
H4,001,ML,0401413-H4-001-63-44-020,A,UNIT 372 - SOUR WATER FLASH DRUMS & STORAGE TANK TIE-IN - MATERIAL SELECTION DIAGRAM,ICR,WORLEY,DRAWING
H4,133,ML,0401413-H4-133-63-44-006,0,"HABSHAN 4 CO2 RECOVERY - KOD, BLOWER, AIR COOLER & ACID GAS - MATERIAL SELECTION DIAGRAM",IFT,WORLEY,DRAWING
H4,190,ML,0401413-H4-190-63-44-007,0,HABSHAN 4 CO2 RECOVERY - LP CO2 COMPRESSOR 1ST STAGE - MATERIAL SELECTION DIAGRAM,IFT,WORLEY,DRAWING
H4,190,ML,0401413-H4-190-63-44-008,0,"HABSHAN 4 CO2 RECOVERY - H4 - LP CO2 COMPRESSOR 2ND, 3RD & 4TH STAGE - MATERIAL SELECTION DIAGRAM",IFT,WORLEY,DRAWING
H4,190,ML,0401413-H4-190-63-44-009,0,HABSHAN 4 CO2 RECOVERY - COS REACTOR PACKAGE - MATERIAL SELECTION DIAGRAM,IFT,WORLEY,DRAWING
H4,190,ML,0401413-H4-190-63-44-010,0,HABSHAN 4 CO2 RECOVERY - TEG DEHYDRATION UNIT - MATERIAL SELECTION DIAGRAM,IFT,WORLEY,DRAWING
H4,190,ML,0401413-H4-190-63-44-011,0,HABSHAN 4 CO2 RECOVERY - REFRIGERANT PACKAGE - MATERIAL SELECTION DIAGRAM,IFT,WORLEY,DRAWING
H4,190,ML,0401413-H4-190-63-44-012,0,HABSHAN 4 CO2 RECOVERY - H4 - SCRAPER LAUNCHER - MATERIAL SELECTION DIAGRAM,IFT,WORLEY,DRAWING
H4,190,ML,0401413-H4-190-63-44-108,0,"HABSHAN 4 CO2 RECOVERY - INSTRUMENT, PLANT AIR, N2 & FUEL GAS - MATERIAL SELECTION DIAGRAM",IFT,WORLEY,DRAWING
H4,190,ML,0401413-H4-190-63-44-110,0,"HABSHAN 4 CO2 RECOVERY - UTILITY WATER, POTABLE WATER - MATERIAL SELECTION DIAGRAM",IFT,WORLEY,DRAWING
H4,190,ML,0401413-H4-190-63-44-111,0,HABSHAN 4 CO2 RECOVERY - CIRCULATED COOLING WATER SUPPLY & RETURN - MATERIAL SELECTION DIAGRAM,IFT,WORLEY,DRAWING
H4,190,ML,0401413-H4-190-63-44-113,0,"HABSHAN 4 CO2 RECOVERY - HP, LP, STEAM, BFW & STEAM CONDENSATE - MATERIAL SELECTION DIAGRAM",IFT,WORLEY,DRAWING
H4,190,ML,0401413-H4-190-63-44-114,0,HABSHAN 4 CO2 RECOVERY - CLOSED DRAIN DRUM & PUMP - MATERIAL SELECTION DIAGRAM,IFT,WORLEY,DRAWING
H4,190,ML,0401413-H4-190-63-44-115,0,HABSHAN 4 CO2 RECOVERY - FLARE AND CLOSED DRAIN - MATERIAL SELECTION DIAGRAM,IFT,WORLEY,DRAWING
H4,133,ML,614010-2200-4901-0001-005,0,HABSHAN 4 CO2 RECOVERY - ACID GAS ENRICHMENT UNIT (GAS TREATING) UNIT 133 TIE-IN - MATERIAL SELECTION DIAGRAM,IFT,WORLEY,DOCUMENT
H4,001,PI,0401413-H4-001-13-31-001-001,0,"HABSHAN-4 DEMOLITION ISOMETRICS - UNIT 133, 152, 153, 177, 190, 377 AND 372",IFT,WORLEY,DRAWING
H4,001,PI,0401413-H4-001-13-31-001-002,0,"HABSHAN-4 DEMOLITION ISOMETRICS - UNIT 133, 152, 153, 177, 190, 377 AND 372",IFT,WORLEY,DRAWING
H4,001,PI,0401413-H4-001-13-31-001-003,0,"HABSHAN-4 DEMOLITION ISOMETRICS - UNIT 133, 152, 153, 177, 190, 377 AND 372",IFT,WORLEY,DRAWING
H4,001,PI,0401413-H4-001-13-31-001-004,0,"HABSHAN-4 DEMOLITION ISOMETRICS - UNIT 133, 152, 153, 177, 190, 377 AND 372",IFT,WORLEY,DRAWING
H4,001,PI,0401413-H4-001-13-31-001-005,0,"HABSHAN-4 DEMOLITION ISOMETRICS - UNIT 133, 152, 153, 177, 190, 377 AND 372",IFT,WORLEY,DRAWING
H4,001,PI,0401413-H4-001-13-31-001-006,0,"HABSHAN-4 DEMOLITION ISOMETRICS - UNIT 133, 152, 153, 177, 190, 377 AND 372",IFT,WORLEY,DRAWING
H4,001,PI,0401413-H4-001-13-80-001,0,HABSHAN OVERALL PLOT PLAN - HABSHAN & BAB TIE-IN LOCATION PLAN HABSHAN-4,IFT,WORLEY,DRAWING
H4,001,PI,0401413-H4-001-13-82-001-001,B,"HABSHAN-4 TIE-IN ISOMETRICS - UNIT 133, 152, 153, 177, 190, 377 AND 372",IFA,WORLEY,DRAWING
H4,001,PI,0401413-H4-001-13-82-001-002,B,"HABSHAN-4 TIE-IN ISOMETRICS - UNIT 133, 152, 153, 177, 190, 377 AND 372",IFA,WORLEY,DRAWING
H4,001,PI,0401413-H4-001-13-82-001-003,B,"HABSHAN-4 TIE-IN ISOMETRICS - UNIT 133, 152, 153, 177, 190, 377 AND 372",IFA,WORLEY,DRAWING
H4,001,PI,0401413-H4-001-13-82-001-004,B,"HABSHAN-4 TIE-IN ISOMETRICS - UNIT 133, 152, 153, 177, 190, 377 AND 372",IFA,WORLEY,DRAWING
H4,001,PI,0401413-H4-001-13-82-001-005,B,"HABSHAN-4 TIE-IN ISOMETRICS - UNIT 133, 152, 153, 177, 190, 377 AND 372",IFA,WORLEY,DRAWING
H4,133,PI,0401413-H4-133-13-60-001,B,UNIT 133 ACID GAS ENRICHMENT PLOT PLAN,IFA,WORLEY,DRAWING
H4,152,PI,0401413-H4-152-13-12-001,A,PIPING GA DRAWING KEYPLAN - UNIT 152 & UNIT 153 PIPE RACK HABSHAN-4,ICR,WORLEY,DRAWING
H4,177,PI,0401413-H4-177-13-12-001,A,PIPING GA DRAWING KEYPLAN - UNIT 133 & UNIT 177 PIPE RACK HABSHAN-4,ICR,WORLEY,DRAWING
H4,177,PI,0401413-H4-177-13-12-002,A,PIPING GA DRAWING KEYPLAN - UNIT 177 PIPE RACK HABSHAN-4,ICR,WORLEY,DRAWING
H4,190,PI,0401413-H4-190-13-12-001,A,PIPING GA DRAWING KEYPLAN - UNIT 190 HABSHAN-4,ICR,WORLEY,DRAWING
H4,190,PI,0401413-H4-190-13-12-002,A,PIPING GA DRAWING KEYPLAN - SCRAPPER LAUNCHER UNIT HABSHAN-4,ICR,WORLEY,DRAWING
H4,190,PI,0401413-H4-190-13-60-001,B,PLOT PLAN UNIT-190 CO2 RECOVERY HABSHAN-4,IFA,WORLEY,DRAWING
H4,190,PI,0401413-H4-190-13-60-002,B,PLOT PLAN SECTION - UNIT 190 CO2 RECOVERY HABSHAN-4,IFA,WORLEY,DRAWING
H4,190,PI,0401413-H4-190-13-60-003,B,PLOT PLAN UNIT-190 SCRAPER LAUNCHER UNIT HABSHAN-4,IFA,WORLEY,DRAWING
H4,190,PI,0401413-H4-190-13-60-004,A,PLOT PLAN SECTION - UNIT 190 CO2 RECOVERY HABSHAN-4,ICR,WORLEY,DRAWING
H4,377,PI,0401413-H4-377-13-12-001,A,PIPING GA DRAWING KEYPLAN - UNIT 377 PIPE RACK HABSHAN-4,ICR,WORLEY,DRAWING
H4,377,PI,0401413-H4-377-13-12-002,A,PIPING GA DRAWING KEYPLAN - UNIT 377 PIPE RACK HABSHAN-4,ICR,WORLEY,DRAWING
H4,377,PI,0401413-H4-377-13-12-003,A,PIPING GA DRAWING KEYPLAN - UNIT 377 PIPE RACK HABSHAN-4,ICR,WORLEY,DRAWING
H4,001,PI,BOQ-0401413-H4-001-13-90-001,0,PIPING MTO FOR HABSHAN 4,IFI,WORLEY,DOCUMENT
H4,001,PI,BOQ-0401413-H4-001-13-90-002,0,VALVE MTO FOR HABSHAN 4,IFI,WORLEY,DOCUMENT
H4,001,PI,DC-0401413-H4-001-13-80-001,1,ADDITIONAL DESIGN REQUIREMENT - HABSHAN 4 OGD-3 INTERFACE PIPERACKS,IFD,WORLEY,DOCUMENT
H4,001,PI,DOD-0401413-H4-001-13-70-002,B,PIPING TIE-IN SCHEDULE FOR HABSHAN-4,IFA,WORLEY,DOCUMENT
H4,001,PI,LD-0401413-H4-001-13-20-001,A,PIPING GA DRAWING INDEX - HABSHAN-4,ICR,WORLEY,DOCUMENT
H4,001,PI,RPT-0401413-H4-001-13-71-001,A,PIPE STRESS ANALYSIS REPORT: PE-CAL-001,ICR,WORLEY,DOCUMENT
H4,001,PI,RPT-0401413-H4-001-13-71-002,A,PIPE STRESS ANALYSIS REPORT: PE-CAL-002,ICR,WORLEY,DOCUMENT
H4,001,PI,RPT-0401413-H4-001-13-71-003,A,PIPE STRESS ANALYSIS REPORT: PE-CAL-003,ICR,WORLEY,DOCUMENT
H4,001,PI,RPT-0401413-H4-001-13-71-005,A,PIPE STRESS ANALYSIS REPORT: PE-CAL-005,ICR,WORLEY,DOCUMENT
H4,001,PI,RPT-0401413-H4-001-13-71-006,A,PIPE STRESS ANALYSIS REPORT: PE-CAL-006,ICR,WORLEY,DOCUMENT
H4,001,PI,RPT-0401413-H4-001-13-71-007,A,PIPE STRESS ANALYSIS REPORT: PE-CAL-007,ICR,WORLEY,DOCUMENT
H4,001,PI,RPT-0401413-H4-001-13-71-008,A,PIPE STRESS ANALYSIS REPORT: PE-CAL-008,ICR,WORLEY,DOCUMENT
H4,001,PI,RPT-0401413-H4-001-13-71-009,A,PIPE STRESS ANALYSIS REPORT: PE-CAL-009,ICR,WORLEY,DOCUMENT
H4,001,PI,RPT-0401413-H4-001-13-71-010,A,PIPE STRESS ANALYSIS REPORT: PE-CAL-010,ICR,WORLEY,DOCUMENT
H4,001,PI,RPT-0401413-H4-001-13-71-011,A,PIPE STRESS ANALYSIS REPORT: PE-CAL-011,ICR,WORLEY,DOCUMENT
H4,001,PI,RPT-0401413-H4-001-13-71-012,A,PIPE STRESS ANALYSIS REPORT: PE-CAL-012,ICR,WORLEY,DOCUMENT
H4,001,PI,RPT-0401413-H4-001-13-71-013,A,PIPE STRESS ANALYSIS REPORT: PE-CAL-013,ICR,WORLEY,DOCUMENT
H4,001,PI,RPT-0401413-H4-001-13-71-015,A,PIPE STRESS ANALYSIS REPORT: PE-CAL-015,ICR,WORLEY,DOCUMENT
H4,001,PI,RPT-0401413-H4-001-13-71-017,A,PIPE STRESS ANALYSIS REPORT: PE-CAL-017,ICR,WORLEY,DOCUMENT
H4,001,PI,SPP-0401413-H4-001-13-45-001,B,DATASHEETS FOR SPECIALTY ITEMS IN HABSHAN 4,IFA,WORLEY,DOCUMENT
H4,001,PI,SPP-0401413-H4-001-13-90-003,B,PIPING SPECIALTY ITEMS LIST FOR HABSHAN-4,IFA,WORLEY,DOCUMENT
H4,001,PL,0401413-H4-001-95-30-001,A,PIPELINE STATION APPROACH DRAWING LAUNCHER AREA AT HABSHAN 4,ICR,WORLEY,DRAWING
H4,133,PR,0401413-133-00-20-501-0001-001,0,HABSHAN 4 CO2 RECOVERY ACID GAS ENRICHMENT UNIT (GAS TREATING) UNIT 133 TIE-IN PROCESS FLOW DIAGRAM,IFT,WORLEY,DRAWING
H4,133,PR,0401413-133-00-30-500-0001,E,P&ID - HABSHAN 4 CO2 RECOVERY - INTERFACE AGEU + SRU AREA - TIE IN,IFH,WORLEY,DRAWING
H4,133,PR,0401413-133-00-30-500-0001D,C,P&ID - HABSHAN 4 CO2 RECOVERY - INTERFACE AGEU + SRU AREA - TIE IN (DEMOLITION),IFH,WORLEY,DRAWING
H4,133,PR,0401413-133-00-30-500-0002,C,P&ID - HABSHAN 4 CO2 RECOVERY - INTERFACE AGEU + SRU - TIE-IN,IFH,WORLEY,DRAWING
H4,133,PR,0401413-133-00-30-500-0002D,C,P&ID - HABSHAN 4 CO2 RECOVERY - INTERFACE AGEU + SRU - TIE-IN (DEMOLITION),IFH,WORLEY,DRAWING
H4,133,PR,0401413-133-00-30-501-0001,E,P&ID - HABSHAN 4 CO2 RECOVERY - ACID GAS ENRICHMENT UNIT 133 ABSORPTION SECTION TIE-IN,IFH,WORLEY,DRAWING
H4,133,PR,0401413-133-00-30-501-0001D,C,P&ID - HABSHAN 4 CO2 RECOVERY - ACID GAS ENRICHMENT UNIT 133 ABSORPTION SECTION TIE-IN (DEMOLITION),IFH,WORLEY,DRAWING
H4,133,PR,0401413-133-00-30-501-0002,E,P&ID - HABSHAN 4 CO2 RECOVERY - ACID GAS ENRICHMENT UNIT 133 ABSORBER OFF GAS KOD TIE-IN,IFH,WORLEY,DRAWING
H4,133,PR,0401413-133-00-30-501-0002D,C,P&ID - HABSHAN 4 CO2 RECOVERY - ACID GAS ENRICHMENT UNIT 133 ABSORBER OFF GAS KOD TIE-IN (DEMOLITION),IFH,WORLEY,DRAWING
H4,133,PR,0401413-133-00-30-501-0004,A,P&ID - HABSHAN 4 CO2 RECOVERY - ACID GAS ENRICHMENT UNIT 133 REGENERATOR,ICR,WORLEY,DRAWING
H4,133,PR,0401413-133-00-30-501-0005,A,P&ID - HABSHAN 4 CO2 RECOVERY - ACID GAS ENRICHMENT UNIT 133 REBOILER,ICR,WORLEY,DRAWING
H4,133,PR,0401413-133-00-30-501-0008,A,P&ID - HABSHAN 4 CO2 RECOVERY - ACID GAS ENRICHMENT UNIT 133 SOLVENT STORAGE,ICR,WORLEY,DRAWING
H4,133,PR,0401413-133-00-30-501-0008D,A,P&ID - HABSHAN 4 CO2 RECOVERY - ACID GAS ENRICHMENT UNIT 133 SOLVENT STORAGE,ICR,WORLEY,DRAWING
H4,133,PR,0401413-133-00-30-501-0010,C,P&ID - HABSHAN 4 CO2 RECOVERY - ACID GAS ENRICHMENT UNIT 133 ABSORBER KNOCKOUT DRUM/PUMP TIE-IN,IFH,WORLEY,DRAWING
H4,133,PR,0401413-133-00-30-501-0010D,C,P&ID - HABSHAN 4 CO2 RECOVERY - ACID GAS ENRICHMENT UNIT 133 ABSORBER KNOCKOUT DRUM/PUMP TIE-IN (DEMOLITION),IFH,WORLEY,DRAWING
H4,133,PR,0401413-133-00-40-506-002,E,P&ID - HABSHAN 4 CO2 RECOVERY - ACID GAS ENRICHMENT UNIT 133 AMINE DRAIN SYSTEM TIE-IN,IFH,WORLEY,DRAWING
H4,133,PR,0401413-133-00-40-506-002D,C,P&ID - HABSHAN 4 CO2 RECOVERY - ACID GAS ENRICHMENT UNIT 133 AMINE DRAIN SYSTEM TIE-IN (DEMOLITION),IFH,WORLEY,DRAWING
H4,133,PR,0401413-133-00-71-501-0001,0,PROCESS SAFEGUARDING DIAGRAM - HABSHAN 4 CO2 RECOVERY - ACID GAS ENRICHMENT UNIT (GAS TREATING) UNIT 133 TIE-IN,IFT,WORLEY,DRAWING
H4,152,PR,0401413-152-00-30-501-0015,E,P&ID - SULFUR RECOVERY UNIT 152 INCINERATOR - TIE IN,IFH,WORLEY,DRAWING
H4,152,PR,0401413-152-00-30-501-0015D,C,P&ID - SULFUR RECOVERY UNIT 152 INCINERATOR - TIE IN (DEMOLITION),IFH,WORLEY,DRAWING
H4,153,PR,0401413-153-00-30-501-0015,E,P&ID - SULFUR RECOVERY UNIT 153 INCINERATOR - TIE IN,IFH,WORLEY,DRAWING
H4,153,PR,0401413-153-00-30-501-0015D,C,P&ID - SULFUR RECOVERY UNIT 153 INCINERATOR - TIE IN (DEMOLITIOIN),IFH,WORLEY,DRAWING
H4,161,PR,0401413-161-00-20-001,0,UNIT 161 POTABLE & UTILITY WATER DISTRIBUTION - TIE-IN UTILITY FLOW DIAGRAM,IFT,WORLEY,DRAWING
H4,162,PR,0401413-162-00-20-005,0,"UNIT 162 STEAM, CONDENSATE, BOILER FEEDWATER & BLOWDOWN SYSTEM - TIE-IN UTILITY FLOW DIAGRAM",IFT,WORLEY,DRAWING
H4,165,PR,0401413-165-00-20-001,0,UNIT 165 FUEL GAS SYSTEM - TIE-IN UTILITY FLOW DIAGRAM,IFT,WORLEY,DRAWING
H4,167,PR,0401413-167-00-20-002,0,UNIT 167 INSTRUMENT AIR GENERATION - TIE-IN UTILITY FLOW DIAGRAM,IFT,WORLEY,DRAWING
H4,168,PR,0401413-168-00-20-001,0,UNIT 168 NITROGEN DISTRIBUTION - TIE-IN UTILITY FLOW DIAGRAM,IFT,WORLEY,DRAWING
H4,177,PR,0401413-177-00-40-004,E,P&ID - HABSHAN 4 CO2 RECOVERY - UTILITY INTERCONNECTION - TIE-IN (SHT 1/2),IFH,WORLEY,DRAWING
H4,177,PR,0401413-177-00-40-004D,C,P&ID - HABSHAN 4 CO2 RECOVERY - UTILITY INTERCONNECTION - TIE-IN (SHT 1/2) (DEMOLITION),IFH,WORLEY,DRAWING
H4,345,PR,0401413-345-00-30-008,A,P&ID - HABSHAN 4 CO2 RECOVERY - NGL STORAGE AND EXPORT PROPANE TRANSFER PUMPS - TIE-IN,ICR,WORLEY,DRAWING
H4,345,PR,0401413-345-00-30-008D,A,P&ID - HABSHAN 4 CO2 RECOVERY - NGL STORAGE AND EXPORT PROPANE TRANSFER PUMPS - TIE-IN,ICR,WORLEY,DRAWING
H4,372,PR,0401413-372-00-20-001-001,0,UNIT 372 SOUR WATER FLASH DRUMS & STORAGE TANK TIE-IN UTILITY FLOW DIAGRAM,IFT,WORLEY,DRAWING
H4,372,PR,0401413-372-00-30-004,C,P&ID - HABSHAN 4 CO2 RECOVERY - UNIT 372 SOUR WATER TREATMENT SOUR WATER STORAGE TANK A - TIE-IN,IFH,WORLEY,DRAWING
H4,372,PR,0401413-372-00-30-004D,A,P&ID - HABSHAN 4 CO2 RECOVERY - UNIT 372 SOUR WATER TREATMENT SOUR WATER STORAGE TANK A - TIE-IN,ICR,WORLEY,DRAWING
H4,377,PR,0401413-377-00-40-135,C,P&ID - HABSHAN 4 CO2 RECOVERY - UNIT 377 - INTERCONNECTS LOW TEMPERATURE FLARE SYSTEM TIE-IN,IFH,WORLEY,DRAWING
H4,377,PR,0401413-377-00-40-135D,C,P&ID - HABSHAN 4 CO2 RECOVERY - UNIT 377 - INTERCONNECTS LOW TEMPERATURE FLARE SYSTEM TIE-IN (DEMOLITION),IFH,WORLEY,DRAWING
H4,377,PR,0401413-377-00-40-139,C,P&ID - HABSHAN 4 CO2 RECOVERY - UNIT 377 - INTERCONNECTS ACID GAS FLARE SYSTEM TIE-IN,IFH,WORLEY,DRAWING
H4,377,PR,0401413-377-00-40-139D,C,P&ID - HABSHAN 4 CO2 RECOVERY - UNIT 377 - INTERCONNECTS ACID GAS FLARE SYSTEM TIE-IN (DEMOLITION),IFH,WORLEY,DRAWING
H4,001,PR,0401413-H4-001-00-20-009,C,HABSHAN 4 CO2 RECOVERY COS REACTOR PACKAGE PROCESS FLOW DIAGRAM,IDR,WORLEY,DRAWING
H4,001,PR,0401413-H4-001-00-20-108-001,0,"HABSHAN 4 CO2 RECOVERY INSTRUMENT, PLANT AIR, N2 & FUEL GAS UTILITY FLOW DIAGRAM",IFT,WORLEY,DRAWING
H4,001,PR,0401413-H4-001-00-20-110-001,0,"HABSHAN 4 CO2 RECOVERY UTILITY WATER, POTABLE WATER UTILITY FLOW DIAGRAM",IFT,WORLEY,DRAWING
H4,001,PR,0401413-H4-001-00-20-113-001,0,"HABSHAN 4 CO2 RECOVERY HP, LP, STEAM, BFW & STEAM CONDENSATE UTILITY FLOW DIAGRAM",IFT,WORLEY,DRAWING
H4,001,PR,0401413-H4-001-00-20-116,A,UNIT 372 SOUR WATER FLASH DRUMS & STORAGE TANK TIE-IN UTILITY FLOW DIAGRAM,ICR,WORLEY,DRAWING
H4,001,PR,0401413-H4-001-00-30-014,E,P&ID - HABSHAN 4 CO2 RECOVERY - BATTERY LIMIT,IFH,WORLEY,DRAWING
H4,001,PR,0401413-H4-001-00-30-015,D,P&ID - HABSHAN 4 CO2 RECOVERY - BATTERY LIMIT,IFH,WORLEY,DRAWING
H4,001,PR,0401413-H4-001-00-30-065,A,P&ID - HABSHAN 4 CO2 RECOVERY - UNIT 372 SOUR WATER TREATMENT - SOUR WATER STORAGE TANK A - TIE-IN,ICR,WORLEY,DRAWING
H4,001,PR,0401413-H4-001-00-71-005,A,HABSHAN 4 CO2 RECOVERY - ACID GAS ENRICHMENT UNIT (GAS TREATING) UNIT 133 TIE-IN - PROCESS SAFEGUARDING DIAGRAM,ICR,WORLEY,DRAWING
H4,133,PR,0401413-H4-133-00-20-006,C,"HABSHAN 4 CO2 RECOVERY KOD, BLOWER, AIR COOLER & ACID GAS PROCESS FLOW DIAGRAM",IDR,WORLEY,DRAWING
H4,133,PR,0401413-H4-133-00-20-006-001,0,"HABSHAN 4 CO2 RECOVERY KOD, BLOWER, AIR COOLER & ACID GAS PROCESS FLOW DIAGRAM",IFT,WORLEY,DRAWING
H4,133,PR,0401413-H4-133-00-30-002,E,P&ID - HABSHAN 4 CO2 RECOVERY - ACID GAS KO DRUM & PUMPS,IFH,WORLEY,DRAWING
H4,133,PR,0401413-H4-133-00-30-003,E,P&ID - HABSHAN 4 CO2 RECOVERY - ACID GAS BLOWER & COOLER,IFH,WORLEY,DRAWING
H4,133,PR,0401413-H4-133-00-30-007-001 ,E,P&ID - HABSHAN 4 CO2 RECOVERY - LEAN SOLVENT CHILLER (133-E-111A/B),IFH,WORLEY,DRAWING
H4,133,PR,0401413-H4-133-00-30-007-002,E,P&ID - HABSHAN 4 CO2 RECOVERY - LEAN SOLVENT CHILLER (133-E-111C/D),IFH,WORLEY,DRAWING
H4,133,PR,0401413-H4-133-00-71-006,0,"PROCESS SAFEGUARDING DIAGRAM - HABSHAN 4 CO2 RECOVERY - KOD, BLOWER, AIR COOLER & ACID GAS",IFT,WORLEY,DRAWING
H4,177,PR,0401413-H4-177-00-30-055,E,P&ID - HABSHAN 4 CO2 RECOVERY - UTILITY INTERCONNECTION - TIE-IN (SHT 2/2),IFH,WORLEY,DRAWING
H4,177,PR,0401413-H4-177-00-30-055D,C,P&ID - HABSHAN 4 CO2 RECOVERY - UTILITY INTERCONNECTION - TIE-IN (SHT 2/2) (DEMOLITION),IFH,WORLEY,DRAWING
H4,190,PR,0401413-H4-190-00-20-007-001,0,HABSHAN 4 CO2 RECOVERY LP CO2 COMPRESSOR 1ST STAGE PROCESS FLOW DIAGRAM,IFT,WORLEY,DRAWING
H4,190,PR,0401413-H4-190-00-20-008-001,0,"HABSHAN 4 CO2 RECOVERY H4 - LP CO2 COMPRESSOR 2ND, 3RD & 4TH STAGE PROCESS FLOW DIAGRAM",IFT,WORLEY,DRAWING
H4,190,PR,0401413-H4-190-00-20-010-001,0,HABSHAN 4 CO2 RECOVERY TEG DEHYDRATION UNIT PROCESS FLOW DIAGRAM,IFT,WORLEY,DRAWING
H4,190,PR,0401413-H4-190-00-20-011-001,0,HABSHAN 4 CO2 RECOVERY REFRIGERANT PACKAGE PROCESS FLOW DIAGRAM,IFT,WORLEY,DRAWING
H4,190,PR,0401413-H4-190-00-20-012-001,0,HABSHAN 4 CO2 RECOVERY H4 - SCRAPER LAUNCHER PROCESS FLOW DIAGRAM,IFT,WORLEY,DRAWING
H4,190,PR,0401413-H4-190-00-20-111-001,0,HABSHAN 4 CO2 RECOVERY CIRCULATED COOLING WATER SUPPLY & RETURN UTILITY FLOW DIAGRAM,IFT,WORLEY,DRAWING
H4,190,PR,0401413-H4-190-00-20-114-001,0,HABSHAN 4 CO2 RECOVERY CLOSED DRAIN DRUM & PUMP UTILITY FLOW DIAGRAM,IFT,WORLEY,DRAWING
H4,190,PR,0401413-H4-190-00-20-115-001,0,HABSHAN 4 CO2 RECOVERY FLARE AND CLOSED DRAIN UTILITY FLOW DIAGRAM,IFT,WORLEY,DRAWING
H4,190,PR,0401413-H4-190-00-30-016,E,P&ID - HABSHAN 4 CO2 RECOVERY - LP CO2 COMPRESSOR 1ST STAGE SUCTION SCRUBBER,IFH,WORLEY,DRAWING
H4,190,PR,0401413-H4-190-00-30-017,E,P&ID - HABSHAN 4 CO2 RECOVERY - LP CO2 COMPRESSOR (1ST STAGE),IFH,WORLEY,DRAWING
H4,190,PR,0401413-H4-190-00-30-018,E,P&ID - HABSHAN 4 CO2 RECOVERY - LP CO2 COMPRESSOR (2ND STAGE),IFH,WORLEY,DRAWING
H4,190,PR,0401413-H4-190-00-30-019,E,P&ID - HABSHAN 4 CO2 RECOVERY - LP CO2 COMPRESSOR (3RD STAGE),IFH,WORLEY,DRAWING
H4,190,PR,0401413-H4-190-00-30-020,E,P&ID - HABSHAN 4 CO2 RECOVERY - LP CO2 COMPRESSOR (4TH STAGE),IFH,WORLEY,DRAWING
H4,190,PR,0401413-H4-190-00-30-021,D,P&ID - HABSHAN 4 CO2 RECOVERY - ANTI-SURGE & CAPACITY CONTROL SYSTEM,IFH,WORLEY,DRAWING
H4,190,PR,0401413-H4-190-00-30-023,E,P&ID - HABSHAN 4 CO2 RECOVERY - LP CO2 DISCHARGE COOLER,IFH,WORLEY,DRAWING
H4,190,PR,0401413-H4-190-00-30-024,E,P&ID - HABSHAN 4 CO2 RECOVERY - GLYCOL WATER EXPANSION DRUM & PUMPS,IFH,WORLEY,DRAWING
H4,190,PR,0401413-H4-190-00-30-025,E,P&ID - HABSHAN 4 CO2 RECOVERY - GLYCOL WATER STORAGE TANK & FILLING PUMP,IFH,WORLEY,DRAWING
H4,190,PR,0401413-H4-190-00-30-026,E,P&ID - HABSHAN 4 CO2 RECOVERY - CHILLED WATER DISTRIBUTION,IFH,WORLEY,DRAWING
H4,190,PR,0401413-H4-190-00-30-027,E,P&ID - HABSHAN 4 CO2 RECOVERY - REFRIGERANT EXCHANGER (190-E-111A/B),IFH,WORLEY,DRAWING
H4,190,PR,0401413-H4-190-00-30-028,E,P&ID - HABSHAN 4 CO2 RECOVERY - REFRIGERANT EXCHANGER (190-E-111C/D),IFH,WORLEY,DRAWING
H4,190,PR,0401413-H4-190-00-30-029,E,P&ID - HABSHAN 4 CO2 RECOVERY - CHILLED WATER NETWORK,IFH,WORLEY,DRAWING
H4,190,PR,0401413-H4-190-00-30-030,E,P&ID - HABSHAN 4 CO2 RECOVERY - REFRIGERANT PACKAGE - 1ST STAGE SUCTION DRUM,IFH,WORLEY,DRAWING
H4,190,PR,0401413-H4-190-00-30-033,E,P&ID - HABSHAN 4 CO2 RECOVERY - REFRIGERANT PACKAGE -REFRIGERANT COMPRESSOR,IFH,WORLEY,DRAWING
H4,190,PR,0401413-H4-190-00-30-034,E,P&ID - HABSHAN 4 CO2 RECOVERY - REFRIGERANT COMPRESSOR DELIVERY LINES,IFH,WORLEY,DRAWING
H4,190,PR,0401413-H4-190-00-30-035,E,P&ID - HABSHAN 4 CO2 RECOVERY - REFRIGERANT PACKAGE - REFRIGERANT CONDENSER,IFH,WORLEY,DRAWING
H4,190,PR,0401413-H4-190-00-30-036,E,P&ID - HABSHAN 4 CO2 RECOVERY - REFRIGERANT CONDENSER OUTLET DRUM,IFH,WORLEY,DRAWING
H4,190,PR,0401413-H4-190-00-30-037,E,P&ID - HABSHAN 4 CO2 RECOVERY - REFRIGERANT PACKAGE - PROPANE PUMP,IFH,WORLEY,DRAWING
H4,190,PR,0401413-H4-190-00-30-038,E,P&ID - HABSHAN 4 CO2 RECOVERY - TEG UNIT - INLET KOD & CONTRACTOR,IFH,WORLEY,DRAWING
H4,190,PR,0401413-H4-190-00-30-039,E,P&ID - HABSHAN 4 CO2 RECOVERY - TEG UNIT - GLYCOL REBOILER,IFH,WORLEY,DRAWING
H4,190,PR,0401413-H4-190-00-30-040,E,P&ID - HABSHAN 4 CO2 RECOVERY - TEG UNIT - GLYCOL FLASH DRUM,IFH,WORLEY,DRAWING
H4,190,PR,0401413-H4-190-00-30-041-001 ,E,"P&ID - HABSHAN 4 CO2 RECOVERY - TEG UNIT - LEAN/RICH GLYCOL EXCHANGER, PARTICLE AND CARBON FILTERS",IFH,WORLEY,DRAWING
H4,190,PR,0401413-H4-190-00-30-041-002 ,E,P&ID - HABSHAN 4 CO2 RECOVERY - TEG UNIT - LEAN/RICH GLYCOL EXCHANGER,IFH,WORLEY,DRAWING
H4,190,PR,0401413-H4-190-00-30-042,E,P&ID - HABSHAN 4 CO2 RECOVERY - TEG UNIT - GLYCOL STILL 2nd CONDENSER & SPENT GAS KOD,IFH,WORLEY,DRAWING
H4,190,PR,0401413-H4-190-00-30-043,E,P&ID - HABSHAN 4 CO2 RECOVERY - TEG UNIT - WATER CONDENSATE TRANSFER PUMPS,IFH,WORLEY,DRAWING
H4,190,PR,0401413-H4-190-00-30-044-001 ,E,P&ID - HABSHAN 4 CO2 RECOVERY - TEG DEHYDRATION PACKAGE - GLYCOL SURGE DRUM,IFH,WORLEY,DRAWING
H4,190,PR,0401413-H4-190-00-30-044-002 ,E,P&ID - HABSHAN 4 CO2 RECOVERY - TEG UNIT - LEAN GLYCOL COOLER,IFH,WORLEY,DRAWING
H4,190,PR,0401413-H4-190-00-30-045,E,P&ID - HABSHAN 4 CO2 RECOVERY - TEG UNIT - GLYCOL DRAIN DRUM,IFH,WORLEY,DRAWING
H4,190,PR,0401413-H4-190-00-30-047,E,P&ID - HABSHAN 4 CO2 RECOVERY - DRY CO2 TRANSFER PIPELINE & METERING,IFH,WORLEY,DRAWING
H4,190,PR,0401413-H4-190-00-30-048,D,P&ID - HABSHAN 4 CO2 RECOVERY CUSTODY TRANSFER METERING PACKAGE,IFH,WORLEY,DRAWING
H4,190,PR,0401413-H4-190-00-30-070,B,P&ID - HABSHAN 4 CO2 RECOVERY - REFRIGERANT PACKAGE - 1ST STAGE SUCTION DRUM,IFH,WORLEY,DRAWING
H4,190,PR,0401413-H4-190-00-30-071,B,P&ID - HABSHAN 4 CO2 RECOVERY - REFRIGERANT PACKAGE - REFRIGERANT COMPRESSOR,IFH,WORLEY,DRAWING
H4,190,PR,0401413-H4-190-00-30-072,B,P&ID - HABSHAN 4 CO2 RECOVERY - REFRIGERANT COMPRESSOR DELIVERY LINES,IFH,WORLEY,DRAWING
H4,190,PR,0401413-H4-190-00-30-073,B,P&ID - HABSHAN 4 CO2 RECOVERY - REFRIGERANT PACKAGE - REFRIGERANT CONDENSER,IFH,WORLEY,DRAWING
H4,190,PR,0401413-H4-190-00-30-074,B,P&ID - HABSHAN 4 CO2 RECOVERY - REFRIGERANT PACKAGE - REFRIGERANT CONDENSER OUTLET DRUM,IFH,WORLEY,DRAWING
H4,190,PR,0401413-H4-190-00-40-013,E,P&ID - HABSHAN 4 CO2 RECOVERY - CLOSED DRAIN DRUM & PUMPS,IFH,WORLEY,DRAWING
H4,190,PR,0401413-H4-190-00-40-056,E,P&ID - HABSHAN 4 CO2 RECOVERY - INSTRUMENT AIR SYSTEM,IFH,WORLEY,DRAWING
H4,190,PR,0401413-H4-190-00-40-057,E,P&ID - HABSHAN 4 CO2 RECOVERY - PLANT AIR SYSTEM,IFH,WORLEY,DRAWING
H4,190,PR,0401413-H4-190-00-40-058,E,P&ID - HABSHAN 4 CO2 RECOVERY - NITROGEN SYSTEM,IFH,WORLEY,DRAWING
H4,190,PR,0401413-H4-190-00-40-059,E,P&ID - HABSHAN 4 CO2 RECOVERY - HP STEAM & SATURATED LP STEAM SYSTEM,IFH,WORLEY,DRAWING
H4,190,PR,0401413-H4-190-00-40-060,E,P&ID - HABSHAN 4 CO2 RECOVERY - UTILITY WATER AND POTABLE WATER SYSTEM,IFH,WORLEY,DRAWING
H4,190,PR,0401413-H4-190-00-40-061-001,D,P&ID - HABSHAN 4 CO2 RECOVERY - CIRCULATING COOLING WATER SYSTEM,IFH,WORLEY,DRAWING
H4,190,PR,0401413-H4-190-00-40-061-002,E,P&ID - HABSHAN 4 CO2 RECOVERY - CIRCULATING COOLING WATER SYSTEM,IFH,WORLEY,DRAWING
H4,190,PR,0401413-H4-190-00-40-063,D,P&ID - HABSHAN 4 CO2 RECOVERY - LP FUEL GAS SYSTEM,IFH,WORLEY,DRAWING
H4,190,PR,0401413-H4-190-00-71-007,0,PROCESS SAFEGUARDING DIAGRAM - HABSHAN 4 CO2 RECOVERY - LP CO2 COMPRESSOR 1ST STAGE,IFT,WORLEY,DRAWING
H4,190,PR,0401413-H4-190-00-71-008,0,"PROCESS SAFEGUARDING DIAGRAM - HABSHAN 4 CO2 RECOVERY - H4 - LP CO2 COMPRESSOR 2ND, 3RD & 4TH STAGE",IFT,WORLEY,DRAWING
H4,190,PR,0401413-H4-190-00-71-010,0,PROCESS SAFEGUARDING DIAGRAM - HABSHAN 4 CO2 RECOVERY - TEG DEHYDRATION UNIT,IFT,WORLEY,DRAWING
H4,190,PR,0401413-H4-190-00-71-011,0,PROCESS SAFEGUARDING DIAGRAM - HABSHAN 4 CO2 RECOVERY - REFRIGERANT PACKAGE,IFT,WORLEY,DRAWING
H4,190,PR,0401413-H4-190-00-71-012,0,PROCESS SAFEGUARDING DIAGRAM - HABSHAN 4 CO2 RECOVERY - H4 - SCRAPER LAUNCHER,IFT,WORLEY,DRAWING
H4,190,PR,0401413-H4-190-00-71-111,0,PROCESS SAFEGUARDING DIAGRAM - HABSHAN 4 CO2 RECOVERY - CIRCULATED COOLING WATER SUPPLY & RETURN,IFT,WORLEY,DRAWING
H4,190,PR,0401413-H4-190-00-71-114,0,PROCESS SAFEGUARDING DIAGRAM - HABSHAN 4 CO2 RECOVERY - CLOSED DRAIN DRUM & PUMP,IFT,WORLEY,DRAWING
H4,001,PR,CEC-0401413-H4-001-00-71-550,B,CAUSE & EFFECT DIAGRAM - HABSHAN 4 EXISTING / NEW FACILITIES,IFA,WORLEY,DOCUMENT
H4,001,PR,LST-0401413-H4-001-00-42-500,C,RELIEF LOAD SUMMARY,IFA,WORLEY,DOCUMENT
H4,001,PR,PHL-0401413-H4-001-00-11-001,B,START UP AND SHUTDOWN PHILOSOPHY,IFA,WORLEY,DOCUMENT
H4,190,PR,RPT-0401413-GG-190-00-60-020 ,0,HABSHAN 4 LP CO2 COMPRESSOR PACKAGE (190-ME-104) - PROCESS DUTY SPECIFICATION DATASHEET ,IFT,WORLEY,DOCUMENT
H4,190,PR,RPT-0401413-GG-190-00-60-021,1,HABSHAN 4 TEG DEHYDRATION PACKAGE (190-ME-101) - PROCESS DUTY SPECIFICATION,IFT,WORLEY,DOCUMENT
H4,190,PR,RPT-0401413-GG-190-00-60-023,0,HABSHAN-4 WATER CHILLING PACKAGE (190-ME-103) - PROCESS DUTY SPECIFICATION DATASHEET,IFT,WORLEY,DOCUMENT
H4,001,PR,RPT-0401413-H4-001-00-60-028,0,HABSHAN-4 EQUIPMENT SIZING REPORT,IFT,WORLEY,DOCUMENT
H4,001,PR,RPT-0401413-H4-001-00-60-029,0,"HABSHAN 4 - FLARE, RELIEF AND BLOW DOWN REPORT",IFT,WORLEY,DOCUMENT
H4,001,PR,RPT-0401413-H4-001-00-60-032,0,HYDRAULICS AND LINE SIZING REPORT- HABSHAN 4,IFT,WORLEY,DOCUMENT
H4,001,PR,RPT-0401413-H4-001-00-60-035,0,DESIGN REVIEW REPORT - HABSHAN 4,IFI,WORLEY,DOCUMENT
H4,001,PR,RPT-0401413-H4-001-00-60-036,B,DESIGN REVIEW CLOSE OUT REPORT - HABSHAN 4,IFA,WORLEY,DOCUMENT
H4,133,PR,RPT-0401413-H4-133-00-00-006,0,ACID GAS ENRICHMENT UNIT 133 - BASIS OF DESIGN,IFD,BASF,DOCUMENT
H4,133,PR,RPT-0401413-H4-133-00-42-511,0,HABSHAN 4 - UNIT 133 UTILITY CONSUMPTION,IFD,BASF,DOCUMENT
H4,133,PR,RPT-0401413-H4-133-00-42-512,B,HABSHAN 4 - UNIT 133 ANNUAL CHEMICAL CONSUMPTIONS AND / INITIAL FILL QUANTITY ESTIMATE,IFA,BASF,DOCUMENT
H4,133,PR,RPT-0401413-H4-133-00-42-513,B,HABSHAN 4 - UNIT 133 EFFLUENTS & EMISSIONS SUMMARY,IFA,BASF,DOCUMENT
H4,133,PR,RPT-0401413-H4-133-00-60-051,0,ACID GAS ENRICHMENT UNIT 133 - PROCESS DESCRIPTION,IFD,BASF,DOCUMENT
H4,133,PR,RPT-0401413-H4-133-00-60-052,B,ACID GAS ENRICHMENT UNIT 133 - EXISTING UNIT EQUIPMENT ADEQUACY REPORT,IFA,BASF,DOCUMENT
H4,133,PR,RPT-0401413-H4-133-00-60-053,B,ACID GAS ENRICHMENT UNIT 133 - EXISTING SOLVENT HYGIENIST REPORT,IFA,BASF,DOCUMENT
H4,133,PR,RPT-0401413-H4-133-00-60-054,A,ACID GAS ENRICHMENT UNIT 133 - GAMMA SCAN REPORT,ICR,BASF,DOCUMENT
H4,133,PR,RPT-0401413-H4-133-00-71-553,0,HABSHAN 4 - UNIT-133 HEAT AND MATERIAL BALANCE (DEFINE),IFD,BASF,DOCUMENT
H4,133,PR,SPP-0401413-H4-133-00-44-001,0,HABSHAN 4 ACID GAS KNOCKOUT DRUM (133-V-110) PROCESS DATASHEET,IFT,WORLEY,DOCUMENT
H4,133,PR,SPP-0401413-H4-133-00-44-002,0,HABSHAN 4 ACID GAS BLOWER (133-B-101) PROCESS DATASHEET,IFT,WORLEY,DOCUMENT
H4,133,PR,SPP-0401413-H4-133-00-44-003,0,HABSHAN 4 - ACID GAS AIR COOLER (133-E-110) PROCESS DATASHEET,IFT,WORLEY,DOCUMENT
H4,133,PR,SPP-0401413-H4-133-00-44-005,0,HABSHAN 4 SOUR WATER TRANSFER PUMPS (133-P-111A/B) PROCESS DATASHEET,IFT,WORLEY,DOCUMENT
H4,133,PR,SPP-0401413-H4-133-00-44-018,0,HABSHAN 4 LEAN AMINE CHILLER PROCESS DATASHEET (133-E-111 A/B/C/D),IFT,WORLEY,DOCUMENT
H4,190,PR,SPP-0401413-H4-190-00-44-004,0,HABSHAN 4 LP CO2 COMPRESSOR 1ST STAGE SUCTION SCRUBBER DRUM (190-V-101) PROCESS DATASHEET,IFT,WORLEY,DOCUMENT
H4,190,PR,SPP-0401413-H4-190-00-44-006,0,HABSHAN 4 SOUR WATER PUMPS (190-P-101A/B) PROCESS DATASHEET,IFT,WORLEY,DOCUMENT
H4,190,PR,SPP-0401413-H4-190-00-44-007,0,HABSHAN 4 - LP COMPRESSOR 4TH STAGE DISCHARGE COOLER (190-E-104) PROCESS DATASHEET,IFT,WORLEY,DOCUMENT
H4,190,PR,SPP-0401413-H4-190-00-44-011,0,HABSHAN 4 - SCRAPER LAUNCHER (190-V-118) PROCESS DATASHEET,IFT,WORLEY,DOCUMENT
H4,190,PR,SPP-0401413-H4-190-00-44-013,0,HABSHAN 4 CLOSED DRAIN DRUM (190-V-119) PROCESS DATASHEET,IFT,WORLEY,DOCUMENT
H4,190,PR,SPP-0401413-H4-190-00-44-016,0,HABSHAN 4 CLOSED DRAIN PUMPS (190-P-112 A/B) PROCESS DATASHEET,IFT,WORLEY,DOCUMENT
H4,190,PR,SPP-0401413-H4-190-00-44-019,0,HABSHAN 4 GLYCOL WATER STORAGE TANK (190-TK-102) PROCESS DATASHEET,IFT,WORLEY,DOCUMENT
H4,190,PR,SPP-0401413-H4-190-00-44-020,0,HABSHAN 4 GLYCOL WATER CIRCULATION PUMPS (190-P-107A/B) PROCESS DATASHEET,IFT,WORLEY,DOCUMENT
H4,190,PR,SPP-0401413-H4-190-00-44-021,0,HABSHAN 4 GLYCOL DRAIN DRUM (190-V-112) PROCESS DATASHEET,IFT,WORLEY,DOCUMENT
H4,190,PR,SPP-0401413-H4-190-00-44-022,0,HABSHAN 4 GLYCOL DRAIN PUMP (190-P-105) PROCESS DATA SHEET,IFT,WORLEY,DOCUMENT
H4,190,PR,SPP-0401413-H4-190-00-44-035,0,HABSHAN 4 GLYCOL WATER MAKE UP PUMPS (190-P-108A/B) PROCESS DATASHEET,IFT,WORLEY,DOCUMENT
H4,001,SR,0401413-H4-001-61-90-001,A,CO2 RECOVERY UNIT 190 - FIRE AND GAS DETECTOR LAYOUT HABSHAN-4,ICR,WORLEY,DRAWING
H4,001,SR,0401413-H4-001-61-90-005,B,CO2 RECOVERY UNIT 190 ESCAPE ROUTE AND SAFETY SIGN LAYOUT - HABSHAN-4,IFA,WORLEY,DRAWING
H4,190,SR,0401413-H4-190-61-15-001-001,B,P&ID - HABSHAN 4 CO2 RECOVERY - FIRE WATER NETWORK - UNIT 190,IFA,WORLEY,DRAWING
H4,190,SR,0401413-H4-190-61-15-001-002,B,P&ID - HABSHAN 4 CO2 RECOVERY - DELUGE VALVE INSTALLATION DETAIL - UNIT 190,IFA,WORLEY,DRAWING
H4,190,SR,0401413-H4-190-61-15-001-003,B,P&ID - HABSHAN 4 CO2 RECOVERY - WATER SPRAY SYSTEM DISTRIBUTION - UNIT 190,IFA,WORLEY,DRAWING
H4,190,SR,0401413-H4-190-61-15-001-004,B,P&ID - HABSHAN 4 CO2 RECOVERY - WATER SPRAY NOZZLES - TYPICAL ARRANGEMENT - UNIT 190,IFA,WORLEY,DRAWING
H4,190,SR,0401413-H4-190-61-15-002,A,P&ID - HABSHAN 4 CO2 RECOVERY FIRE SUPPRESSION SYSTEM - SUBSTATION (SS-32) BUILDING,ICR,WORLEY,DRAWING
H4,190,SR,0401413-H4-190-61-55-001,B,CO2 RECOVERY UNIT 190 - HAZARDOUS AREA CLASSIFICATION LAYOUT - HABSHAN-4,IFA,WORLEY,DRAWING
H4,190,SR,0401413-H4-190-61-90-002,A,CO2 RECOVERY UNIT 190 FIRE AND GAS DETECTOR LAYOUT - SCRAPER LAUNCHER UNIT - HABSHAN-4,ICR,WORLEY,DRAWING
H4,190,SR,0401413-H4-190-61-90-003,B,CO2 RECOVERY UNIT 190 FIREFIGHTING AND SAFETY EQUIPMENT LAYOUT - HABSHAN-4,IFA,WORLEY,DRAWING
H4,190,SR,0401413-H4-190-61-90-004,B,CO2 RECOVERY UNIT 190 - PASSIVE FIRE PROTECTION LAYOUT - HABSHAN-4,IFA,WORLEY,DRAWING
H4,190,SR,0401413-H4-190-61-90-007,A,FIRE AND GAS DETECTOR LAYOUT - SUBSTATION BUILDING - SS32 HABSHAN-4,ICR,WORLEY,DRAWING
H4,190,SR,0401413-H4-190-61-90-008,B,HABSHAN 4 - UNIT 190 SUBSTATION 32 - FIRE FIGHTING AND SAFETY EQUIPMENT LAYOUT,IFA,WORLEY,DRAWING
H4,190,SR,0401413-H4-190-61-90-009,B,HABSHAN 4 - UNIT 190 SUBSTATION 32 - ESCAPE ROUTE AND SAFETY SIGN LAYOUT,IFA,WORLEY,DRAWING
H4,190,SR,CEC-0401413-H4-190-61-88-001,A,CAUSE & EFFECT DIAGRAM - HABSHAN 4 - FIRE AND GAS SYSTEM - UNIT 190,ICR,WORLEY,DOCUMENT
H4,190,SR,CEC-0401413-H4-190-61-88-002,A,CAUSE & EFFECT DIAGRAM - HABSHAN-4,ICR,WORLEY,DOCUMENT
H4,190,SR,RPT-0401413-GG-190-61-22-013,B,SIL CLASSIFICATION REPORT - HABSHAN 4,IFA,WORLEY,DOCUMENT
H4,190,SR,RPT-0401413-GG-190-61-22-017,0,HAZOP REPORT - HABSHAN 4,IFT,WORLEY,DOCUMENT
H4,190,SR,RPT-0401413-H4-190-61-22-012,0,HAZID ENVID OHID REPORT - HABSHAN 4,IFD,WORLEY,DOCUMENT
H4,190,SR,RPT-0401413-H4-190-61-25-001,0,FIREWATER DEMAND CALCULATION AND ADEQUACY REPORT - HABSHAN 4,IFD,WORLEY,DOCUMENT
H4,300,TE,0401413-300-1530-001,0,TELEPHONE / PABX SYSTEM BLOCK DIAGRAM - HABSHAN-4,IFD,WORLEY,DRAWING
H4,300,TE,0401413-300-1530-003,0,DATA NETWORK / SCS SYSTEM BLOCK DIAGRAM - HABSHAN-4,IFD,WORLEY,DRAWING
H4,300,TE,0401413-300-1530-004,0,CCTV SYSTEM BLOCK DIAGRAM HABSHAN-4,IFD,WORLEY,DRAWING
H4,300,TE,0401413-300-1530-0541,0,RADIO COMMUNICATION SYSTEM BLOCK DIAGRAM - HABSHAN-4,IFD,WORLEY,DRAWING
H4,001,TE,0401413-H4-001-15-77-024-001,0,PUBLIC ADDRESS SYSTEM BLOCK DIAGRAM HABSHAN-4,IFD,WORLEY,DRAWING
H4,001,TE,0401413-H4-001-15-77-024-002,0,PUBLIC ADDRESS SYSTEM BLOCK DIAGRAM HABSHAN-4,IFD,WORLEY,DRAWING
H4,190,TE,0401413-H4-190-15-99-051,B,TELECOM SYSTEM EQUIPMENT LAYOUT FOR SUBSTATION 32,IFA,WORLEY,DRAWING
H4,190,TE,0401413-H4-190-15-99-053,B,TELECOM SYSTEM EQUIPMENT LAYOUT FOR UNIT-190 HABSHAN-4,IFA,WORLEY,DRAWING
H4,001,TE,DOD-0401413-H4-001-15-22-010,B,TELECOM EQUIPMENT LIST (HABSHAN-4),IFA,WORLEY,DOCUMENT
H4,001,TE,DOD-0401413-H4-001-15-22-011,A,TELECOM CABLE SCHEDULE,ICR,WORLEY,DOCUMENT
H4,001,TE,DOD-0401413-H4-001-15-22-012,B,TELECOM TIE-IN LIST (HABSHAN-4),IFA,WORLEY,DOCUMENT
H4,001,TE,DOD-0401413-H4-001-15-66-001,B,POWER CONSUMPTION & HEAT DISSIPATION CALCULATION FOR HABSHAN-4,IFA,WORLEY,DOCUMENT
H4,001,TE,RPT-0401413-H4-001-15-44-002,A,MODIFICATION SCOPE OF WORK TO EXISTING TELECOM SYSTEM,ICR,WORLEY,DOCUMENT
H5,515,AR,0401413-H5-515-20-12-001,B,H5 SUBSTATION 519 - ARCHITECTURAL PLAN-1,IFA,WORLEY,DRAWING
H5,515,AR,0401413-H5-515-20-12-002,B,H5 SUBSTATION 519 - ARCHITECTURAL PLAN-2,IFA,WORLEY,DRAWING
H5,515,AR,0401413-H5-515-20-12-003,B,H5 SUBSTATION 519 - ARCHITECTURAL PLAN-3,IFA,WORLEY,DRAWING
H5,515,AR,0401413-H5-515-20-12-004,B,H5 SUBSTATION 519 - ARCHITECTURAL ELEVATIONS-1,IFA,WORLEY,DRAWING
H5,515,AR,0401413-H5-515-20-12-005,B,H5 SUBSTATION 519 - ARCHITECTURAL ELEVATIONS-1,IFA,WORLEY,DRAWING
H5,515,AR,0401413-H5-515-20-12-006,B,H5 SUBSTATION 519 - FINISHING SCHEDULE,IFA,WORLEY,DRAWING
H5,515,AR,0401413-H5-515-20-12-011,B,INSTRUMENT EQUIPMENT SHELTER IES-510 - ARCHITECTURAL PLAN-1,IFA,WORLEY,DRAWING
H5,515,AR,0401413-H5-515-20-12-012,B,INSTRUMENT EQUIPMENT SHELTER IES-510 - ARCHITECTURAL PLAN-2,IFA,WORLEY,DRAWING
H5,515,AR,0401413-H5-515-20-12-013,B,INSTRUMENT EQUIPMENT SHELTER IES-510 - ARCHITECTURAL ELEVATIONS-1,IFA,WORLEY,DRAWING
H5,515,AR,0401413-H5-515-20-12-014,B,INSTRUMENT EQUIPMENT SHELTER IES-510 - ARCHITECTURAL SECTIOINS-1,IFA,WORLEY,DRAWING
H5,515,AR,0401413-H5-515-20-12-015,B,INSTRUMENT EQUIPMENT SHELTER IES-510 - FINISHING SCHEDULE,IFA,WORLEY,DRAWING
H5,515,AR,0401413-H5-515-20-12-021,A,LP/HP CO2 COMPRESSOR SHED - ARCHITECTURAL PLAN-1,ICR,WORLEY,DRAWING
H5,515,AR,0401413-H5-515-20-12-022,A,LP/HP CO2 COMPRESSOR SHED - ARCHITECTURAL PLAN-2,ICR,WORLEY,DRAWING
H5,515,AR,0401413-H5-515-20-12-023,A,LP/HP CO2 COMPRESSOR SHED - ELEVATIONS,ICR,WORLEY,DRAWING
H5,515,AR,0401413-H5-515-20-12-024,A,LP/HP CO2 COMPRESSOR SHED - SECTIONS,ICR,WORLEY,DRAWING
H5,001,CI,0401413-H5-001-17-13-115,A,HABSHAN-5 PIPELINE ANCHOR BLOCK DETAILS,ICR,WORLEY,DRAWING
H5,515,CI,0401413-H5-515-17-12-031,A,DRAIN DRUM SUMP (515-V-112 & 515-V-119) - PLAN AND DETAILS,ICR,WORLEY,DRAWING
H5,515,CI,0401413-H5-515-17-12-041,B,CO2 RECOVERY HABSHAN - UNIT 515 - SITE GRADING PLAN AND DETAILS,IFA,WORLEY,DRAWING
H5,515,CI,0401413-H5-515-17-23-041,B,VERTICAL VESSELS - FOUNDATION PLAN AND DETAILS,IFA,WORLEY,DRAWING
H5,515,CI,0401413-H5-515-17-23-044,A,HABSHAN-5 TEG PACKAGE (515-ME-101) - FOUNDATION LAYOUT,IFA,WORLEY,DRAWING
H5,515,CI,0401413-H5-515-17-23-045,A,SCRAPER RECEIVER (515-V-113) - FOUNDATION PLAN AND DETAILS,ICR,WORLEY,DRAWING
H5,515,CI,0401413-H5-515-17-23-046,A,HABSHAN-5 LP/HP CO2 COMPRESSOR PACKAGE (515-ME-104) FOUNDATION LAYOUT,ICR,WORLEY,DRAWING
H5,515,CI,0401413-H5-515-17-23-047,B,PUMP FOUNDATION - PLAN AND DETAILS,IFA,WORLEY,DRAWING
H5,515,CI,0401413-H5-515-17-23-048,A,RECEIVER (515-V-113) IMPACT WALL - FOUNDATION PLAN AND DETAILS,ICR,WORLEY,DRAWING
H5,515,CI,0401413-H5-515-17-23-051,A,HABSHAN-5 LP/HP CO2 COMPRESSOR PACKAGE (515-ME-104) FOUNDATION DETAILS,ICR,WORLEY,DRAWING
H5,515,CI,0401413-H5-515-17-23-063,A,LP/HP CO2 COMPRESSOR SHED - FOUNDATION PLAN AND DETAILS,ICR,WORLEY,DRAWING
H5,515,CI,0401413-H5-515-17-23-072,A,HABSHAN-5 TEG PACKAGE (515-ME-101) - FOUNDATION DETAIL,IFA,WORLEY,DRAWING
H5,515,CI,0401413-H5-515-17-31-030,A,TOPOGRAPHIC & UNDERGROUND DETECTION SURVEY - KEY PLAN - HABSHAN-5 UNIT-515 (WGS-84 SYSTEM),ICR,ACES,DRAWING
H5,515,CI,0401413-H5-515-17-31-031,A,TOPOGRAPHIC & UNDERGROUND DETECTION SURVEY - HABSHAN-5 UNIT-515 (WGS-84 SYSTEM),ICR,ACES,DRAWING
H5,515,CI,0401413-H5-515-17-31-032,A,TOPOGRAPHIC & UNDERGROUND DETECTION SURVEY - KEY PLAN - HABSHAN-5 UNIT-515 (NAHRWAN SYSTEM),ICR,ACES,DRAWING
H5,515,CI,0401413-H5-515-17-31-033,A,TOPOGRAPHIC & UNDERGROUND DETECTION SURVEY - HABSHAN-5 UNIT-515 (NAHRWAN SYSTEM),ICR,ACES,DRAWING
H5,515,CI,0401413-H5-515-18-13-031,A,LP/HP CO2 COMPRESSOR SHED - BASE PLATE LAYOUT AND DETAILS,ICR,WORLEY,DRAWING
H5,515,CI,0401413-H5-515-18-13-032,A,LP/HP CO2 COMPRESSOR SHED - PLAN AT TOG EL (+) 114.000,ICR,WORLEY,DRAWING
H5,515,CI,0401413-H5-515-18-13-033,A,LP/HP CO2 COMPRESSOR SHED - PLAN AT BOS EL (+) 116.400,ICR,WORLEY,DRAWING
H5,515,CI,0401413-H5-515-18-13-034,A,LP/HP CO2 COMPRESSOR SHED - PLAN AT ROOF LEVEL,ICR,WORLEY,DRAWING
H5,515,CI,0401413-H5-515-18-13-035,A,LP/HP CO2 COMPRESSOR SHED - STRUCTURAL ELEVATIONS,ICR,WORLEY,DRAWING
H5,515,CI,0401413-H5-515-20-13-001,B,H5 SUBSTATION 519 - STRUCTURAL FLOOR PLAN,IFA,WORLEY,DRAWING
H5,515,CI,0401413-H5-515-20-13-002,B,H5 SUBSTATION 519 - STRUCTURAL FLOOR PLAN,IFA,WORLEY,DRAWING
H5,515,CI,0401413-H5-515-20-13-003,B,H5 SUBSTATION 519 - SECTION,IFA,WORLEY,DRAWING
H5,515,CI,0401413-H5-515-20-13-004,A,HABSHAN-5 AT SUBSTATION-516 STRUCTURAL GROUND FLOOR PLAN,ICR,WORLEY,DRAWING
H5,515,CI,0401413-H5-515-20-13-011,B,INSTRUMENT EQUIPMENT SHELTER - IES-510 - STRUCTURAL FLOOR PLAN,IFA,WORLEY,DRAWING
H5,515,CI,0401413-H5-515-20-13-012,B,INSTRUMENT EQUIPMENT SHELTER - IES-510 - STRUCTURAL ROOF PLAN,IFA,WORLEY,DRAWING
H5,515,CI,0401413-H5-515-20-13-013,B,INSTRUMENT EQUIPMENT SHELTER - IES-510 - STRUCTURAL SECTIONS,IFA,WORLEY,DRAWING
H5,515,CI,0401413-H5-515-20-23-001,B,H5 SUBSTATION 519 - RC FOUNDATION LAYOUT & DETAILS,IFA,WORLEY,DRAWING
H5,515,CI,0401413-H5-515-20-23-002,B,INSTRUMENT EQUIPMENT SHELTER - IES-510 - RC FOUNDATION LAYOUT & DETAILS,IFA,WORLEY,DRAWING
H5,001,CI,DC-0401413-H5-001-17-22-106,B,DESIGN CALCULATION - HABSHAN-5 PUMP FOUNDATION (STATIC),IFA,WORLEY,DOCUMENT
H5,001,CI,DC-0401413-H5-001-17-22-111,A,ADDITIONAL DESIGN REQUIREMENT - HABSHAN 5,ICR,WORLEY,DOCUMENT
H5,515,CI,DC-0401413-H5-515-17-22-003,A,DESIGN CALCULATION FOR COMPRESSOR SHED,ICR,WORLEY,DOCUMENT
H5,515,CI,DC-0401413-H5-515-17-22-004,B,DESIGN CALCULATION HABSHAN-5 - VERTICAL VESSEL FOUNDATION,IFA,WORLEY,DOCUMENT
H5,515,CI,DC-0401413-H5-515-17-22-006,A,"DESIGN CALCULATION HABSHAN-5, UNIT-515 TEG PACKAGE (515-ME-101) FOUNDATION",IFA,WORLEY,DOCUMENT
H5,515,CI,DC-0401413-H5-515-17-22-009,A,DESIGN CALCULATION HABSHAN-5 FOUNDATION FOR LP/HP CO2 COMPRESSOR PACKAGE (515-ME-104),ICR,WORLEY,DOCUMENT
H5,515,CI,DC-0401413-H5-515-20-22-001,B,DESIGN CALCULATION OF HABSHAN 5 UNIT 515 IES 510 BUILDING,IFA,WORLEY,DOCUMENT
H5,515,CI,DC-0401413-H5-515-20-22-002,B,DESIGN CALCULATION OF HABSHAN 5 SUBSTATION 519,IFA,WORLEY,DOCUMENT
H5,001,CI,RPT-0401413-H5-001-14-17-011,B,GEOTECHNICAL INVESTIGATION - FACTUAL REPORT FOR HABSHAN-5 UNIT 515,ICR,ACES,DOCUMENT
H5,001,CI,RPT-0401413-H5-001-14-17-012,B,GEOTECHNICAL INVESTIGATION - INTERPRETATIVE AND RECOMMENDATION REPORT FOR HABSHAN-5 UNIT 515,ICR,ACES,DOCUMENT
H5,001,CI,RPT-0401413-H5-001-14-17-021,A,TOPOGRAPHIC AND UNDERGROUND DETECTION SURVEY REPORT - HABSHAN-5 UNIT 515,ICR,ACES,DOCUMENT
H5,001,CI,RPT-0401413-H5-001-17-17-001,0,HABSHAN-5 SITE VISIT REPORT - CIVIL AND STRUCTURAL,IFI,WORLEY,DOCUMENT
H5,001,EL,0401413-H5-000-16-33-001,0,KEY SINGLE LINE DIAGRAM - OVERALL POWER DISTRIBUTION,IFD,WORLEY,DRAWING
H5,001,EL,0401413-H5-000-16-33-002,0,SINGLE LINE DIAGRAM - 33KV SWITCHBOARD 580-EE-002 SUBSTATION 500 ,IFD,WORLEY,DRAWING
H5,001,EL,0401413-H5-000-16-33-003,0,SINGLE LINE DIAGRAM 3.3KV SWITCHGEAR SUBSTATION 500,IFD,WORLEY,DRAWING
H5,001,EL,0401413-H5-000-16-33-004,0,KEY SINGLE LINE DIAGRAM - SUBSTATION 519,IFD,WORLEY,DRAWING
H5,001,EL,0401413-H5-000-16-33-005,0,METERING AND PROTECTION SLD FOR 33KV SWITCHGEAR SS 519 (580-EE-1901),IFD,WORLEY,DRAWING
H5,001,EL,0401413-H5-000-16-33-006,B,METERING AND PROTECTION SLD FOR 11KV SWITCHGEAR (515-EE-1902),IFA,WORLEY,DRAWING
H5,001,EL,0401413-H5-000-16-33-007,B,METERING AND PROTECTION SLD FOR 3.3KV SWITCHGEAR (580-EE-1903),IFA,WORLEY,DRAWING
H5,001,EL,0401413-H5-000-16-33-008,B,415V SWITCHGEAR SINGLE LINE DIAGRAM (580-EE-1904),IFA,WORLEY,DRAWING
H5,001,EL,0401413-H5-000-16-33-009,B,415V SWITCHGEAR SINGLE LINE DIAGRAM (580-EE-1905),IFA,WORLEY,DRAWING
H5,001,EL,0401413-H5-000-16-33-010,0,415V EMERGENCY SWITCHGEAR SINGLE LINE DIAGRAM (580-EE-1900),IFD,WORLEY,DRAWING
H5,001,EL,0401413-H5-000-16-33-011,0,SINGLE LINE DIAGRAM 110V DC UPS (HABSHAN 5),IFD,WORLEY,DRAWING
H5,001,EL,0401413-H5-000-16-33-017,0,SINGLE LINE DIAGRAM - EXTENSION OF EXISTING 3.3KV SWITCHGEARS (HABSHAN-5),IFD,WORLEY,DRAWING
H5,001,EL,0401413-H5-000-16-33-018,0,SINGLE LINE DIAGRAM - EXTENSION OF EXISTING 415V SWITCHGEARS (HABSHAN 5),IFD,WORLEY,DRAWING
H5,001,EL,0401413-H5-001-16-36-011,B,"ECS, LV IPCS ARCHITECTURE DIAGRAM - SUBSTATION-519",IFD,WORLEY,DRAWING
H5,001,EL,0401413-H5-001-16-60-200,B,EQUIPMENT LAYOUT - SUBSTATION 519,IFA,WORLEY,DRAWING
H5,001,EL,0401413-H5-001-16-60-204,0,EQUIPMENT LAYOUT - EXTENSION OF EXISTING 3.3KV AND 415V SWITCHGEARS,IFD,WORLEY,DRAWING
H5,001,EL,0401413-H5-001-16-60-208,0,ELECTRICAL EQUIPMENT LAYOUT - SUBSTATION 500,IFD,WORLEY,DRAWING
H5,001,EL,0401413-H5-001-16-60-209,0,CABLE ROUTING LAYOUT (SUBSTATION 500 TO SUBSTATION 519),IFD,WORLEY,DRAWING
H5,515,EL,0401413-H5-515-16-33-012,A,SINGLE LINE DIAGRAM 240V AC UPS (HABSHAN-5),ICR,WORLEY,DRAWING
H5,001,EL,DOD-0401413-H5-001-16-31-002,B,ELECTRICAL HEAT TRACING SYSTEM SCHEDULE (HABSHAN-5),IFA,WORLEY,DOCUMENT
H5,001,EL,DOD-0401413-H5-001-16-31-003,A,TIE-IN SCHEDULES (HABSHAN-5),ICR,WORLEY,DOCUMENT
H5,001,EL,DOD-0401413-H5-001-16-34-001,0,HABSHAN-5 ELECTRICAL LOAD LIST,IFD,WORLEY,DOCUMENT
H5,001,EL,DOD-0401413-H5-001-16-34-002,B,ELECTRICAL EQUIPMENT LIST (HABSHAN-5),IFA,WORLEY,DOCUMENT
H5,001,EL,DOD-0401413-H5-001-16-34-003,0,HABSHAN-5 I/O LIST FOR ECS/IPCS (TYPICAL),IFD,WORLEY,DOCUMENT
H5,001,EL,DOD-0401413-H5-001-16-35-001,B,HABSHAN-5 TRANSFORMER SIZING,IFA,WORLEY,DOCUMENT
H5,001,EL,DOD-0401413-H5-001-16-35-004,0,NEUTRAL EARTHING RESISTOR SIZING CALCULATION (HABSHAN-5),IFD,WORLEY,DOCUMENT
H5,001,EL,DOD-0401413-H5-001-16-35-005,0,DC UPS SIZING CALCULATION (HABSHAN-5),IFD,WORLEY,DOCUMENT
H5,001,EL,DOD-0401413-H5-001-16-35-006,A,CABLE SIZING CALCULATION (HABSHAN-5),ICR,WORLEY,DOCUMENT
H5,001,EL,DOD-0401413-H5-001-16-35-007,B,SWITCHGEAR SIZING CALCULATION (HABSHAN-5),IFA,WORLEY,DOCUMENT
H5,001,EL,DOD-0401413-H5-001-16-35-008,0,HABSHAN-5 EARTHING & LIGHTNING PROTECTION CALCULATION,IFD,WORLEY,DOCUMENT
H5,001,EL,DOD-0401413-H5-001-16-35-009,A,LIGHTING CALCULATIONS - INDOOR (HABSHAN-5),ICR,WORLEY,DOCUMENT
H5,001,EL,DOD-0401413-H5-001-16-38-001,1,DATA SHEET FOR POWER TRANSFORMER (HABSHAN-5),IFD,WORLEY,DOCUMENT
H5,001,EL,DOD-0401413-H5-001-16-38-002,0,DATA SHEET FOR DISTRIBUTION TRANSFORMER,IFD,WORLEY,DOCUMENT
H5,001,EL,DOD-0401413-H5-001-16-38-004,0,DATASHEET FOR 11KV AIR INSULATED SWITCHGEAR (HABSHAN-5),IFD,WORLEY,DOCUMENT
H5,001,EL,DOD-0401413-H5-001-16-38-005,0,DATASHEET FOR LV SWITCHGEAR (HABSHAN-5),IFD,WORLEY,DOCUMENT
H5,001,EL,DOD-0401413-H5-001-16-38-006,0,DATASHEET FOR 3.3KV AIR INSULATED SWITCHGEAR (HABSHAN-5),IFD,WORLEY,DOCUMENT
H5,001,EL,DOD-0401413-H5-001-16-38-009,0,DATASHEET FOR DISTRIBUTION BOARDS (HABSHAN-5),IFD,WORLEY,DOCUMENT
H5,001,EL,DOD-0401413-H5-001-16-38-010,0,DATASHEET FOR DC UPS,IFD,WORLEY,DOCUMENT
H5,001,EL,DOD-0401413-H5-001-16-38-012,0,DATASHEET FOR MV STARTING CONVERTER WITH BYPASS FOR LP/HP CO2 COMPRESSOR (HABSHAN-5),IFD,WORLEY,DOCUMENT
H5,001,EL,DOD-0401413-H5-001-16-38-014,0,HABSHAN-5 DATASHEET FOR NEUTRAL GROUNDING RESISTOR,IFD,WORLEY,DOCUMENT
H5,001,EL,DOD-0401413-H5-001-16-38-015,0,DATASHEET FOR HEAT TRACING SYSTEM (HABSHAN-5),IFD,WORLEY,DOCUMENT
H5,001,EL,DOD-0401413-H5-001-16-38-017,1,HABSHAN-5 DATASHEET FOR LV BUSDUCT,IFD,WORLEY,DOCUMENT
H5,001,EL,DOD-0401413-H5-001-16-38-018,0,DATA SHEET FOR MV BUS DUCT (HABSHAN-5),IFD,WORLEY,DOCUMENT
H5,001,EL,DOD-0401413-H5-001-16-38-019,0,DATA SHEET FOR GAS INSULATED 33KV SWITCHGEAR (HABSHAN-5),IFD,WORLEY,DOCUMENT
H5,515,EL,DOD-0401413-H5-515-16-35-003,B,AC UPS SIZING CALCULATION (HABSHAN-5),IFA,WORLEY,DOCUMENT
H5,515,EL,DOD-0401413-H5-515-16-38-011,A,DATASHEET FOR AC UPS (HABSHAN-5),ICR,WORLEY,DOCUMENT
H5,515,EL,RPT-0401413-GG-515-16-39-004,B,TECHNICAL BID EVALUATION REPORT FOR 40MVA POWER TRANSFORMER,IFA,WORLEY,DOCUMENT
H5,001,EL,RPT-0401413-H5-001-16-00-001,B,POWER SYSTEM STUDY REPORT,IFA,WORLEY,DOCUMENT
H5,001,EL,RPT-0401413-H5-001-16-00-002,B,ADEQUACY CHECK REPORT FOR EXISTING ELECTRICAL EQUIPMENT AT HABSHAN-5,IFA,WORLEY,DOCUMENT
H5,515,HV,0401413-H5-515-34-77-003-001,A,HVAC LAYOUT (H5 - IES510),ICR,WORLEY,DRAWING
H5,515,HV,0401413-H5-515-34-77-003-002,A,HVAC LAYOUT (H5 - IES510),ICR,WORLEY,DRAWING
H5,515,HV,0401413-H5-515-34-88-002,A,HVAC AIR FLOW DIAGRAM (H5 - SS519),ICR,WORLEY,DRAWING
H5,515,HV,0401413-H5-515-34-88-003,B,HVAC AIR FLOW DIAGRAM (H5 - IES510),IFA,WORLEY,DRAWING
H5,515,HV,0401413-H5-515-34-90-004-001,A,HVAC CONTROL DIAGRAM (H5 - SS519),ICR,WORLEY,DRAWING
H5,515,HV,0401413-H5-515-34-90-004-002,A,HVAC CONTROL DIAGRAM (H5 - SS519),ICR,WORLEY,DRAWING
H5,515,HV,0401413-H5-515-34-90-005,A,CHILLED WATER SCHEMATIC DIAGRAM (H5-SS519),ICR,WORLEY,DRAWING
H5,515,HV,0401413-H5-515-34-90-007-001,B,HVAC CONTROL DIAGRAM (H5-IES510),IFA,WORLEY,DRAWING
H5,515,HV,0401413-H5-515-34-90-007-002,B,HVAC CONTROL DIAGRAM (H5-IES510),IFA,WORLEY,DRAWING
H5,515,HV,0401413-H5-515-34-90-008,0,CHILLED WATER SCHEMATIC DIAGRAM (H5-IES510),IFT,WORLEY,DRAWING
H5,515,HV,DC-0401413-H5-515-34-66-002,A,HVAC HEAT LOAD CALCULATION (H5-SS),ICR,WORLEY,DOCUMENT
H5,515,HV,DC-0401413-H5-515-34-66-003,B,HVAC HEAT LOAD CALCULATION (H5 - IES),IFA,WORLEY,DOCUMENT
H5,515,HV,DOD-0401413-H5-515-34-22-002,A,HVAC EQUIPMENT LIST (H5 - SS519),ICR,WORLEY,DOCUMENT
H5,515,HV,DOD-0401413-H5-515-34-22-003,A,HVAC EQUIPMENT LIST (H5 - IES510),ICR,WORLEY,DOCUMENT
H5,515,HV,SPP-0401413-H5-515-34-44-002,A,HVAC EQUIPMENT DATA SHEETS (H5 - SUBSTATION 519),ICR,WORLEY,DOCUMENT
H5,515,HV,SPP-0401413-H5-515-34-44-003,B,HVAC EQUIPMENT DATA SHEETS (H5 - IES),IFA,WORLEY,DOCUMENT
H5,001,IC,0401413-H5-001-15-30-010,A,INSTRUMENT EQUIPMENT ROOM LAYOUT NEW IES-510 (HABSHAN 5),ICR,WORLEY,DRAWING
H5,001,IC,0401413-H5-001-15-77-001-001,A,CONTROL SYSTEMS ARCHITECTURE/BLOCK DIAGRAM FOR ICS (HABSHAN 5),ICR,WORLEY,DRAWING
H5,001,IC,0401413-H5-001-15-77-001-002,A,CONTROL SYSTEMS ARCHITECTURE/BLOCK DIAGRAM FOR ICS (HABSHAN 5),ICR,WORLEY,DRAWING
H5,001,IC,0401413-H5-001-15-77-002,A,CONTROL SYSTEMS BLOCK DIAGRAMS FOR MMS (HABSHAN 5),ICR,WORLEY,DRAWING
H5,001,IC,0401413-H5-001-15-77-003,B,CONTROL SYSTEM BLOCK DIAGRAM FOR IES-510 (HABSHAN 5),IFA,WORLEY,DRAWING
H5,001,IC,0401413-H5-001-15-77-004-001,A,CONTROL SYSTEM AND INTERFACE BLOCK DIAGRAM FOR IES-507 AND IES-508 MODIFICATION - HABSHAN #5,ICR,WORLEY,DRAWING
H5,001,IC,0401413-H5-001-15-77-004-002,A,CONTROL SYSTEM AND INTERFACE BLOCK DIAGRAM FOR IES-507 AND IES-508 MODIFICATION - HABSHAN #5,ICR,WORLEY,DRAWING
H5,001,IC,0401413-H5-001-15-77-010,B,CONTROL SYSTEMS ARCHITECTURE/BLOCK DIAGRAMS FOR CUSTODY TRANSFER CO2 FLOW METERING SYSTEM - HABSHAN 5,IFA,WORLEY,DRAWING
H5,001,IC,0401413-H5-001-15-77-011,A,CONTROL SYSTEMS BLOCK DIAGRAMS FOR ACS (HABSHAN 5),ICR,WORLEY,DRAWING
H5,001,IC,DOD-0401413-H5-001-15-66-002,A,FLOW ELEMENT SIZING CALCULATION AT HABSHAN-5,ICR,WORLEY,DOCUMENT
H5,001,IC,DOD-0401413-H5-001-15-66-003,B,THERMOWELL WAKE FREQUENCY CALCULATION AT HABSHAN-5,IFA,WORLEY,DOCUMENT
H5,001,IC,DOD-0401413-H5-001-15-66-004,B,CONTROL VALVE SIZING CALCULATION AT HABSHAN-5,IFA,WORLEY,DOCUMENT
H5,001,IC,NM-0401413-H5-001-15-44-005,A,F&G I/O LIST - HABSHAN 5 EXISTING / NEW FACILITIES,ICR,WORLEY,DOCUMENT
H5,001,IC,NM-0401413-H5-001-15-89-002,B,INSTRUMENT INDEX - HABSHAN 5,IFA,WORLEY,DOCUMENT
H5,001,IC,NM-0401413-H5-001-15-89-003,B,DCS I/O LIST - HABSHAN-5,IFA,WORLEY,DOCUMENT
H5,001,IC,NM-0401413-H5-001-15-89-004,B,ESD I/O LIST - HABSHAN-5,IFA,WORLEY,DOCUMENT
H5,001,IC,R-0401413-H5-001-15-55-002,A,MATERIAL REQUISITION FOR INTEGRATED CONTROL SYSTEM (ICS) FOR HABSHAN-5,ICR,WORLEY,DOCUMENT
H5,001,IC,RPT-0401413-H5-001-15-89-001,A,SITE VISIT REPORT - INSTRUMENTATION (HABSHAN 5),ICR,WORLEY,DOCUMENT
H5,001,IC,SOW-0401413-H5-001-15-11-007,B,ADEQUACY STUDY AND MODIFICATION SCOPE OF WORK FOR MMS (HABSHAN-5),IFA,WORLEY,DOCUMENT
H5,001,IC,SOW-0401413-H5-001-15-11-051,A,ADEQUACY STUDY AND MODIFICATION SCOPE OF WORK FOR DCS (HABSHAN-5),ICR,WORLEY,DOCUMENT
H5,001,IC,SOW-0401413-H5-001-15-11-052,A,ADEQUACY STUDY AND MODIFICATION SCOPE OF WORK FOR ESD (HABSHAN-5),ICR,WORLEY,DOCUMENT
H5,001,IC,SOW-0401413-H5-001-15-11-056,A,ADEQUACY STUDY AND MODIFICATION SCOPE OF WORK FOR ACS (HABSHAN-5),ICR,WORLEY,DOCUMENT
H5,001,IC,SPP-0401413-H5-001-15-50-001,B,INSTRUMENT DATASHEETS FOR MOTOR OPERATED VALVES AT HABSHAN-5,IFA,WORLEY,DOCUMENT
H5,001,IC,SPP-0401413-H5-001-15-50-002,B,INSTRUMENT DATASHEETS FOR CONTROL VALVES AT HABSHAN-5,IFA,WORLEY,DOCUMENT
H5,001,IC,SPP-0401413-H5-001-15-50-003,B,INSTRUMENT DATASHEETS FOR SAFETY RELIEF VALVES AT HABSHAN-5,IFA,WORLEY,DOCUMENT
H5,001,IC,SPP-0401413-H5-001-15-50-004,B,"INSTRUMENT DATASHEETS FOR FLOW ELEMENTS, RESTIRCTION ORIFICE & PITOT TUBE AT HABSHAN-5",IFA,WORLEY,DOCUMENT
H5,001,IC,SPP-0401413-H5-001-15-50-005,B,INSTRUMENT DATASHEETS FOR FLOW TRANSMITTER AT HABSHAN-5,IFA,WORLEY,DOCUMENT
H5,001,IC,SPP-0401413-H5-001-15-50-006,B,INSTRUMENT DATASHEETS FOR GUIDED WAVE RADAR LEVEL TRANSMITTERS AT HABSHAN-5,IFA,WORLEY,DOCUMENT
H5,001,IC,SPP-0401413-H5-001-15-50-007,B,INSTRUMENT DATASHEETS FOR ELECTRONIC TRANSMITTERS AT HABSHAN-5,IFA,WORLEY,DOCUMENT
H5,001,IC,SPP-0401413-H5-001-15-50-009,A,DATASHEETS FOR FIRE & GAS DEVICES AT HABSHAN-5,ICR,WORLEY,DOCUMENT
H5,001,IC,SPP-0401413-H5-001-15-50-010,B,DATASHEETS FOR CUSTODY TRANSFER FLOW METERING SKID AT HABSHAN-5,IFA,WORLEY,DOCUMENT
H5,001,IC,SPP-0401413-H5-001-15-50-011,B,INSTRUMENT DATASHEETS FOR ESD ON-OFF VALVES AT HABSHAN-5,IFA,WORLEY,DOCUMENT
H5,001,IC,SPP-0401413-H5-001-15-50-012,A,INSTRUMENT DATASHEETS FOR ANALYSERS AT HABSHAN-5,ICR,WORLEY,DOCUMENT
H5,001,ME,DOD-0401413-H5-001-08-44-118,A,SPECIFICATION FOR COS HYDROLYSIS PACKAGE (TAG NO: 515-ME-103),ICR,WORLEY,DOCUMENT
H5,515,ME,R-0401413-H5-515-09-55-001,0,MATERIAL REQUISITION FOR HIGH PRESSURE CO2 EXPORT PUMP,IFT,WORLEY,DOCUMENT
H5,515,ME,R-0401413-H5-515-33-80-002,B,MATERIAL REQUISITION FOR CO2 RECOVERY UNIT AT HABSHAN 5,IFA,WORLEY,DOCUMENT
H5,515,ME,SP-0401413-H5-515-33-80-003,0,SPECIFICATION FOR CO2 RECOVERY UNIT - HABSHAN-5,IFT,WORLEY,DOCUMENT
H5,515,ME,SPP-0401413-H5-515-07-44-122,0,MECHANICAL DATASHEET FOR LP COMPRESSOR 4TH STAGE DISCHARGE COOLER (TAG NO. 515-E-104),IFT,WORLEY,DOCUMENT
H5,515,ME,SPP-0401413-H5-515-07-44-123,0,MECHANICAL DATASHEET FOR HP COMPRESSOR 4TH STAGE DISCHARGE COOLER (TAG NO. 515-E-114),IFT,WORLEY,DOCUMENT
H5,515,ME,SPP-0401413-H5-515-07-44-124,0,MECHANICAL DATASHEET FOR HP CO2 EXPORT DISCHARGE COOLER - HABSHAN 5 (TAG NO. 515-E-116),IFT,WORLEY,DOCUMENT
H5,515,ME,SPP-0401413-H5-515-08-44-117,0,MECHANICAL DATASHEET FOR LP COMPRESSOR 1ST STAGE SUCTION SCRUBBER - HABSHAN 5 (TAG NO. 515-V-101),IFT,WORLEY,DOCUMENT
H5,515,ME,SPP-0401413-H5-515-08-44-121,0,MECHANICAL DATASHEET FOR HP CO2 COMPRESSOR 1ST STAGE SUCTION SCRUBBER DRUM - HABSHAN 5 (TAG NO. 515-V-114),IFT,WORLEY,DOCUMENT
H5,515,ME,SPP-0401413-H5-515-08-44-125,0,MECHANICAL DATASHEET FOR HABSHAN 5 CLOSED DRAIN DRUM (TAG NO. 515-V-119),IFT,WORLEY,DOCUMENT
H5,515,ME,SPP-0401413-H5-515-08-44-126,0,MECHANICAL DATASHEET FOR HABSHAN 5 GLYCOL DRAIN DRUM (TAG NO. 515-V-112),IFT,WORLEY,DOCUMENT
H5,515,ME,SPP-0401413-H5-515-09-44-013,0,DATASHEET FOR HABSHAN 5 HIGH PRESSURE CO2 EXPORT PUMPS (515-P-107A/B),IFT,WORLEY,DOCUMENT
H5,515,ME,SPP-0401413-H5-515-09-44-015,0,DATASHEET FOR HABSHAN 5 SOUR WATER PUMPS (515-P-101A/B),IFT,WORLEY,DOCUMENT
H5,515,ME,SPP-0401413-H5-515-09-44-016,0,DATASHEET FOR HABSHAN 5 CLOSED DRAIN PUMPS (515-P-112A/B),IFT,WORLEY,DOCUMENT
H5,515,ME,SPP-0401413-H5-515-09-44-017,0,DATASHEET FOR HABSHAN 5 GLYCOL DRAIN PUMPS (515-P-105),IFT,WORLEY,DOCUMENT
H5,515,ME,SPP-0401413-H5-515-10-44-012,0,DATASHEET FOR HABSHAN 5 LOW PRESSURE & HIGH PRESSURE CO2 COMPRESSOR PACKAGE (515-C-101),IFT,WORLEY,DOCUMENT
H5,515,ME,SPP-0401413-H5-515-68-44-018,A,DATASHEET FOR OVERHEAD TRAVELLING CRANE IN HABSHAN 5 COMPRESSOR AND PUMP SHED,ICR,WORLEY,DOCUMENT
H5,561,ML,0401413-561-63-44-001,0,UNIT 561 - UTILITY & POTABLE WATER - TIE-IN - MATERIAL SELECTION DIAGRAM,IFT,WORLEY,DRAWING
H5,562,ML,0401413-562-63-44-001,0,UNIT 562 - STEAM CONDENSATE & DEMINERALISATION - TIE-IN - MATERIAL SELECTION DIAGRAM,IFT,WORLEY,DRAWING
H5,562,ML,0401413-562-63-44-004,0,UNIT 562 - STEAM DISTRIBUTION - TIE-IN - MATERIAL SELECTION DIAGRAM,IFT,WORLEY,DRAWING
H5,565,ML,0401413-565-63-44-001,0,UNIT 565 - FUEL GAS - TIE-IN - MATERIAL SELECTION DIAGRAM,IFT,WORLEY,DRAWING
H5,567,ML,0401413-567-63-44-002,0,UNIT 567 - INSTRUMENT & PLANT AIR DISTRIBUTION - TIE-IN - MATERIAL SELECTION DIAGRAM,IFT,WORLEY,DRAWING
H5,568,ML,0401413-568-63-44-002,0,UNIT 568 - NITROGEN DISTRIBUTION - TIE-IN - MATERIAL SELECTION DIAGRAM,IFT,WORLEY,DRAWING
H5,572,ML,0401413-572-63-44-004,0,UNIT 572 - SOUR WATER FLASH DRUMS & STORAGE TANKS TIE-IN - MATERIAL SELECTION DIAGRAM,IFT,WORLEY,DRAWING
H5,001,ML,0401413-H5-001-63-44-001,A,UNIT 550 - SULPHUR RECOVERY UNIT - TGTU-AMINE ABSORPTION SECTION - TIE-IN - MATERIAL SELECTION DIAGRAM,ICR,WORLEY,DRAWING
H5,001,ML,0401413-H5-001-63-44-002,A,HABSHAN 5 CO2 RECOVERY - CO2 CAPTURE UNIT ABSORBER - MATERIAL SELECTION DIAGRAM,ICR,WORLEY,DRAWING
H5,001,ML,0401413-H5-001-63-44-003,A,HABSHAN 5 CO2 RECOVERY - REGENERATION SECTION - MATERIAL SELECTION DIAGRAM,ICR,WORLEY,DRAWING
H5,001,ML,0401413-H5-001-63-44-004,A,HABSHAN 5 CO2 RECOVERY - SOLVENT DRAIN AND STORAGE - MATERIAL SELECTION DIAGRAM,ICR,WORLEY,DRAWING
H5,001,ML,0401413-H5-001-63-44-005,A,HABSHAN 5 CO2 RECOVERY - LP CO2 COMPRESSOR 1ST STAGE - MATERIAL SELECTION DIAGRAM,ICR,WORLEY,DRAWING
H5,001,ML,0401413-H5-001-63-44-006,A,"HABSHAN 5 CO2 RECOVERY - H5 - LP CO2 COMPRESSOR 2ND, 3RD & 4TH - MATERIAL SELECTION DIAGRAM",ICR,WORLEY,DRAWING
H5,001,ML,0401413-H5-001-63-44-007,A,HABSHAN 5 CO2 RECOVERY - COS REACTOR PACKAGE - MATERIAL SELECTION DIAGRAM,ICR,WORLEY,DRAWING
H5,001,ML,0401413-H5-001-63-44-008,A,HABSHAN 5 CO2 RECOVERY - TEG DEHYDRATION - MATERIAL SELECTION DIAGRAM,ICR,WORLEY,DRAWING
H5,001,ML,0401413-H5-001-63-44-009,A,HABSHAN 5 CO2 RECOVERY - H5 - SCRAPER RECEIVER - MATERIAL SELECTION DIAGRAM,ICR,WORLEY,DRAWING
H5,001,ML,0401413-H5-001-63-44-010,A,HABSHAN 5 CO2 RECOVERY - HP CO2 COMPRESSOR 1ST STAGE - MATERIAL SELECTION DIAGRAM,ICR,WORLEY,DRAWING
H5,001,ML,0401413-H5-001-63-44-011,A,"HABSHAN 5 CO2 RECOVERY - H5 - HP CO2 COMPRESSOR 2ND, 3RD & 4TH STAGE - MATERIAL SELECTION DIAGRAM",ICR,WORLEY,DRAWING
H5,001,ML,0401413-H5-001-63-44-012,A,HABSHAN 5 CO2 RECOVERY - H5 - HP CO2 EXPORT PUMP SYSTEM - MATERIAL SELECTION DIAGRAM,ICR,WORLEY,DRAWING
H5,001,ML,0401413-H5-001-63-44-013,A,UNIT 567 - INSTRUMENT & PLANT AIR DISTRIBUTION - TIE-IN - MATERIAL SELECTION DIAGRAM,ICR,WORLEY,DRAWING
H5,001,ML,0401413-H5-001-63-44-014,A,UNIT 565 - FUEL GAS - TIE-IN - MATERIAL SELECTION DIAGRAM,ICR,WORLEY,DRAWING
H5,001,ML,0401413-H5-001-63-44-015,A,UNIT 568 - NITROGEN DISTRIBUTION - TIE-IN - MATERIAL SELECTION DIAGRAM,ICR,WORLEY,DRAWING
H5,001,ML,0401413-H5-001-63-44-016,A,"HABSHAN 5 CO2 RECOVERY - INSTRUMENT, PLANT AIR, N2 & FUEL GAS - MATERIAL SELECTION DIAGRAM",ICR,WORLEY,DRAWING
H5,001,ML,0401413-H5-001-63-44-017,A,UNIT 562 - STEAM CONDENSATE & DEMINERALISATION - TIE-IN - MATERIAL SELECTION DIAGRAM,ICR,WORLEY,DRAWING
H5,001,ML,0401413-H5-001-63-44-018,A,UNIT 561 - UTILITY & POTABLE WATER - TIE-IN - MATERIAL SELECTION DIAGRAM,ICR,WORLEY,DRAWING
H5,001,ML,0401413-H5-001-63-44-019,A,"HABSHAN 5 CO2 RECOVERY - UTILITY WATER HEADER , POTABLE WATER HEADER - MATERIAL SELECTION DIAGRAM",ICR,WORLEY,DRAWING
H5,001,ML,0401413-H5-001-63-44-020,A,HABSHAN 5 CO2 RECOVERY - CIRCULATING COOLING WATER SUPPLY/RETURN - MATERIAL SELECTION DIAGRAM,ICR,WORLEY,DRAWING
H5,001,ML,0401413-H5-001-63-44-021,A,UNIT 562 - STEAM DISTRIBUTION - TIE-IN - MATERIAL SELECTION DIAGRAM,ICR,WORLEY,DRAWING
H5,001,ML,0401413-H5-001-63-44-022,A,"HABSHAN 5 CO2 RECOVERY - HP, LP, STEAM, BFW CONDENSATE - MATERIAL SELECTION DIAGRAM",ICR,WORLEY,DRAWING
H5,001,ML,0401413-H5-001-63-44-023,A,HABSHAN 5 CO2 RECOVERY - CLOSED DRAIN DRUM AND PUMP - MATERIAL SELECTION DIAGRAM,ICR,WORLEY,DRAWING
H5,001,ML,0401413-H5-001-63-44-024,A,HABSHAN 5 CO2 RECOVERY - FLARE AND CLOSED DRAIN - MATERIAL SELECTION DIAGRAM,ICR,WORLEY,DRAWING
H5,001,ML,0401413-H5-001-63-44-025,A,UNIT 572 - SOUR WATER FLASH DRUMS & STORAGE TANKS TIE-IN - MATERIAL SELECTION DIAGRAM,ICR,WORLEY,DRAWING
H5,515,ML,0401413-H5-515-63-44-009,0,HABSHAN 5 CO2 RECOVERY - LP CO2 COMPRESSOR 1ST STAGE - MATERIAL SELECTION DIAGRAM,IFT,WORLEY,DRAWING
H5,515,ML,0401413-H5-515-63-44-010,0,"HABSHAN 5 CO2 RECOVERY - H5 - LP CO2 COMPRESSOR 2ND, 3RD & 4TH - MATERIAL SELECTION DIAGRAM",IFT,WORLEY,DRAWING
H5,515,ML,0401413-H5-515-63-44-011,0,HABSHAN 5 CO2 RECOVERY - COS REACTOR PACKAGE - MATERIAL SELECTION DIAGRAM,IFT,WORLEY,DRAWING
H5,515,ML,0401413-H5-515-63-44-012,0,HABSHAN 5 CO2 RECOVERY - TEG DEHYDRATION - MATERIAL SELECTION DIAGRAM,IFT,WORLEY,DRAWING
H5,515,ML,0401413-H5-515-63-44-013,0,HABSHAN 5 CO2 RECOVERY - H5 - SCRAPER RECEIVER - MATERIAL SELECTION DIAGRAM,IFT,WORLEY,DRAWING
H5,515,ML,0401413-H5-515-63-44-014,0,HABSHAN 5 CO2 RECOVERY - HP CO2 COMPRESSOR 1ST STAGE - MATERIAL SELECTION DIAGRAM,IFT,WORLEY,DRAWING
H5,515,ML,0401413-H5-515-63-44-015,0,"HABSHAN 5 CO2 RECOVERY - H5 - HP CO2 COMPRESSOR 2ND, 3RD & 4TH STAGE - MATERIAL SELECTION DIAGRAM",IFT,WORLEY,DRAWING
H5,515,ML,0401413-H5-515-63-44-016,0,HABSHAN 5 CO2 RECOVERY - H5 - HP CO2 EXPORT PUMP SYSTEM - MATERIAL SELECTION DIAGRAM,IFT,WORLEY,DRAWING
H5,515,ML,0401413-H5-515-63-44-108,0,"HABSHAN 5 CO2 RECOVERY - INSTRUMENT, PLANT AIR, N2 & FUEL GAS - MATERIAL SELECTION DIAGRAM",IFT,WORLEY,DRAWING
H5,515,ML,0401413-H5-515-63-44-111,0,"HABSHAN 5 CO2 RECOVERY - UTILITY WATER HEADER , POTABLE WATER HEADER - MATERIAL SELECTION DIAGRAM",IFT,WORLEY,DRAWING
H5,515,ML,0401413-H5-515-63-44-112,0,HABSHAN 5 CO2 RECOVERY - CIRCULATING COOLING WATER SUPPLY/RETURN - MATERIAL SELECTION DIAGRAM,IFT,WORLEY,DRAWING
H5,515,ML,0401413-H5-515-63-44-114,0,"HABSHAN 5 CO2 RECOVERY - HP, LP, STEAM, BFW CONDENSATE - MATERIAL SELECTION DIAGRAM",IFT,WORLEY,DRAWING
H5,515,ML,0401413-H5-515-63-44-115,0,HABSHAN 5 CO2 RECOVERY - CLOSED DRAIN DRUM AND PUMP - MATERIAL SELECTION DIAGRAM,IFT,WORLEY,DRAWING
H5,515,ML,0401413-H5-515-63-44-116,0,HABSHAN 5 CO2 RECOVERY - FLARE AND CLOSED DRAIN - MATERIAL SELECTION DIAGRAM,IFT,WORLEY,DRAWING
H5,559,ML,0401413-H5-559-63-44-006,0,HABSHAN 5 CO2 RECOVERY - CO2 CAPTURE UNIT ABSORBER - MATERIAL SELECTION DIAGRAM,IFT,WORLEY,DRAWING
H5,559,ML,0401413-H5-559-63-44-007,0,HABSHAN 5 CO2 RECOVERY - REGENERATION SECTION - MATERIAL SELECTION DIAGRAM,IFT,WORLEY,DRAWING
H5,559,ML,0401413-H5-559-63-44-008,0,HABSHAN 5 CO2 RECOVERY - SOLVENT DRAIN AND STORAGE - MATERIAL SELECTION DIAGRAM,IFT,WORLEY,DRAWING
H5,550,ML,61400-2200-4901-0001-005,0,UNIT 550 - SULPHUR RECOVERY UNIT - TGTU-AMINE ABSORPTION SECTION - TIE-IN - MATERIAL SELECTION DIAGRAM,IFT,WORLEY,DOCUMENT
H5,001,PI,0401413-H5-001-13-31-001-001,B,"HABSHAN-5 TIE-IN DEMOLITION - UNIT 514, 550, 551, 552, 553, 571 AND 573",IFA,WORLEY,DRAWING
H5,001,PI,0401413-H5-001-13-31-001-002,B,"HABSHAN-5 TIE-IN DEMOLITION - UNIT 514, 550, 551, 552, 553, 571 AND 573",IFA,WORLEY,DRAWING
H5,001,PI,0401413-H5-001-13-31-001-003,B,"HABSHAN-5 TIE-IN DEMOLITION - UNIT 514, 550, 551, 552, 553, 571 AND 573",IFA,WORLEY,DRAWING
H5,001,PI,0401413-H5-001-13-31-001-004,B,"HABSHAN-5 TIE-IN DEMOLITION - UNIT 514, 550, 551, 552, 553, 571 AND 573",IFA,WORLEY,DRAWING
H5,001,PI,0401413-H5-001-13-31-001-005,B,"HABSHAN-5 TIE-IN DEMOLITION - UNIT 514, 550, 551, 552, 553, 571 AND 573",IFA,WORLEY,DRAWING
H5,001,PI,0401413-H5-001-13-31-001-006,B,"HABSHAN-5 TIE-IN DEMOLITION - UNIT 514, 550, 551, 552, 553, 571 AND 573",IFA,WORLEY,DRAWING
H5,001,PI,0401413-H5-001-13-31-001-007,B,"HABSHAN-5 TIE-IN DEMOLITION - UNIT 514, 550, 551, 552, 553, 571 AND 573",IFA,WORLEY,DRAWING
H5,001,PI,0401413-H5-001-13-80-001,B,HABSHAN-5 TIE-IN LOCATION PLAN,IFA,WORLEY,DRAWING
H5,001,PI,0401413-H5-001-13-82-001-001,B,"HABSHAN-5 TIE-IN ISOMETRICS UNIT 514, 550, 551, 552, 553, 562, 571 AND 573",IFA,WORLEY,DRAWING
H5,001,PI,0401413-H5-001-13-82-001-002,B,"HABSHAN-5 TIE-IN ISOMETRICS UNIT 514, 550, 551, 552, 553, 562, 571 AND 573",IFA,WORLEY,DRAWING
H5,001,PI,0401413-H5-001-13-82-001-003,B,"HABSHAN-5 TIE-IN ISOMETRICS UNIT 514, 550, 551, 552, 553, 562, 571 AND 573",IFA,WORLEY,DRAWING
H5,001,PI,0401413-H5-001-13-82-001-004,B,"HABSHAN-5 TIE-IN ISOMETRICS UNIT 514, 550, 551, 552, 553, 562, 571 AND 573",IFA,WORLEY,DRAWING
H5,001,PI,0401413-H5-001-13-82-001-005,B,"HABSHAN-5 TIE-IN ISOMETRICS UNIT 514, 550, 551, 552, 553, 562, 571 AND 573",IFA,WORLEY,DRAWING
H5,001,PI,0401413-H5-001-13-82-001-006,B,"HABSHAN-5 TIE-IN ISOMETRICS UNIT 514, 550, 551, 552, 553, 562, 571 AND 573",IFA,WORLEY,DRAWING
H5,001,PI,0401413-H5-001-13-82-001-007,B,"HABSHAN-5 TIE-IN ISOMETRICS UNIT 514, 550, 551, 552, 553, 562, 571 AND 573",IFA,WORLEY,DRAWING
H5,514,PI,0401413-H5-514-13-60-001,B,PLOT PLAN - UNIT 514 FEED GAS COMPRESSOR HABSHAN-5,IFA,WORLEY,DRAWING
H5,515,PI,0401413-H5-515-13-60-001,B,CO2 RECOVERY UNIT 515 PLOT PLAN HABSHAN-5,IFA,WORLEY,DRAWING
H5,515,PI,0401413-H5-515-13-60-002,B,CO2 RECOVERY UNIT 515 SECTION HABSHAN-5,IFA,WORLEY,DRAWING
H5,550,PI,0401413-H5-550-13-60-001,B,SULPHUR RECOVERY UNIT 550 PLOT PLAN HABSHAN-5,IFA,WORLEY,DRAWING
H5,551,PI,0401413-H5-551-13-60-001,B,SULPHUR RECOVERY UNIT 551 PLOT PLAN HABSHAN-5,IFA,WORLEY,DRAWING
H5,552,PI,0401413-H5-552-13-60-001,B,SULPHUR RECOVERY UNIT 552 PLOT PLAN HABSHAN-5,IFA,WORLEY,DRAWING
H5,553,PI,0401413-H5-553-13-60-001,B,SULPHUR RECOVERY UNIT 553 PLOT PLAN HABSHAN-5,IFA,WORLEY,DRAWING
H5,559,PI,0401413-H5-559-13-60-001,A,CO2 RECOVERY UNIT 559 PLOT PLAN - HABSHAN-5,ICR,WORLEY,DRAWING
H5,559,PI,0401413-H5-559-13-60-002,A,CO2 RECOVERY UNIT 559 PLOT PLAN - SECTION DRAWING HABSHAN-5,ICR,WORLEY,DRAWING
H5,562,PI,0401413-H5-562-13-60-001,B,EQUIPMENT LOCATION PLAN - UTILITY & POWER GENERATION - UNIT 562 HABSHAN-5,IFA,WORLEY,DRAWING
H5,001,PI,DOD-0401413-H5-001-13-45-003,B,DATASHEETS FOR SPECIALTY ITEMS IN HABSHAN 5,IFA,WORLEY,DOCUMENT
H5,001,PI,DOD-0401413-H5-001-13-70-001,B,HABSHAN 4 + HABSHAN 5 COMBINED - STRESS CRITICAL LINE LIST,IFA,WORLEY,DOCUMENT
H5,001,PI,DOD-0401413-H5-001-13-70-002,B,PIPING TIE-IN SCHEDULE FOR HABSHAN-5,IFA,WORLEY,DOCUMENT
H5,001,PI,DOD-0401413-H5-001-13-80-001,0,INTERFACE OF CRI WITH H5 DEBOTTLENECKING PROJECT - PIPING TIE-INS,IFD,WORLEY,DOCUMENT
H5,001,PI,DOD-0401413-H5-001-13-80-002,0,PIPING LOADING DATA FOR CRI PROJECT INTERFACE WITH HABSHAN 5 DEBOTTLENECKING PROJECT,IFD,WORLEY,DOCUMENT
H5,001,PI,RPT-0401413-H5-001-13-71-020,A,PIPE STRESS ANALYSIS REPORT: PE-CAL-020,ICR,WORLEY,DOCUMENT
H5,001,PI,RPT-0401413-H5-001-13-71-021,A,PIPE STRESS ANALYSIS REPORT: PE-CAL-021,ICR,WORLEY,DOCUMENT
H5,001,PI,RPT-0401413-H5-001-13-71-023,A,PIPE STRESS ANALYSIS REPORT: PE-CAL-023,ICR,WORLEY,DOCUMENT
H5,001,PI,RPT-0401413-H5-001-13-71-024,A,PIPE STRESS ANALYSIS REPORT: PE-CAL-024,ICR,WORLEY,DOCUMENT
H5,001,PI,RPT-0401413-H5-001-13-71-026,A,PIPE STRESS ANALYSIS REPORT: PE-CAL-026,ICR,WORLEY,DOCUMENT
H5,001,PI,RPT-0401413-H5-001-13-71-027,A,PIPE STRESS ANALYSIS REPORT: PE-CAL-027,ICR,WORLEY,DOCUMENT
H5,001,PI,RPT-0401413-H5-001-13-71-028,A,PIPE STRESS ANALYSIS REPORT: PE-CAL-028,ICR,WORLEY,DOCUMENT
H5,001,PI,RPT-0401413-H5-001-13-71-029,A,PIPE STRESS ANALYSIS REPORT: PE-CAL-029,ICR,WORLEY,DOCUMENT
H5,001,PI,RPT-0401413-H5-001-13-71-030,A,PIPE STRESS ANALYSIS REPORT: PE-CAL-030,ICR,WORLEY,DOCUMENT
H5,001,PI,RPT-0401413-H5-001-13-71-031,A,PIPE STRESS ANALYSIS REPORT: PE-CAL-031,ICR,WORLEY,DOCUMENT
H5,001,PI,RPT-0401413-H5-001-13-71-032,A,PIPE STRESS ANALYSIS REPORT: PE-CAL-032,ICR,WORLEY,DOCUMENT
H5,001,PI,RPT-0401413-H5-001-13-71-033,A,PIPE STRESS ANALYSIS REPORT: PE-CAL-033,ICR,WORLEY,DOCUMENT
H5,001,PI,RPT-0401413-H5-001-13-71-034,A,PIPE STRESS ANALYSIS REPORT: PE-CAL-034,ICR,WORLEY,DOCUMENT
H5,001,PI,RPT-0401413-H5-001-13-71-035,A,PIPE STRESS ANALYSIS REPORT: PE-CAL-035,ICR,WORLEY,DOCUMENT
H5,001,PI,RPT-0401413-H5-001-13-71-036,A,PIPE STRESS ANALYSIS REPORT: PE-CAL-036,ICR,WORLEY,DOCUMENT
H5,001,PI,RPT-0401413-H5-001-13-71-037,A,PIPE STRESS ANALYSIS REPORT: PE-CAL-037,ICR,WORLEY,DOCUMENT
H5,001,PI,SPP-0401413-H5-001-13-90-003,B,PIPING SPECIALTY ITEMS LIST FOR HABSHAN-5,IFA,WORLEY,DOCUMENT
H5,001,PL,0401413-H5-001-95-30-001,A,PIPELINE STATION APPROACH DRAWING RECEIVER AREA AT HABSHAN 5,ICR,WORLEY,DRAWING
H5,550,PR,0401413-550-00-20-006-001,0,UNIT 550 - SULPHUR RECOVERY UNIT TGTU-AMINE ABSORPTION SECTION - TIE-IN PROCESS FLOW DIAGRAM,IFT,WORLEY,DRAWING
H5,550,PR,0401413-550-00-30-036,A,P&ID - HABSHAN 5 CO2 RECOVERY - UNIT 550 - INCINERATOR FEED (550-H-104) TIE-IN,ICR,WORLEY,DRAWING
H5,550,PR,0401413-550-00-30-036D,A,P&ID - HABSHAN 5 CO2 RECOVERY - UNIT 550 - INCINERATOR FEED (550-H-104) TIE-IN DEMOLITION,ICR,WORLEY,DRAWING
H5,550,PR,0401413-550-00-30-038,A,P&ID - HABSHAN 5 CO2 RECOVERY - UNIT 550 - CAUSTIC PACKAGE - 550-ME-102 - TIE-IN,ICR,WORLEY,DRAWING
H5,550,PR,0401413-550-00-30-038D,A,P&ID - HABSHAN 5 CO2 RECOVERY - UNIT 550 - CAUSTIC PACKAGE - 550-ME-102 - TIE-IN DEMOLITION,ICR,WORLEY,DRAWING
H5,550,PR,0401413-550-00-30-042,E,P&ID - HABSHAN 5 CO2 RECOVERY - AMINE ABSORBER SECTION TIE-IN,IFH,WORLEY,DRAWING
H5,550,PR,0401413-550-00-30-042D,C,P&ID - HABSHAN 5 CO2 RECOVERY - AMINE ABSORBER SECTION TIE-IN (DEMOLITION),IFH,WORLEY,DRAWING
H5,550,PR,0401413-550-00-40-002,A,P&ID - HABSHAN 5 CO2 RECOVERY - UNIT 550 - FLARE HEADER - TIE-IN,ICR,WORLEY,DRAWING
H5,550,PR,0401413-550-00-40-002D,A,P&ID - HABSHAN 5 CO2 RECOVERY - UNIT 550 - FLARE HEADER - TIE-IN DEMOLITION,ICR,WORLEY,DRAWING
H5,550,PR,0401413-550-00-40-004,D,UTILITY DISTRIBUTION DIAGRAM - HABSHAN 5 CO2 RECOVERY UNIT 550 - INSTRUMENTATION AIR & NITROGEN DISTRIBUTION HEADER - TIE IN,IFH,WORLEY,DRAWING
H5,550,PR,0401413-550-00-40-004D,C,UTILITY DISTRIBUTION DIAGRAM - HABSHAN 5 CO2 RECOVERY UNIT 550 - INSTRUMENTATION AIR & NITROGEN DISTRIBUTION HEADER - TIE IN (DEMOLITION),IFH,WORLEY,DRAWING
H5,550,PR,0401413-550-00-40-006,A,P&ID - HABSHAN 5 CO2 RECOVERY - UNIT 550 - BOILER FEED & DEMINERALIZED WATER TIE-IN,ICR,WORLEY,DRAWING
H5,550,PR,0401413-550-00-40-006D,A,P&ID - HABSHAN 5 CO2 RECOVERY - UNIT 550 - BOILER FEED & DEMINERALIZED WATER TIE-IN - DEMOLITION,ICR,WORLEY,DRAWING
H5,551,PR,0401413-551-00-30-036,A,P&ID - HABSHAN 5 CO2 RECOVERY - UNIT 551 - INCINERATOR FEED (551-H-104) TIE-IN,ICR,WORLEY,DRAWING
H5,551,PR,0401413-551-00-30-036D,A,P&ID - HABSHAN 5 CO2 RECOVERY - UNIT 551 - INCINERATOR FEED (551-H-104) TIE-IN DEMOLITION,ICR,WORLEY,DRAWING
H5,551,PR,0401413-551-00-30-042,E,P&ID - HABSHAN 5 CO2 RECOVERY - AMINE ABSORBER SECTION TIE-IN,IFH,WORLEY,DRAWING
H5,551,PR,0401413-551-00-30-042D,C,P&ID - HABSHAN 5 CO2 RECOVERY - AMINE ABSORBER SECTION TIE-IN (DEMOLITION),IFH,WORLEY,DRAWING
H5,551,PR,0401413-551-00-40-002,A,P&ID - HABSHAN 5 CO2 RECOVERY - UNIT 551 - FLARE HEADER - TIE-IN,ICR,WORLEY,DRAWING
H5,551,PR,0401413-551-00-40-002D,A,P&ID - HABSHAN 5 CO2 RECOVERY - UNIT 551 - FLARE HEADER - TIE-IN - DEMOLITION,ICR,WORLEY,DRAWING
H5,551,PR,0401413-551-00-40-004,D,UTILITY DISTRIBUTION DIAGRAM - HABSHAN 5 CO2 RECOVERY UNIT 551 - INSTRUMENTATION AIR & NITROGEN DISTRIBUTION HEADER - TIE IN,IFH,WORLEY,DRAWING
H5,551,PR,0401413-551-00-40-004D,C,UTILITY DISTRIBUTION DIAGRAM - HABSHAN 5 CO2 RECOVERY UNIT 551 - INSTRUMENTATION AIR & NITROGEN DISTRIBUTION HEADER - TIE IN (DEMOLITION),IFH,WORLEY,DRAWING
H5,551,PR,0401413-551-00-40-006,A,P&ID - HABSHAN 5 CO2 RECOVERY - UNIT 551 - BOILER FEED & DEMINERALIZED WATER TIE-IN,ICR,WORLEY,DRAWING
H5,551,PR,0401413-551-00-40-006D,A,P&ID - HABSHAN 5 CO2 RECOVERY - UNIT 551 - BOILER FEED & DEMINERALIZED WATER TIE-IN - DEMOLITION,ICR,WORLEY,DRAWING
H5,552,PR,0401413-552-00-30-036,A,P&ID - HABSHAN 5 CO2 RECOVERY - UNIT 552 - INCINERATOR FEED (552-H-104) TIE-IN,ICR,WORLEY,DRAWING
H5,552,PR,0401413-552-00-30-036D,A,P&ID - HABSHAN 5 CO2 RECOVERY - UNIT 552 - INCINERATOR FEED (552-H-104) TIE-IN DEMOLITION,ICR,WORLEY,DRAWING
H5,552,PR,0401413-552-00-30-042,E,P&ID - HABSHAN 5 CO2 RECOVERY - AMINE ABSORBER SECTION TIE-IN,IFH,WORLEY,DRAWING
H5,552,PR,0401413-552-00-30-042D,C,P&ID - HABSHAN 5 CO2 RECOVERY - AMINE ABSORBER SECTION TIE-IN (DEMOLITION),IFH,WORLEY,DRAWING
H5,552,PR,0401413-552-00-40-002,A,P&ID - HABSHAN 5 CO2 RECOVERY - UNIT 552 - FLARE HEADER - TIE-IN,ICR,WORLEY,DRAWING
H5,552,PR,0401413-552-00-40-002D,A,P&ID - HABSHAN 5 CO2 RECOVERY - UNIT 552 - FLARE HEADER - TIE-IN - DEMOLITION,ICR,WORLEY,DRAWING
H5,552,PR,0401413-552-00-40-004,D,UTILITY DISTRIBUTION DIAGRAM - HABSHAN 5 CO2 RECOVERY UNIT 552 - INSTRUMENTATION AIR & NITROGEN DISTRIBUTION HEADER - TIE IN,IFH,WORLEY,DRAWING
H5,552,PR,0401413-552-00-40-004D,C,UTILITY DISTRIBUTION DIAGRAM - HABSHAN 5 CO2 RECOVERY UNIT 552 - INSTRUMENTATION AIR & NITROGEN DISTRIBUTION HEADER - TIE IN (DEMOLITION),IFH,WORLEY,DRAWING
H5,552,PR,0401413-552-00-40-006,A,P&ID - HABSHAN 5 CO2 RECOVERY - UNIT 552 - BOILER FEED & DEMINERALIZED WATER TIE-IN,ICR,WORLEY,DRAWING
H5,552,PR,0401413-552-00-40-006D,A,P&ID - HABSHAN 5 CO2 RECOVERY - UNIT 552 - BOILER FEED & DEMINERALIZED WATER TIE-IN - DEMOLITION,ICR,WORLEY,DRAWING
H5,553,PR,0401413-553-00-30-036,A,P&ID - HABSHAN 5 CO2 RECOVERY - UNIT 553 - INCINERATOR FEED (553-H-104) TIE-IN,ICR,WORLEY,DRAWING
H5,553,PR,0401413-553-00-30-036D,A,P&ID - HABSHAN 5 CO2 RECOVERY - UNIT 553 - INCINERATOR FEED (553-H-104) TIE-IN DEMOLITION,ICR,WORLEY,DRAWING
H5,553,PR,0401413-553-00-30-042,E,P&ID - HABSHAN 5 CO2 RECOVERY - AMINE ABSORBER SECTION TIE-IN,IFH,WORLEY,DRAWING
H5,553,PR,0401413-553-00-30-042D,C,P&ID - HABSHAN 5 CO2 RECOVERY - AMINE ABSORBER SECTION TIE-IN (DEMOLITION),IFH,WORLEY,DRAWING
H5,553,PR,0401413-553-00-40-002,A,P&ID - HABSHAN 5 CO2 RECOVERY - UNIT 553 - FLARE HEADER - TIE-IN,ICR,WORLEY,DRAWING
H5,553,PR,0401413-553-00-40-002D,A,P&ID - HABSHAN 5 CO2 RECOVERY - UNIT 553 - FLARE HEADER - TIE-IN - DEMOLITION,ICR,WORLEY,DRAWING
H5,553,PR,0401413-553-00-40-004,D,UTILITY DISTRIBUTION DIAGRAM - HABSHAN 5 CO2 RECOVERY UNIT 553 - INSTRUMENTATION AIR & NITROGEN DISTRIBUTION HEADER - TIE IN,IFH,WORLEY,DRAWING
H5,553,PR,0401413-553-00-40-004D,C,UTILITY DISTRIBUTION DIAGRAM - HABSHAN 5 CO2 RECOVERY UNIT 553 - INSTRUMENTATION AIR & NITROGEN DISTRIBUTION HEADER - TIE IN (DEMOLITION),IFH,WORLEY,DRAWING
H5,553,PR,0401413-553-00-40-006,A,P&ID - HABSHAN 5 CO2 RECOVERY - UNIT 553 - BOILER FEED & DEMINERALIZED WATER TIE-IN,ICR,WORLEY,DRAWING
H5,553,PR,0401413-553-00-40-006D,A,P&ID - HABSHAN 5 CO2 RECOVERY - UNIT 553 - BOILER FEED & DEMINERALIZED WATER TIE-IN - DEMOLITION,ICR,WORLEY,DRAWING
H5,561,PR,0401413-561-00-20-001-001,0,UNIT 561 UTILITY & POTABLE WATER - TIE-IN UTILITY FLOW DIAGRAM,IFT,WORLEY,DRAWING
H5,561,PR,0401413-561-00-20-004-001,0,UNIT 562 STEAM DISTRIBUTION - TIE-IN UTILITY FLOW DIAGRAM,IFT,WORLEY,DRAWING
H5,562,PR,0401413-562-00-20-001-001,0,UNIT 562 STEAM CONDENSATE & DEMINERALISATION - TIE-IN UTILITY FLOW DIAGRAM,IFT,WORLEY,DRAWING
H5,562,PR,0401413-562-00-40-002,A,"P&ID - HABSHAN 5 CO2 RECOVERY - UNIT 562 - STEAM, CONDENSATE & DEMIN STEAM CONDENSATE STORAGE TANK - TIE-IN",ICR,WORLEY,DRAWING
H5,562,PR,0401413-562-00-40-002D,A,"P&ID - HABSHAN 5 CO2 RECOVERY - UNIT 562 - STEAM, CONDENSATE & DEMIN STEAM CONDENSATE STORAGE TANK - TIE-IN - DEMOLITION",ICR,WORLEY,DRAWING
H5,562,PR,0401413-562-00-40-208,D,P&ID - HABSHAN 5 CO2 RECOVERY - UNIT 562 - UTILITY AREA - BOILER FEED WATER DISTRIBUTION - TIE IN,IFH,WORLEY,DRAWING
H5,562,PR,0401413-562-00-40-208D,C,P&ID - HABSHAN 5 CO2 RECOVERY - UNIT 562 - UTILITY AREA - BOILER FEED WATER DISTRIBUTION - TIE IN (DEMOLITION),IFH,WORLEY,DRAWING
H5,562,PR,0401413-562-00-40-209,D,P&ID HABSHAN 5 CO2 RECOVERY - UNIT 562 - UTILITY AREA - DEMIN WATER DISTRIBUTION - TIE IN,IFH,WORLEY,DRAWING
H5,562,PR,0401413-562-00-40-209D,C,P&ID HABSHAN 5 CO2 RECOVERY - UNIT 562 - UTILITY AREA - DEMIN WATER DISTRIBUTION - TIE IN (DEMOLITION),IFH,WORLEY,DRAWING
H5,562,PR,0401413-562-00-40-212,D,P&ID - HABSHAN 5 CO2 RECOVERY - UNIT 562 - UTILITY AREA - LP STEAM DISTRIBUTION TIE-IN,IFH,WORLEY,DRAWING
H5,562,PR,0401413-562-00-40-212D,C,P&ID - HABSHAN 5 CO2 RECOVERY - UNIT 562 - UTILITY AREA - LP STEAM DISTRIBUTION TIE-IN (DEMOLITION),IFH,WORLEY,DRAWING
H5,562,PR,0401413-562-00-40-213,D,P&ID - HABSHAN 5 CO2 RECOVERY - UNIT 562 - UTILITY AREA - HP STEAM DISTRIBUTION TIE-IN,IFH,WORLEY,DRAWING
H5,562,PR,0401413-562-00-40-213D,C,P&ID - HABSHAN 5 CO2 RECOVERY - UNIT 562 - UTILITY AREA - HP STEAM DISTRIBUTION TIE-IN (DEMOLITION),IFH,WORLEY,DRAWING
H5,562,PR,0401413-562-00-40-214,D,P&ID - HABSHAN 5 CO2 RECOVERY - UNIT 562 - UTILITY AREA - GRADE 1 STEAM CONDENSATE COLLECTION - TIE IN,IFH,WORLEY,DRAWING
H5,562,PR,0401413-562-00-40-214D,C,P&ID - HABSHAN 5 CO2 RECOVERY - UNIT 562 - UTILITY AREA - GRADE 1 STEAM CONDENSATE COLLECTION - TIE IN (DEMOLITION),IFH,WORLEY,DRAWING
H5,565,PR,0401413-565-00-20-001-001,0,UNIT 565 FUEL GAS - TIE-IN UTILITY FLOW DIAGRAM,IFT,WORLEY,DRAWING
H5,567,PR,0401413-567-00-20-002-001,0,UNIT 567 INSTRUMENT & PLANT AIR DISTRIBUTION - TIE-IN UTILITY FLOW DIAGRAM,IFT,WORLEY,DRAWING
H5,568,PR,0401413-568-00-20-002-001,0,UNIT 568 NITROGEN DISTRIBUTION - TIE-IN UTILITY FLOW DIAGRAM,IFT,WORLEY,DRAWING
H5,571,PR,0401413-571-00-40-102,C,P&ID - HABSHAN 5 CO2 RECOVERY - UNIT 571 - FLARE & BLOWDOWN - ACID GAS HEADER (PROCESS SOUTH) - TIE-IN,IFH,WORLEY,DRAWING
H5,571,PR,0401413-571-00-40-102D,C,P&ID - HABSHAN 5 CO2 RECOVERY - UNIT 571 - FLARE & BLOWDOWN - ACID GAS HEADER (PROCESS SOUTH) - TIE-IN (DEMOLITION),IFH,WORLEY,DRAWING
H5,572,PR,0401413-572-00-20-001-001,0,"HABSHAN 5 CO2 RECOVERY INSTRUMENT, PLANT AIR, N2 & FUEL GAS UTILITY FLOW DIAGRAM",IFT,WORLEY,DRAWING
H5,572,PR,0401413-572-00-40-116,C,P&ID HABSHAN 5 CO2 RECOVERY - UNIT 572 - SOUR WATER TREATMENT SOUR WATER STORAGE TANKS - TIE IN,IFH,WORLEY,DRAWING
H5,572,PR,0401413-572-00-40-116D,B,P&ID HABSHAN 5 CO2 RECOVERY - UNIT 572 - SOUR WATER TREATMENT SOUR WATER STORAGE TANKS - TIE IN,IFH,WORLEY,DRAWING
H5,577,PR,0401413-577-00-30-203-1,A,P&ID - HABSHAN 5 CO2 RECOVERY - UNIT 577 - INTERCONNECTING P&ID NO-UTILITY LIQUID LINES (ICPR-I) - TIE-IN,ICR,WORLEY,DRAWING
H5,577,PR,0401413-577-00-30-203-1D,A,P&ID - HABSHAN 5 CO2 RECOVERY - UNIT 577 - INTERCONNECTING P&ID NO-UTILITY LIQUID LINES (ICPR-I) - TIE-IN - DEMOLITION,ICR,WORLEY,DRAWING
H5,001,PR,0401413-H5-001-00-20-108-001,0,"HABSHAN 5 CO2 RECOVERY INSTRUMENT, PLANT AIR, N2 & FUEL GAS UTILITY FLOW DIAGRAM",IFT,WORLEY,DRAWING
H5,001,PR,0401413-H5-001-00-20-111-001,0,"HABSHAN 5 CO2 RECOVERY UTILITY WATER HEADER , POTABLE WATER HEADER UTILITY FLOW DIAGRAM",IFT,WORLEY,DRAWING
H5,001,PR,0401413-H5-001-00-20-114-001,0,"HABSHAN 5 CO2 RECOVERY HP, LP, STEAM, BFW CONDENSATE UTILITY FLOW DIAGRAM",IFT,WORLEY,DRAWING
H5,001,PR,0401413-H5-001-00-30-005,E,P&ID - HABSHAN 5 CO2 RECOVERY - BATTERY LIMIT,IFH,WORLEY,DRAWING
H5,001,PR,0401413-H5-001-00-30-007,E,P&ID - HABSHAN 5 CO2 RECOVERY - CO2 RECOVERY UNIT,IFH,WORLEY,DRAWING
H5,514,PR,0401413-H5-514-00-40-261,E,"P&ID - HABSHAN 5 CO2 RECOVERY - UNIT 514 - FEED GAS COMPRESSOR UTILITY SERVICES, FGL, IA - TIE IN",IFH,WORLEY,DRAWING
H5,514,PR,0401413-H5-514-00-40-261D,C,"P&ID - HABSHAN 5 CO2 RECOVERY - UNIT 514 - FEED GAS COMPRESSOR UTILITY SERVICES, FGL, IA - TIE IN (DEMOLITION)",IFH,WORLEY,DRAWING
H5,514,PR,0401413-H5-514-00-40-262,E,"P&ID - HABSHAN 5 CO2 RECOVERY - UNIT 514 - FEED GAS COMPRESSOR UTILITY SERVICES, BFW, PW, CW - TIE IN",IFH,WORLEY,DRAWING
H5,514,PR,0401413-H5-514-00-40-262D,C,"P&ID - HABSHAN 5 CO2 RECOVERY - UNIT 514 - FEED GAS COMPRESSOR UTILITY SERVICES, BFW, PW, CW - TIE IN (DEMOLITION)",IFH,WORLEY,DRAWING
H5,514,PR,0401413-H5-514-00-40-264,E,"P&ID - HABSHAN 5 CO2 RECOVERY - UNIT 514 - FEED GAS COMPRESSOR UTILITY SERVICES, PA - TIE IN",IFH,WORLEY,DRAWING
H5,514,PR,0401413-H5-514-00-40-264D,C,"P&ID - HABSHAN 5 CO2 RECOVERY - UNIT 514 - FEED GAS COMPRESSOR UTILITY SERVICES, PA - TIE IN (DEMOLITION)",IFH,WORLEY,DRAWING
H5,514,PR,0401413-H5-514-00-40-266,E,"P&ID - HABSHAN 5 CO2 RECOVERY - UNIT 514 - FEED GAS COMPRESSOR UTILITY SERVICES, N2 - TIE IN",IFH,WORLEY,DRAWING
H5,514,PR,0401413-H5-514-00-40-266D,C,"P&ID - HABSHAN 5 CO2 RECOVERY - UNIT 514 - FEED GAS COMPRESSOR UTILITY SERVICES, N2 - TIE IN (DEMOLITIION)",IFH,WORLEY,DRAWING
H5,514,PR,0401413-H5-514-00-40-267,E,"P&ID - HABSHAN 5 CO2 RECOVERY - UNIT 514 - FEED GAS COMPRESSOR UTILITY SERVICES, UW - TIE IN",IFH,WORLEY,DRAWING
H5,514,PR,0401413-H5-514-00-40-267D,C,"P&ID - HABSHAN 5 CO2 RECOVERY - UNIT 514 - FEED GAS COMPRESSOR UTILITY SERVICES, UW - TIE IN (DEMOLITION)",IFH,WORLEY,DRAWING
H5,515,PR,0401413-H5-515-00-20-009-001,0,HABSHAN 5 CO2 RECOVERY LP CO2 COMPRESSOR 1ST STAGE PROCESS FLOW DIAGRAM,IFT,WORLEY,DRAWING
H5,515,PR,0401413-H5-515-00-20-010-001,0,"HABSHAN 5 CO2 RECOVERY H5 - LP CO2 COMPRESSOR 2ND, 3RD & 4TH PROCESS FLOW DIAGRAM",IFT,WORLEY,DRAWING
H5,515,PR,0401413-H5-515-00-20-012-001,0,HABSHAN 5 CO2 RECOVERY TEG DEHYDRATION PROCESS FLOW DIAGRAM,IFT,WORLEY,DRAWING
H5,515,PR,0401413-H5-515-00-20-013-001,0,HABSHAN 5 CO2 RECOVERY H5 - SCRAPER RECEIVER PROCESS FLOW DIAGRAM,IFT,WORLEY,DRAWING
H5,515,PR,0401413-H5-515-00-20-014-001,0,HABSHAN 5 CO2 RECOVERY HP CO2 COMPRESSOR 1ST STAGE PROCESS FLOW DIAGRAM,IFT,WORLEY,DRAWING
H5,515,PR,0401413-H5-515-00-20-015-001,0,"HABSHAN 5 CO2 RECOVERY H5 - HP CO2 COMPRESSOR 2ND, 3RD & 4TH STAGE PROCESS FLOW DIAGRAM",IFT,WORLEY,DRAWING
H5,515,PR,0401413-H5-515-00-20-016-001,0,HABSHAN 5 CO2 RECOVERY H5 - HP CO2 EXPORT PUMP SYSTEM PROCESS FLOW DIAGRAM,IFT,WORLEY,DRAWING
H5,515,PR,0401413-H5-515-00-20-112-001,0,HABSHAN 5 CO2 RECOVERY CIRCULATED COOLING WATER SUPPLY/RETURN UTILITY FLOW DIAGRAM,IFT,WORLEY,DRAWING
H5,515,PR,0401413-H5-515-00-20-115-001,0,HABSHAN 5 CO2 RECOVERY CLOSED DRAIN DRUM AND PUMP UTILITY FLOW DIAGRAM,IFT,WORLEY,DRAWING
H5,515,PR,0401413-H5-515-00-20-116-001,0,HABSHAN 5 CO2 RECOVERY FLARE AND CLOSED DRAIN UTILITY FLOW DIAGRAM,IFT,WORLEY,DRAWING
H5,515,PR,0401413-H5-515-00-30-016,E,P&ID - HABSHAN 5 CO2 RECOVERY - LP CO2 COMPRESSOR 1ST STAGE SUCTION SCRUBBER,IFH,WORLEY,DRAWING
H5,515,PR,0401413-H5-515-00-30-017,E,P&ID - HABSHAN 5 CO2 RECOVERY - LP CO2 COMPRESSOR (1ST STAGE),IFH,WORLEY,DRAWING
H5,515,PR,0401413-H5-515-00-30-018,E,P&ID - HABSHAN 5 CO2 RECOVERY - LP CO2 COMPRESSOR (2ND STAGE),IFH,WORLEY,DRAWING
H5,515,PR,0401413-H5-515-00-30-019,E,P&ID - HABSHAN 5 CO2 RECOVERY - LP CO2 COMPRESSOR (3RD STAGE),IFH,WORLEY,DRAWING
H5,515,PR,0401413-H5-515-00-30-020,E,P&ID - HABSHAN 5 CO2 RECOVERY - LP CO2 COMPRESSOR (4TH STAGE),IFH,WORLEY,DRAWING
H5,515,PR,0401413-H5-515-00-30-021,E,P&ID - HABSHAN 5 CO2 RECOVERY - ANTI-SURGE & CAPACITY CONTROL SYSTEM,IFH,WORLEY,DRAWING
H5,515,PR,0401413-H5-515-00-30-023,E,P&ID - HABSHAN 5 CO2 RECOVERY - LP CO2 DISCHARGE COOLER,IFH,WORLEY,DRAWING
H5,515,PR,0401413-H5-515-00-30-024,E,P&ID - HABSHAN 5 CO2 RECOVERY - H5 SCRAPER RECEIVER (515-V-113),IFH,WORLEY,DRAWING
H5,515,PR,0401413-H5-515-00-30-025,E,P&ID - HABSHAN 5 CO2 RECOVERY - HP CO2 COMPRESSOR 1ST STAGE SUCTION SCRUBBER,IFH,WORLEY,DRAWING
H5,515,PR,0401413-H5-515-00-30-026,E,P&ID - HABSHAN 5 CO2 RECOVERY - HP CO2 COMPRESSOR (5TH STAGE),IFH,WORLEY,DRAWING
H5,515,PR,0401413-H5-515-00-30-027,E,P&ID - HABSHAN 5 CO2 RECOVERY - HP CO2 COMPRESSOR (6th STAGE),IFH,WORLEY,DRAWING
H5,515,PR,0401413-H5-515-00-30-028,E,P&ID - HABSHAN 5 CO2 RECOVERY - HP CO2 COMPRESSOR (7th STAGE),IFH,WORLEY,DRAWING
H5,515,PR,0401413-H5-515-00-30-029,E,P&ID - HABSHAN 5 CO2 RECOVERY - HP CO2 COMPRESSOR (8TH STAGE),IFH,WORLEY,DRAWING
H5,515,PR,0401413-H5-515-00-30-030-001,E,P&ID - HABSHAN 5 CO2 RECOVERY - HP CO2 DISCHARGE COOLER,IFH,WORLEY,DRAWING
H5,515,PR,0401413-H5-515-00-30-030-002,E,P&ID - HABSHAN 5 CO2 RECOVERY - ANTI-SURGE & CAPACITY CONTROL SYSTEM (HP),IFH,WORLEY,DRAWING
H5,515,PR,0401413-H5-515-00-30-031,E,P&ID - HABSHAN 5 CO2 RECOVERY - HP CO2 INJECTION PUMPS,IFH,WORLEY,DRAWING
H5,515,PR,0401413-H5-515-00-30-032,E,P&ID - HABSHAN 5 CO2 RECOVERY - HP CO2 INJECTION PUMPS,IFH,WORLEY,DRAWING
H5,515,PR,0401413-H5-515-00-30-033,E,P&ID - HABSHAN 5 CO2 RECOVERY - CUSTODY TRANSFER METERING PACKAGE,IFH,WORLEY,DRAWING
H5,515,PR,0401413-H5-515-00-30-038,E,P&ID - HABSHAN 5 CO2 RECOVERY - TEG UNIT - INLET KOD & CONTRACTOR,IFH,WORLEY,DRAWING
H5,515,PR,0401413-H5-515-00-30-039,E,P&ID - HABSHAN 5 CO2 RECOVERY - TEG UNIT - GLYCOL REBOILER,IFH,WORLEY,DRAWING
H5,515,PR,0401413-H5-515-00-30-040,E,P&ID - HABSHAN 5 CO2 RECOVERY - TEG UNIT - GLYCOL FLASH DRUM,IFH,WORLEY,DRAWING
H5,515,PR,0401413-H5-515-00-30-041-001,E,P&ID - HABSHAN 5 CO2 RECOVERY - TEG UNIT - PARTICLE AND CARBON FILTERS,IFH,WORLEY,DRAWING
H5,515,PR,0401413-H5-515-00-30-041-002,E,P&ID - HABSHAN 5 CO2 RECOVERY - TEG UNIT - LEAN/RICH GLYCOL EXCHANGER,IFH,WORLEY,DRAWING
H5,515,PR,0401413-H5-515-00-30-042,E,P&ID - HABSHAN 5 CO2 RECOVERY - TEG UNIT - GLYCOL STILL 2ND CONDENSER & SPENT GAS KOD,IFH,WORLEY,DRAWING
H5,515,PR,0401413-H5-515-00-30-043,E,P&ID - HABSHAN 5 CO2 RECOVERY - TEG UNIT - WATER CONDENSATE TRANSFER PUMPS,IFH,WORLEY,DRAWING
H5,515,PR,0401413-H5-515-00-30-044-001,E,P&ID - HABSHAN 5 CO2 RECOVERY - TEG DEHYDRATION PACKAGE - GLYCOL SURGE DRUM,IFH,WORLEY,DRAWING
H5,515,PR,0401413-H5-515-00-30-044-002,E,P&ID - HABSHAN 5 CO2 RECOVERY - TEG UNIT - LEAN GLYCOL COOLER,IFH,WORLEY,DRAWING
H5,515,PR,0401413-H5-515-00-30-045,E,P&ID - HABSHAN 5 CO2 RECOVERY - TEG UNIT - GLYCOL DRAIN DRUM,IFH,WORLEY,DRAWING
H5,515,PR,0401413-H5-515-00-30-049,E,P&ID - HABSHAN 5 CO2 RECOVERY - VENT STACK,IFH,WORLEY,DRAWING
H5,515,PR,0401413-H5-515-00-40-013,D,P&ID - HABSHAN 5 CO2 RECOVERY - CLOSED DRAIN DRUM & PUMPS,IFH,WORLEY,DRAWING
H5,515,PR,0401413-H5-515-00-40-056,E,P&ID - HABSHAN 5 CO2 RECOVERY - INSTRUMENT AIR SYSTEM,IFH,WORLEY,DRAWING
H5,515,PR,0401413-H5-515-00-40-057,E,P&ID - HABSHAN 5 CO2 RECOVERY - PLANT AIR SYSTEM,IFH,WORLEY,DRAWING
H5,515,PR,0401413-H5-515-00-40-058,E,P&ID - HABSHAN 5 CO2 RECOVERY - NITROGEN SYSTEM,IFH,WORLEY,DRAWING
H5,515,PR,0401413-H5-515-00-40-059,E,P&ID - HABSHAN 5 CO2 RECOVERY - HP STEAM & SATURATED LP STEAM SYSTEM,IFH,WORLEY,DRAWING
H5,515,PR,0401413-H5-515-00-40-060,E,P&ID - HABSHAN 5 CO2 RECOVERY - UTILITY WATER AND POTABLE WATER SYSTEM,IFH,WORLEY,DRAWING
H5,515,PR,0401413-H5-515-00-40-061-001,D,P&ID - HABSHAN 5 CO2 RECOVERY - CIRCULATING COOLING WATER SYSTEM,IFH,WORLEY,DRAWING
H5,515,PR,0401413-H5-515-00-40-061-002,E,P&ID - HABSHAN 5 CO2 RECOVERY - CIRCULATING COOLING WATER SYSTEM,IFH,WORLEY,DRAWING
H5,515,PR,0401413-H5-515-00-40-063,E,P&ID - HABSHAN 5 CO2 RECOVERY - LP FUEL GAS SYSTEM,IFH,WORLEY,DRAWING
H5,515,PR,0401413-H5-515-00-71-009,0,PROCESS SAFEGUARDING DIAGRAM - HABSHAN 5 CO2 RECOVERY - LP CO2 COMPRESSOR 1ST STAGE,IFT,WORLEY,DRAWING
H5,515,PR,0401413-H5-515-00-71-010,0,"PROCESS SAFEGUARDING DIAGRAM - HABSHAN 5 CO2 RECOVERY - H5 - LP CO2 COMPRESSOR 2ND, 3RD & 4TH",IFT,WORLEY,DRAWING
H5,515,PR,0401413-H5-515-00-71-012,0,PROCESS SAFEGUARDING DIAGRAM - HABSHAN 5 CO2 RECOVERY - TEG DEHYDRATION,IFT,WORLEY,DRAWING
H5,515,PR,0401413-H5-515-00-71-013,0,PROCESS SAFEGUARDING DIAGRAM - HABSHAN 5 CO2 RECOVERY - H5 - SCRAPER RECEIVER,IFT,WORLEY,DRAWING
H5,515,PR,0401413-H5-515-00-71-014,0,PROCESS SAFEGUARDING DIAGRAM - HABSHAN 5 CO2 RECOVERY - HP CO2 COMPRESSOR 1ST STAGE,IFT,WORLEY,DRAWING
H5,515,PR,0401413-H5-515-00-71-015,0,"PROCESS SAFEGUARDING DIAGRAM - HABSHAN 5 CO2 RECOVERY - H5 - HP CO2 COMPRESSOR 2ND, 3RD & 4TH STAGE",IFT,WORLEY,DRAWING
H5,515,PR,0401413-H5-515-00-71-016,0,PROCESS SAFEGUARDING DIAGRAM - HABSHAN 5 CO2 RECOVERY - H5 - HP CO2 EXPORT PUMP SYSTEM,IFT,WORLEY,DRAWING
H5,515,PR,0401413-H5-515-00-71-112,0,PROCESS SAFEGUARDING FLOW DIAGRAM - HABSHAN 5 CO2 RECOVERY - CIRCULATING COOLING WATER SUPPLY/RETURN,IFT,WORLEY,DRAWING
H5,515,PR,0401413-H5-515-00-71-115,0,PROCESS SAFEGUARDING DIAGRAM - HABSHAN 5 CO2 RECOVERY - CLOSED DRAIN DRUM AND PUMP,IFT,WORLEY,DRAWING
H5,550,PR,0401413-H5-550-00-20-006-001,0,HABSHAN 5 CO2 RECOVERY CO2 CAPTURE UNIT ABSORBER PROCESS FLOW DIAGRAM,IFT,WORLEY,DRAWING
H5,550,PR,0401413-H5-550-63-44-021,C,UNIT 550 - SULPHUR RECOVERY UNIT - TGTU - CO2 ABSORBER SECTION MATERIAL SELECTION DIAGRAM,IFA,SHELL,DRAWING
H5,559,PR,0401413-H5-559-00-20-007-001,0,HABSHAN 5 CO2 RECOVERY REGENERATION SECTION PROCESS FLOW DIAGRAM,IFT,WORLEY,DRAWING
H5,559,PR,0401413-H5-559-00-20-008-001,0,HABSHAN 5 CO2 RECOVERY SOLVENT DRAIN AND STORAGE PROCESS FLOW DIAGRAM,IFT,WORLEY,DRAWING
H5,559,PR,0401413-H5-559-00-20-021,A,UNIT 559 - REGENERATION UNIT - ABSORBENT SECTION PROCESS FLOW DIAGRAM,ICR,SHELL,DRAWING
H5,559,PR,0401413-H5-559-00-20-021,B,UNIT 559 - REGENERATION UNIT - ABSORBENT SECTION PROCESS FLOW DIAGRAM,IFA,SHELL,DRAWING
H5,559,PR,0401413-H5-559-00-20-022,A,UNIT 559 - REGENERATION UNIT - CO2 STRIPPER SECTION PROCESS FLOW DIAGRAM,ICR,SHELL,DRAWING
H5,559,PR,0401413-H5-559-00-20-022,B,UNIT 559 - REGENERATION UNIT - CO2 STRIPPER SECTION PROCESS FLOW DIAGRAM,IFA,SHELL,DRAWING
H5,559,PR,0401413-H5-559-00-20-023,A,UNIT 559 - REGENERATION UNIT - THERMAL RECLAIMER SECTION PROCESS FLOW DIAGRAM,ICR,SHELL,DRAWING
H5,559,PR,0401413-H5-559-00-20-023,B,UNIT 559 - REGENERATION UNIT - THERMAL RECLAIMER SECTION PROCESS FLOW DIAGRAM,IFA,SHELL,DRAWING
H5,559,PR,0401413-H5-559-00-30-101,B,P&ID - UNIT 559 - REGENERATION UNIT INTERCONNECTIONS / DISTRIBUTION,IFA,SHELL,DRAWING
H5,559,PR,0401413-H5-559-00-30-102,B,P&ID - UNIT 559 - REGENERATION UNIT LEAN / RICH ABSORBENT HEAT EXCHANGER,IFA,SHELL,DRAWING
H5,559,PR,0401413-H5-559-00-30-103,B,P&ID - UNIT 559 - REGENERATION UNIT CO2 STRIPPER,IFA,SHELL,DRAWING
H5,559,PR,0401413-H5-559-00-30-104,B,P&ID - UNIT 559 - REGENERATION UNIT STRIPPER REBOILER,IFA,SHELL,DRAWING
H5,559,PR,0401413-H5-559-00-30-105,B,P&ID - UNIT 559 - REGENERATION UNIT OVERHEAD CONDENSER,IFA,SHELL,DRAWING
H5,559,PR,0401413-H5-559-00-30-106,B,P&ID - UNIT 559 - REGENERATION UNIT REFLUX PUMPS,IFA,SHELL,DRAWING
H5,559,PR,0401413-H5-559-00-30-107,B,P&ID - UNIT 559 - REGENERATION UNIT REBOILER CONDENSATE DRUM,IFA,SHELL,DRAWING
H5,559,PR,0401413-H5-559-00-30-108,B,P&ID - UNIT 559 - REGENERATION UNIT CONDENSATE FLASH DRUM,IFA,SHELL,DRAWING
H5,559,PR,0401413-H5-559-00-30-109,B,P&ID - UNIT 559 - REGENERATION UNIT LEAN ABSORBENT PUMPS,IFA,SHELL,DRAWING
H5,559,PR,0401413-H5-559-00-30-110,B,P&ID - UNIT 559 - REGENERATION UNIT LEAN ABSORBENT TANK,IFA,SHELL,DRAWING
H5,559,PR,0401413-H5-559-00-30-111,B,P&ID - UNIT 559 - REGENERATION UNIT LEAN ABSORBENT PUMPS AND COOLER,IFA,SHELL,DRAWING
H5,559,PR,0401413-H5-559-00-30-112,B,P&ID - UNIT 559 - REGENERATION UNIT ABSORBENT FILTRATION,IFA,SHELL,DRAWING
H5,559,PR,0401413-H5-559-00-30-113,B,P&ID - UNIT 559 - REGENERATION UNIT ABSORBENT DRAIN DRUM,IFA,SHELL,DRAWING
H5,559,PR,0401413-H5-559-00-30-114,B,P&ID - UNIT 559 - REGENERATION UNIT FRESH ABSORBENT STORAGE TANK,IFA,SHELL,DRAWING
H5,559,PR,0401413-H5-559-00-30-115,B,P&ID - UNIT 559 - REGENERATION UNIT RECLAIMER PREHEATER,IFA,SHELL,DRAWING
H5,559,PR,0401413-H5-559-00-30-116,B,P&ID - UNIT 559 - REGENERATION UNIT THERMAL RECLAIMER AND REBOILER,IFA,SHELL,DRAWING
H5,559,PR,0401413-H5-559-00-30-117,B,P&ID - UNIT 559 - REGENERATION UNIT RECLAIMER CONDENSER,IFA,SHELL,DRAWING
H5,559,PR,0401413-H5-559-00-30-118,B,P&ID - UNIT 559 - REGENERATION UNIT RECLAIMER REFLUX PUMPS,IFA,SHELL,DRAWING
H5,559,PR,0401413-H5-559-00-30-119,B,P&ID - UNIT 559 - REGENERATION UNIT THERMAL RECLAIMER VACUUM SYSTEM,IFA,SHELL,DRAWING
H5,559,PR,0401413-H5-559-00-30-120,B,P&ID - UNIT 559 - REGENERATION UNIT RECLAIMER BOTTOM PUMPS,IFA,SHELL,DRAWING
H5,559,PR,0401413-H5-559-00-30-121,B,P&ID - UNIT 559 - REGENERATION UNIT DEGRADED ABSORBENT DRUM AND PUMPS,IFA,SHELL,DRAWING
H5,559,PR,0401413-H5-559-00-30-122,B,P&ID - UNIT 559 - REGENERATION UNIT RECLAIMER REBOILER CONDENSATE DRUM,IFA,SHELL,DRAWING
H5,559,PR,0401413-H5-559-00-30-123,B,P&ID - UNIT 559 - REGENERATION UNIT ANTI FOAM INJECTION PACKAGE,IFA,SHELL,DRAWING
H5,559,PR,0401413-H5-559-63-44-021,C,UNIT 559 - REGENERATION UNIT ABSORBENT SECTION MATERIAL SELECTION DIAGRAM,IFA,SHELL,DRAWING
H5,559,PR,0401413-H5-559-63-44-022,C,UNIT 559 - REGENERATION UNIT CO2 STRIPPER SECTION MATERIAL SELECTION DIAGRAM,IFA,SHELL,DRAWING
H5,559,PR,0401413-H5-559-63-44-023,C,UNIT 559 - REGENERATION UNIT THERMAL RECALIMER SECTION MATERIAL SELECTION DIAGRAM,IFA,SHELL,DRAWING
H5,55X,PR,0401413-H5-55X-00-20-021,A,UNIT 55X - SULPHUR RECOVERY UNIT - TGTU - CO2 ABSORBER SECTION PROCESS FLOW DIAGRAM,ICR,SHELL,DRAWING
H5,55X,PR,0401413-H5-55X-00-20-021,B,UNIT 550 - SULPHUR RECOVERY UNIT - TGTU - CO2 ABSORBER SECTION PROCESS FLOW DIAGRAM,IFA,SHELL,DRAWING
H5,55X,PR,0401413-H5-55X-00-30-101,B,P&ID - UNIT 55X - SULPHUR RECOVERY UNIT TGTU - CO2 ABSORBER,IFA,SHELL,DRAWING
H5,55X,PR,0401413-H5-55X-00-30-102,B,P&ID - UNIT 55X - SULPHUR RECOVERY UNIT TGTU - WATER WASH SECTION,IFA,SHELL,DRAWING
H5,55X,PR,0401413-H5-55X-00-30-103,B,P&ID - UNIT 55X - SULPHUR RECOVERY UNIT TGTU - RICH ABSORBENT PUMPS,IFA,SHELL,DRAWING
H5,55X,PR,0401413-H5-55X-00-30-104,B,P&ID - UNIT 55X - SULPHUR RECOVERY UNIT TGTU - ABSORBENT DRAIN DRUM,IFA,SHELL,DRAWING
H5,55X,PR,0401413-H5-55X-00-30-105,B,P&ID - UNIT 55X - SULPHUR RECOVERY UNIT TGTU - INTERSTAGE COOLING,IFA,SHELL,DRAWING
H5,55X,PR,0401413-H5-55X-00-30-106,B,P&ID - UNIT 55X - SULPHUR RECOVERY UNIT TGTU - ANTI FOAM INJECTION PACKAGE,IFA,SHELL,DRAWING
H5,001,PR,CEC-0401413-H5-001-00-71-511,B,CO2 ABSORBER UNIT 550 / 551 / 552 / 553 CAUSE AND EFFECT DIAGRAM,IFA,SHELL,DOCUMENT
H5,001,PR,CEC-0401413-H5-001-00-71-512,B,REGENERATION UNIT 559 CAUSE AND EFFECT DIAGRAM,IFA,SHELL,DOCUMENT
H5,001,PR,CEC-0401413-H5-001-00-71-550,B,CAUSE & EFFECT DIAGRAM - HABSHAN 5 EXISTING / NEW FACILITIES,IFA,WORLEY,DOCUMENT
H5,001,PR,DOD-0401413-H5-001-00-42-512,A,LINE LIST SUMMARY,ICR,SHELL,DOCUMENT
H5,001,PR,DOD-0401413-H5-001-00-42-513,A,TIE-IN LIST,ICR,SHELL,DOCUMENT
H5,001,PR,DOD-0401413-H5-001-00-80-052,B,VENDOR LIST,IFA,SHELL,DOCUMENT
H5,001,PR,DOD-0401413-H5-001-00-80-053,B,PERFORMANCE GUARANTEE STATEMENT,IFA,SHELL,DOCUMENT
H5,001,PR,DOD-0401413-H5-001-00-80-054,B,UTILITY AND CHEMICALS CONSUMPTION GUARANTEE STATEMENT,IFA,SHELL,DOCUMENT
H5,001,PR,DOD-0401413-H5-001-00-80-055,B,DETAILED ENGINEERING REVIEW LIST,IFA,SHELL,DOCUMENT
H5,001,PR,DOD-0401413-H5-001-00-80-057,B,TRAINING REQUIREMENTS,IFA,SHELL,DOCUMENT
H5,001,PR,LST-0401413-H5-001-00-42-500,C,RELIEF LOAD SUMMARY (U-550/551/552/553 AND U-559),IFA,WORLEY,DOCUMENT
H5,001,PR,NM-0401413-H5-001-00-42-511,B,SIZED EQUIPMENT LIST,IFA,SHELL,DOCUMENT
H5,001,PR,NM-0401413-H5-001-15-44-051,A,INSTRUMENT LIST (UNIT 550),ICR,SHELL,DOCUMENT
H5,001,PR,NM-0401413-H5-001-15-44-052,A,INSTRUMENT I/O LIST,ICR,SHELL,DOCUMENT
H5,001,PR,NM-0401413-H5-001-15-44-053,A,INSTRUMENT LIST (UNIT 559),ICR,SHELL,DOCUMENT
H5,001,PR,PHL-0401413-H5-001-00-11-051,B,CONTROL PHILOSOPHY,IFA,SHELL,DOCUMENT
H5,001,PR,PHL-0401413-H5-001-00-11-052,B,SAFEGUARDING MEMORANDUM,IFA,SHELL,DOCUMENT
H5,515,PR,RPT-0401413-GG-515-00-60-024,1,HABSHAN 5 TEG DEHYDRATION PACKAGE (515-ME-101) - PROCESS DUTY SPECIFICATION DATASHEET,IFT,WORLEY,DOCUMENT
H5,515,PR,RPT-0401413-GG-515-00-60-028,0,HABSHAN 5 LP & HP CO2 COMPRESSOR PACKAGE (515-ME-104) - PROCESS DUTY SPECIFICATION DATASHEET,IFT,WORLEY,DOCUMENT
H5,001,PR,RPT-0401413-H5-001-00-00-006,0,TAIL GAS TREATING UNIT AMINE SECTION HABSHAN-5 - BASIS OF DESIGN,IFD,BASF,DOCUMENT
H5,001,PR,RPT-0401413-H5-001-00-00-011,B,BASIS OF DESIGN - BASIC ENGINEERING PACKAGE CO2 RECOVERY - ABSORPTION AND REGENERATION,IFA,SHELL,DOCUMENT
H5,001,PR,RPT-0401413-H5-001-00-22-011,C,MATERIAL SELECTION GUIDE,IFA,SHELL,DOCUMENT
H5,001,PR,RPT-0401413-H5-001-00-42-511,B,HABSHAN 5 - UTILITY CONSUMPTION,IFA,BASF,DOCUMENT
H5,001,PR,RPT-0401413-H5-001-00-42-512,B,TAIL GAS TREATING UNIT AMINE SECTION HABSHAN-5 ANNUAL CHEMICAL CONSUMPTIONS AND / INITIAL FILL QUANTITY ESTIMATE,IFA,BASF,DOCUMENT
H5,001,PR,RPT-0401413-H5-001-00-42-513,A,TAIL GAS TREATING UNIT AMINE SECTION HABSHAN-5 EFFLUENTS & EMISSIONS SUMMARY,ICR,BASF,DOCUMENT
H5,001,PR,RPT-0401413-H5-001-00-42-521,B,UTILITY SUMMARY - BASIC ENGINEERING PACKAGE CO2 RECOVERY - ABSORPTION AND REGENERATION,IFA,SHELL,DOCUMENT
H5,001,PR,RPT-0401413-H5-001-00-42-522,B,CHEMICAL SUMMARY - BASIC ENGINEERING PACKAGE CO2 RECOVERY - ABSORPTION AND REGENERATION,IFA,SHELL,DOCUMENT
H5,001,PR,RPT-0401413-H5-001-00-42-523,B,EFFLUENT AND EMISSIONS SUMMARY - BASIC ENGINEERING PACKAGE CO2 RECOVERY - ABSORPTION AND REGENERATION,IFA,SHELL,DOCUMENT
H5,001,PR,RPT-0401413-H5-001-00-42-524,A,RELIEF LOAD SUMMARY,ICR,SHELL,DOCUMENT
H5,001,PR,RPT-0401413-H5-001-00-60-029,0,HYDRAULICS AND LINE SIZING REPORT- HABSHAN 5,IFT,WORLEY,DOCUMENT
H5,001,PR,RPT-0401413-H5-001-00-60-030,0,HABSHAN 5 - FLARE RELIEF AND BLOW DOWN STUDY REPORT,IFT,WORLEY,DOCUMENT
H5,001,PR,RPT-0401413-H5-001-00-60-035,0,DESIGN REVIEW REPORT - HABSHAN 5,IFI,WORLEY,DOCUMENT
H5,001,PR,RPT-0401413-H5-001-00-60-036,A,DESIGN REVIEW CLOSE OUT REPORT - HABSHAN 5,ICR,WORLEY,DOCUMENT
H5,001,PR,RPT-0401413-H5-001-00-60-051,0,TAIL GAS TREATING UNIT AMINE SECTION HABSHAN-5 - PROCESS DESCRIPTION,IFD,BASF,DOCUMENT
H5,001,PR,RPT-0401413-H5-001-00-60-052,A,TAIL GAS TREATING UNIT AMINE SECTION HABSHAN-5 - EXISTING UNIT EQUIPMENT ADEQUACY REPORT,ICR,BASF,DOCUMENT
H5,001,PR,RPT-0401413-H5-001-00-60-061,B,PROCESS DESCRIPTION - BASIC ENGINEERING PACKAGE CO2 RECOVERY - ABSORPTION AND REGENERATION,IFA,SHELL,DOCUMENT
H5,001,PR,RPT-0401413-H5-001-00-71-513,B,HABSHAN 5 - EXISTING TGTU HEAT AND MATERIAL BALANCE,IFA,BASF,DOCUMENT
H5,001,PR,RPT-0401413-H5-001-00-71-521,C,HEAT AND MATERIAL BALANCE (DESIGN CASE 1),IFA,SHELL,DOCUMENT
H5,001,PR,RPT-0401413-H5-001-00-71-522,A,BATTERY LIMIT TABLES,ICR,SHELL,DOCUMENT
H5,001,PR,RPT-0401413-H5-001-00-71-523,C,HEAT AND MATERIAL BALANCE (DESIGN CASE 2),IFA,SHELL,DOCUMENT
H5,515,PR,RPT-0401413-H5-515-00-60-033,0,HABSHAN-5 EQUIPMENT SIZING REPORT,IFT,WORLEY,DOCUMENT
H5,001,PR,SPP-0401413-H5-001-00-44-041,A,CONTROL VALVE DATASHEETS,ICR,SHELL,DOCUMENT
H5,001,PR,SPP-0401413-H5-001-00-44-042,A,PRESSURE SAFETY VALVE DATASHEETS,ICR,SHELL,DOCUMENT
H5,001,PR,SPP-0401413-H5-001-00-44-043,A,FLOW ELEMENT DATASHEETS,ICR,SHELL,DOCUMENT
H5,001,PR,SPP-0401413-H5-001-00-44-044,A,DATA SHEET FOR ANALYZERS,ICR,SHELL,DOCUMENT
H5,515,PR,SPP-0401413-H5-515-00-44-004,0,HABSHAN 5 LP CO2 COMPRESSOR 1ST STAGE SUCTION SCRUBBER DRUM (515-V-101) PROCESS DATASHEET,IFT,WORLEY,DOCUMENT
H5,515,PR,SPP-0401413-H5-515-00-44-006,0,HABSHAN 5 SOUR WATER PUMPS (515-P-101A/B) PROCESS DATASHEET,IFT,WORLEY,DOCUMENT
H5,515,PR,SPP-0401413-H5-515-00-44-008,0,HABSHAN 5 LP COMPRESSOR 4TH STAGE DISCHARGE COOLER (515-E-104) PROCESS DATASHEET,IFT,WORLEY,DOCUMENT
H5,515,PR,SPP-0401413-H5-515-00-44-011,0,HABSHAN 5 CLOSED DRAIN DRUM (515-V-119) PROCESS DATASHEET,IFT,WORLEY,DOCUMENT
H5,515,PR,SPP-0401413-H5-515-00-44-016,0,HABSHAN 5 CLOSED DRAIN PUMPS (515-P-112 A/B) PROCESS DATASHEET,IFT,WORLEY,DOCUMENT
H5,515,PR,SPP-0401413-H5-515-00-44-018,0,HABSHAN 5 - SCRAPER RECEIVER (515-V-113) PROCESS DATASHEET,IFT,WORLEY,DOCUMENT
H5,515,PR,SPP-0401413-H5-515-00-44-019,0,HABSHAN 5 HP CO2 COMPRESSOR 1ST STAGE SUCTION SCRUBBER DRUM (515-V-114) PROCESS DATASHEET,IFT,WORLEY,DOCUMENT
H5,515,PR,SPP-0401413-H5-515-00-44-020,0,HABSHAN 5 - HP COMPRESSOR 4TH STAGE DISCHARGE COOLER (515-E-114) PROCESS DATASHEET,IFT,WORLEY,DOCUMENT
H5,515,PR,SPP-0401413-H5-515-00-44-021,0,HABSHAN 5 HP CO2 EXPORT PUMPS (515-P-107A/B) PROCESS DATASHEET,IFT,WORLEY,DOCUMENT
H5,515,PR,SPP-0401413-H5-515-00-44-022,0,HABSHAN 5 - HP CO2 COOLER (515-E-116) PROCESS DATASHEET,IFT,WORLEY,DOCUMENT
H5,515,PR,SPP-0401413-H5-515-00-44-023,0,HABSHAN 5 GLYCOL DRAIN DRUM (515-V-112) PROCESS DATASHEET,IFT,WORLEY,DOCUMENT
H5,515,PR,SPP-0401413-H5-515-00-44-024,0,HABSHAN 5 GLYCOL DRAIN PUMP (515-P-105) PROCESS DATASHEET,IFT,WORLEY,DOCUMENT
H5,559,PR,SPP-0401413-H5-559-00-44-022,A,LEAN/RICH ABSORBENT HEAT EXCHANGER (559-E-101 A/B/C/D) PROCESS EQUIPMENT DATA SHEET,ICR,SHELL,DOCUMENT
H5,559,PR,SPP-0401413-H5-559-00-44-023,A,LEAN ABSORBENT COOLER (559-E-102) PROCESS EQUIPMENT DATA SHEET,ICR,SHELL,DOCUMENT
H5,559,PR,SPP-0401413-H5-559-00-44-024,A,STRIPPER REBOILER (559-E-103 A/B/C/D) PROCESS EQUIPMENT DATA SHEET,ICR,SHELL,DOCUMENT
H5,559,PR,SPP-0401413-H5-559-00-44-025,A,OVERHEAD CONDENSOR (559-E-104) PROCESS EQUIPMENT DATA SHEET,ICR,SHELL,DOCUMENT
H5,559,PR,SPP-0401413-H5-559-00-44-026,A,RECLAIMER PREHEATER (559-E-105) PROCESS EQUIPMENT DATA SHEET,ICR,SHELL,DOCUMENT
H5,559,PR,SPP-0401413-H5-559-00-44-027,A,RECLAIMER REBOILER (559-E-106) PROCESS EQUIPMENT DATA SHEET,ICR,SHELL,DOCUMENT
H5,559,PR,SPP-0401413-H5-559-00-44-028,A,RECLAIMER CONDENSER (559-E-107) PROCESS EQUIPMENT DATA SHEET,ICR,SHELL,DOCUMENT
H5,559,PR,SPP-0401413-H5-559-00-44-029,A,MECHANICAL FILTER (559-F-101) PROCESS EQUIPMENT DATA SHEET,ICR,SHELL,DOCUMENT
H5,559,PR,SPP-0401413-H5-559-00-44-030,A,CARBON BED FILTER (559-F-102) PROCESS EQUIPMENT DATA SHEET,ICR,SHELL,DOCUMENT
H5,559,PR,SPP-0401413-H5-559-00-44-031,A,CARBON AFTER FILTER (559-F-103) PROCESS EQUIPMENT DATA SHEET,ICR,SHELL,DOCUMENT
H5,559,PR,SPP-0401413-H5-559-00-44-032,A,DRAINED ABSORBENT FILTER (559-F-104) PROCESS EQUIPMENT DATA SHEET,ICR,SHELL,DOCUMENT
H5,559,PR,SPP-0401413-H5-559-00-44-033,A,THERMAL RECLAIMER VACUUM SYSTEM (559-ME-102) PROCESS EQUIPMENT DATA SHEET,ICR,SHELL,DOCUMENT
H5,559,PR,SPP-0401413-H5-559-00-44-034,A,STATIC MIXER (559-ME-103) PROCESS EQUIPMENT DATA SHEET,ICR,SHELL,DOCUMENT
H5,559,PR,SPP-0401413-H5-559-00-44-035,A,LEAN ABSORBENT PUMP (559-P-101A/B/C) PROCESS EQUIPMENT DATA SHEET,ICR,SHELL,DOCUMENT
H5,559,PR,SPP-0401413-H5-559-00-44-036,A,ABSORBER FEED PUMP (559-P-102A/B/C) PROCESS EQUIPMENT DATA SHEET,ICR,SHELL,DOCUMENT
H5,559,PR,SPP-0401413-H5-559-00-44-037,A,REFLUX PUMP (559-P-103 A/B) PROCESS EQUIPMENT DATA SHEET,ICR,SHELL,DOCUMENT
H5,559,PR,SPP-0401413-H5-559-00-44-038,A,CONDENSATE PUMP (559-P-104 A/B) PROCESS EQUIPMENT DATA SHEET,ICR,SHELL,DOCUMENT
H5,559,PR,SPP-0401413-H5-559-00-44-039,A,DRAINED ABSORBENT PUMP (559-P-105) PROCESS EQUIPMENT DATA SHEET,ICR,SHELL,DOCUMENT
H5,559,PR,SPP-0401413-H5-559-00-44-040,A,ABSORBENT MAKE-UP PUMP (559-P-106) PROCESS EQUIPMENT DATA SHEET,ICR,SHELL,DOCUMENT
H5,559,PR,SPP-0401413-H5-559-00-44-041,A,RECLAIMER REFLUX PUMP (559-P-107 A/B) PROCESS EQUIPMENT DATA SHEET,ICR,SHELL,DOCUMENT
H5,559,PR,SPP-0401413-H5-559-00-44-042,A,RECLAIMER BOTTOM PUMP (559-P-108A/B) PROCESS EQUIPMENT DATA SHEET,ICR,SHELL,DOCUMENT
H5,559,PR,SPP-0401413-H5-559-00-44-043,A,DEGRADED ABSORBENT PUMP (559-P-109) PROCESS EQUIPMENT DATA SHEET,ICR,SHELL,DOCUMENT
H5,559,PR,SPP-0401413-H5-559-00-44-045,A,LEAN ABSORBENT TANK (559-TK-101) PROCESS EQUIPMENT DATA SHEET,ICR,SHELL,DOCUMENT
H5,559,PR,SPP-0401413-H5-559-00-44-046,A,FRESH ABSORBENT STORAGE TANK (559-TK-102) PROCESS EQUIPMENT DATA SHEET,ICR,SHELL,DOCUMENT
H5,559,PR,SPP-0401413-H5-559-00-44-047,0,CO2 STRIPPER (559-V-101) PROCESS EQUIPMENT DATA SHEET,IFD,SHELL,DOCUMENT
H5,559,PR,SPP-0401413-H5-559-00-44-048,A,ANTI-FOAM INJECTION PACKAGE (559-ME-104) PROCESS EQUIPMENT DATA SHEET,ICR,SHELL,DOCUMENT
H5,559,PR,SPP-0401413-H5-559-00-44-049,A,CONDENSATE FLASH DRUM (559-V-103) PROCESS EQUIPMENT DATA SHEET,ICR,SHELL,DOCUMENT
H5,559,PR,SPP-0401413-H5-559-00-44-050,A,REFLUX DRUM (559-V-104) PROCESS EQUIPMENT DATA SHEET,ICR,SHELL,DOCUMENT
H5,559,PR,SPP-0401413-H5-559-00-44-051,A,ABSORBENT DRAIN DRUM (559-V-102) PROCESS EQUIPMENT DATA SHEET,ICR,SHELL,DOCUMENT
H5,559,PR,SPP-0401413-H5-559-00-44-053,A,REBOILER CONDENSATE DRUM (559-V-107) PROCESS EQUIPMENT DATA SHEET,ICR,SHELL,DOCUMENT
H5,559,PR,SPP-0401413-H5-559-00-44-054,0,THERMAL RECLAIMER (559-V-105) PROCESS EQUIPMENT DATA SHEET,IFA,SHELL,DOCUMENT
H5,559,PR,SPP-0401413-H5-559-00-44-055,A,RECLAIMER REFLUX DRUM (559-V-106) PROCESS EQUIPMENT DATA SHEET,ICR,SHELL,DOCUMENT
H5,559,PR,SPP-0401413-H5-559-00-44-056,A,DEGRADED ABSORBENT DRUM (559-V-109) PROCESS EQUIPMENT DATA SHEET,ICR,SHELL,DOCUMENT
H5,559,PR,SPP-0401413-H5-559-00-44-057,A,RECLAIMER REBOILER CONDENSATE DRUM (559-V-108) PROCESS EQUIPMENT DATA SHEET,ICR,SHELL,DOCUMENT
H5,55X,PR,SPP-0401413-H5-55X-00-44-021,A,WATER WASH COOLER (550 / 551 / 552 / 553 - E-116) PROCESS EQUIPMENT DATA SHEET,ICR,SHELL,DOCUMENT
H5,55X,PR,SPP-0401413-H5-55X-00-44-022,A,INTERCOOLER (550 / 551 / 552 / 553 - E-117) PROCESS EQUIPMENT DATA SHEET,ICR,SHELL,DOCUMENT
H5,55X,PR,SPP-0401413-H5-55X-00-44-023,A,DRAINED ABSORBENT FILTER (550 / 551 / 552 / 553-F-103) PROCESS EQUIPMENT DATA SHEET,ICR,SHELL,DOCUMENT
H5,55X,PR,SPP-0401413-H5-55X-00-44-024,A,RICH ABSORBENT PUMP (550/551/552/553-P-112A/B) PROCESS EQUIPMENT DATA SHEET,ICR,SHELL,DOCUMENT
H5,55X,PR,SPP-0401413-H5-55X-00-44-025,A,WATER WASH PUMP (55X-P-113A/B) PROCESS EQUIPMENT DATA SHEET,ICR,SHELL,DOCUMENT
H5,55X,PR,SPP-0401413-H5-55X-00-44-026,A,INTERCOOLER PUMP (550/551/552/553-P-114A/B) PROCESS EQUIPMENT DATA SHEET,ICR,SHELL,DOCUMENT
H5,55X,PR,SPP-0401413-H5-55X-00-44-027,A,DRAINED ABSORBENT PUMP (550/551/552/553-P-115) PROCESS EQUIPMENT DATA SHEET,ICR,SHELL,DOCUMENT
H5,55X,PR,SPP-0401413-H5-55X-00-44-028,A,ABSORBENT DRAIN DRUM (550/551/552/553-V-121) PROCESS EQUIPMENT DATA SHEET,ICR,SHELL,DOCUMENT
H5,55X,PR,SPP-0401413-H5-55X-00-44-029,0,CO2 ABSORBER (55X-V-120) PROCESS EQUIPMENT DATA SHEET,IFD,SHELL,DOCUMENT
H5,55X,PR,SPP-0401413-H5-55X-00-44-030,A,ANTI-FOAM INJECTION PACKAGE (550/551/552/553-ME-103) PROCESS EQUIPMENT DATA SHEET,ICR,SHELL,DOCUMENT
H5,001,SR,0401413-H5-001-61-90-001,A,CO2 RECOVERY UNIT 515 - FIRE AND GAS DETECTOR LAYOUT HABSHAN-5,ICR,WORLEY,DRAWING
H5,001,SR,0401413-H5-001-61-90-003,A,CO2 RECOVERY UNIT 515 - PASSIVE FIRE PROTECTION LAYOUT - HABSHAN-5,ICR,WORLEY,DRAWING
H5,515,SR,0401413-H5-515-61-15-002-001,A,P&ID - HABSHAN 5 CO2 RECOVERY FIRE SUPPRESSION SYSTEM - SUBSTATION (SS-519) BUILDING,ICR,WORLEY,DRAWING
H5,515,SR,0401413-H5-515-61-15-002-002,A,P&ID - HABSHAN 5 CO2 RECOVERY FIRE SUPPRESSION SYSTEM - INSTRUMENT EQUIPMENT SHELTER (IES-510) BUILDING,ICR,WORLEY,DRAWING
H5,515,SR,0401413-H5-515-61-30-001,A,P&ID - HABSHAN 5 CO2 RECOVERY - FIRE WATER NETWORK - UNIT 515,ICR,WORLEY,DRAWING
H5,515,SR,0401413-H5-515-61-90-004,B,ESCAPE ROUTE AND SAFETY SIGN LAYOUT - HABSHAN-5 CO2 RECOVERY UNIT 515,IFA,WORLEY,DRAWING
H5,515,SR,0401413-H5-515-61-90-006,B,CO2 RECOVERY UNIT 515 FIRE FIGHTING AND SAFETY EQUIPMENT LAYOUT - HABSHAN-5,IFA,WORLEY,DRAWING
H5,515,SR,0401413-H5-515-61-90-007,B,CO2 RECOVERY UNIT 515 - HAZARDOUS AREA CLASSIFICATION LAYOUT - HABSHAN-5,IFA,WORLEY,DRAWING
H5,515,SR,0401413-H5-515-61-90-008-001,A,FIRE AND GAS DETECTOR LAYOUT - HABSHAN-5 SUBSTATION BUILDING (SS519) - GROUND FLOOR,ICR,WORLEY,DRAWING
H5,515,SR,0401413-H5-515-61-90-008-002,A,FIRE AND GAS DETECTOR LAYOUT - HABSHAN-5 SUBSTATION BUILDING (SS519) - FIRST FLOOR,ICR,WORLEY,DRAWING
H5,515,SR,0401413-H5-515-61-90-009,A,FIRE AND GAS DETECTOR LAYOUT - IES BUILDING - IES 510 - HABSHAN-5,ICR,WORLEY,DRAWING
H5,515,SR,0401413-H5-515-61-90-010-001,B,FIREFIGHTING AND SAFETY EQUIPMENT LAYOUT HABSHAN-5 SUBSTATION BUILDING (SS-519) - GROUND FLOOR,IFA,WORLEY,DRAWING
H5,515,SR,0401413-H5-515-61-90-010-002,B,FIREFIGHTING AND SAFETY EQUIPMENT LAYOUT HABSHAN-5 SUBSTATION BUILDING (SS-519) - FIRST FLOOR,IFA,WORLEY,DRAWING
H5,515,SR,0401413-H5-515-61-90-011,B,FIREFIGHTING AND SAFETY EQUIPMENT LAYOUT HABSHAN-5 INSTRUMENT EQUIPMENT SHELTER IES-510,IFA,WORLEY,DRAWING
H5,515,SR,0401413-H5-515-61-90-012-001,B,ESCAPE ROUTE AND SAFETY SIGN LAYOUT - HABSHAN-5 SUBSTATION BUILDING (SS-519) - GROUND FLOOR,IFA,WORLEY,DRAWING
H5,515,SR,0401413-H5-515-61-90-012-002,B,ESCAPE ROUTE AND SAFETY SIGN LAYOUT - HABSHAN-5 SUBSTATION BUILDING (SS-519) - FIRST FLOOR,IFA,WORLEY,DRAWING
H5,515,SR,0401413-H5-515-61-90-013,B,ESCAPE ROUTE AND SAFETY SIGN LAYOUT - HABSHAN-5 INSTRUMENT EQUIPMENT SHELTER IES-510,IFA,WORLEY,DRAWING
H5,550,SR,0401413-H5-550-61-90-001,A,SULPHUR RECOVERY UNIT 550 FIRE AND GAS DETECTOR LAYOUT - HABSHAN-5,ICR,WORLEY,DRAWING
H5,551,SR,0401413-H5-551-61-90-001,A,SULPHUR RECOVERY UNIT 551 FIRE AND GAS DETECTOR LAYOUT - HABSHAN-5,ICR,WORLEY,DRAWING
H5,552,SR,0401413-H5-552-61-90-001,A,SULPHUR RECOVERY UNIT 552 FIRE AND GAS DETECTOR LAYOUT - HABSHAN-5,ICR,WORLEY,DRAWING
H5,553,SR,0401413-H5-553-61-90-001,A,SULPHUR RECOVERY UNIT 553 FIRE AND GAS DETECTOR LAYOUT - HABSHAN-5,ICR,WORLEY,DRAWING
H5,559,SR,0401413-H5-559-61-90-001,A,SULPHUR RECOVERY UNIT 559 FIRE AND GAS DETECTOR LAYOUT - HABSHAN-5,ICR,WORLEY,DRAWING
H5,559,SR,0401413-H5-559-61-90-006,A,CO2 RECOVERY UNIT 559 FIRE FIGHTING AND SAFETY EQUIPMENT LAYOUT - HABSHAN-5,ICR,WORLEY,DRAWING
H5,515,SR,CEC-0401413-H5-515-61-88-002,A,FIRE AND GAS SYSTEM CAUSE & EFFECT DIAGRAM - SUBSTATION-519,ICR,WORLEY,DOCUMENT
H5,515,SR,CEC-0401413-H5-515-61-90-002,A,CAUSE & EFFECT DIAGRAM - HABSHAN 5 - FIRE AND GAS SYSTEM - UNIT 515,ICR,WORLEY,DOCUMENT
H5,515,SR,RPT-0401413-H5-515-61-22-012,0,HAZID ENVID OHID REPORT - HABSHAN 5,IFT,WORLEY,DOCUMENT
H5,515,SR,RPT-0401413-H5-515-61-25-001,0,FIREWATER DEMAND CALCULATION AND ADEQUACY REPORT - HABSHAN 5,IFT,WORLEY,DOCUMENT
H5,001,TE,0401413-H5-001-15-77-021-001,0,TELEPHONE / PABX SYSTEM BLOCK DIAGRAM,IFD,WORLEY,DRAWING
H5,001,TE,0401413-H5-001-15-77-022,0,DATA NETWORK / SCS SYSTEM BLOCK DIAGRAM,IFD,WORLEY,DRAWING
H5,001,TE,0401413-H5-001-15-77-023,0,CCTV SYSTEM BLOCK DIAGRAM HABSHAN-5,IFD,WORLEY,DRAWING
H5,001,TE,0401413-H5-001-15-77-024-001,0,PUBLIC ADDRESS SYSTEM BLOCK DIAGRAM HABSHAN-5,IFD,WORLEY,DRAWING
H5,001,TE,0401413-H5-001-15-77-025,0,ACCESS CONTROL SYSTEM BLOCK DIAGRAM - HABSHAN 5,IFD,WORLEY,DRAWING
H5,001,TE,0401413-H5-001-15-77-026,0,RADIO COMMUNICATION SYSTEM BLOCK DIAGRAM (IES 510 AND SS 519),IFD,WORLEY,DRAWING
H5,001,TE,0401413-H5-001-15-77-027,0,TELECOM OVERALL FIBER OPTIC CABLE BLOCK DIAGRAM,IFD,WORLEY,DRAWING
H5,001,TE,0401413-H5-001-15-77-028,0,OVERALL BLOCK DIAGRAM FOR TELECOM NETWORK MANAGEMENT SYSTEM,IFD,WORLEY,DRAWING
H5,515,TE,0401413-H5-515-15-99-051,B,TELECOM SYSTEM EQUIPMENT LAYOUT FOR SUBSTATION 519,IFA,WORLEY,DRAWING
H5,515,TE,0401413-H5-515-15-99-052,B,TELECOM SYSTEM EQUIPMENT LAYOUT FOR INSTRUMENT EQUIPMENT SHELTER IES-510,IFA,WORLEY,DRAWING
H5,515,TE,0401413-H5-515-15-99-053,B,TELECOM SYSTEM EQUIPMENT LAYOUT FOR UNIT-515,IFA,WORLEY,DRAWING
H5,001,TE,DOD-0401413-H5-001-15-22-014,B,TELECOM EQUIPMENT LIST (HABSHAN-5),IFA,WORLEY,DOCUMENT
H5,001,TE,DOD-0401413-H5-001-15-22-015,A,TELECOM CABLE SCHEDULE,ICR,WORLEY,DOCUMENT
H5,001,TE,DOD-0401413-H5-001-15-22-016,B,TELECOM TIE-IN LIST (HABSHAN-5),IFA,WORLEY,DOCUMENT
H5,001,TE,DOD-0401413-H5-001-15-66-001,B,POWER CONSUMPTION & HEAT DISSIPATION CALCULATION FOR HABSHAN-5,IFA,WORLEY,DOCUMENT
H5,001,TE,RPT-0401413-H5-001-15-44-002,A,MODIFICATION SCOPE OF WORK TO EXISTING TELECOM SYSTEM,ICR,WORLEY,DOCUMENT
