SL. No,"Item No
(As per Bidder)",Discipline,EPC Package Identification,Enquiry Package Reference,Reference Document / Drawing,"Classification (Legal, Technical &/or Commercial)",Exception / Query,Company's Response ,TENDER BULLETIN NO.
1,1,Mechanical,,,"Tender Bulletin Number TB-R001, Item no.3",,"""In addition to the conveyor belt feeding the new storage with the granulated sulphur, another direct connection to be made to existing system to avoid disruption of handling in case of emergency.""

- in case of emergency, connection to only one existing storage, Sulphur Storage Building (West) at RSHT2, is required. COMPANY to confirm bidders understanding.",Confirmed,TB-R003
2,2,E&I,,,"Tender Bulletin Number TB-R001, Item no.4",,"""The I&C systems shall be designed as standalone system. The new panels, racks, consoles, etc. to be installed in the existing control building.   ""

It is assumed that new I&C panels, racks, consoles will be located at RSHT-2 existing control building. Hence it is assumed that OEM of ICSS will be same as RSHT-2 However, please note that conveyors to RSHT-2 area and associated new equipment/facilities will need to be connected to RSHT-2 ICSS & its modifications will be an additional scope. There will be modifications in existing dust collection & suppression system at RSHT-2 area. There will also be electrical modifications in the RSHT-2 area for additional equipment/facilities. COMPANY to confirm bidders understanding.","To reduce the length of interconnecting cables, cable trays and supporting systems, it is proposed to add new E&I room in the new substation (substation 5 of original RFT)  at new plant area",TB-R003
3,3,General,,,New RSGP at RSHT2 Scope of Work,,"Please note that the specifications and datasheets provided in the previous RFT 6000066707 submitted on 22nd of Dec 2023 will apply and be utilized for the New Facility (RFT 6000066707-Revised) as well.

COMPANY to confirm.","As per the tender Bulletin, New design scheme to serve the project objective, shall be proposed by Contractor .

Original Tender Specification to be validated and updated based on new design Scheme.

Data sheet will be revised accordingly by Contractor .",TB-R003
4,1,,,,New RSGP at RSHT2 Scope of Work,,"Company to provide list of all Tie-in locations to be considered for the proposed new location of the plant.
","As per TB-R01. Item 5
Bidders to assume a length of 4,000 m for each of the utilities connected to Borouge for the purpose of quoting",TB-R003
5,2,,,,New RSGP at RSHT2 Scope of Work,,"Company to confirm if any for port, costal and marine engineering requirements for this project.",Not Required,TB-R003
6,3,,,,New RSGP at RSHT2 Scope of Work,,"Company to confirm that linear storage system is required for the project with a capacity of 165,000 tons.","Yes Confirmed
Refer to attached Presentation",TB-R003
7,4,,,,New RSGP at RSHT2 Scope of Work,,"Company to confirm that linear storage system is required for the project with a capacity of 165,000 tons.",See above company response(item 3),TB-R003
8,5,,,,Utility Services,,Please provide the tentative routing layout for all the utility services,Refer to item #1,TB-R003
9,6,,,,Pre-Bid Presentation ,,Please share the presentation presented during Prebid meeting.,Attached,TB-R003
10,7,,,,Capacities of Long Lead Items / Equipment,,We assume that the capacities of all long lead items / equipment will remain unchanged from FEED. please confirm.,Bidders to Consider the new sizing and capacity in his technical offer to submit an equipment list with delivery duration for all long lead items in his design  ,TB-R003
11,8,,,,Geotechnical Investigation Report,,Please provide the Geotechnical Investigation Report of Proposed New Plot.,Company Will revert,TB-R003
12,9,,,,Topographical & UG detection Survey,,Please provide the Topographical & UG detection Survey report of Proposed New Plot.,It is a green field area with no underground utilities,TB-R003
13,10,,,,Soil Improvement ,,"We assume that Soil Improvement in not required for the proposed new location, please confirm.","No soil replacement is required , however, relevant surveys are required to be performed by successful bidder",TB-R003
14,11,,,,"1005312, New RSGP at RSHT2 for Hail and Ghasha 
SCOPE OF WORK Package 1 for SGP (RFT 6000066707- Revised) ",,"It is mentioned that:This document shall be considered an integral component of the said RFT and shall be read in conjunction with it.  
Bidders are invited and instructed to review the project scope as outlined in the said RFT for 
RSHT2, However, in the absence of complete FEED documents pertaining to the new 
location at RSHT2, COMPANY shall rely on Contractor's expertise to propose a 
conﬁguration that is both time and cost efficient, ensuring achievement of the RFC date of 
December 2027.  CONTRACTOR is obligated to deliver the project in accordance with the 
agree performance criteria, as stipulated in Exhibit A.11""

The Bidder understands that the entire new facility outlined in the ORIGINAL FEED has now been relocated to the RSHT2 site. The Bidder acknowledges that no FEED document is available for this new location. The COMPANY requests the Bidder to carry out the FEED, followed by detailed engineering, for the new facility at the new location..","The technical proposal shall be submitted by bidder, shall reflect the preliminary site configuration and layout , which shall be reviewed by company for alignment.
Successful bidder shall perform detailed engineering based on new configuration and layout during the EPC phase",TB-R003
15,12,,,,"1005312, New RSGP at RSHT2 for Hail and Ghasha 
SCOPE OF WORK Package 1 for SGP (RFT 6000066707- Revised) ",,"The Bidder acknowledges that the scope outlined in the document ""1005312, New RSGP at RSHT2 for Hail and Ghasha – SCOPE OF WORK Package 1 for SGP (RFT 6000066707- Revised)"" will supersede the original scope of work specified in RFT 6000066707","RFT 6000066707- Revised is not superseding the original RFT 6000066707 but shall be treated as a reference 
",TB-R003
16,13,,,,"1005312, New RSGP at RSHT2 for Hail and Ghasha 
SCOPE OF WORK Package 1 for SGP (RFT 6000066707- Revised) ",,"The Bidder acknowledges that the original scope specifying ""Out of 12 Granulator units, 6 units are existing and refurbished, and 6 units are new"" is no longer applicable. There will be no refurbishment of the 6 existing granulators. Instead, the revised scope now includes a total of 10 new granulators.
",Noted,TB-R003
17,14,,,,"1005312, New RSGP at RSHT2 for Hail and Ghasha 
SCOPE OF WORK Package 1 for SGP (RFT 6000066707- Revised) ",,"The Bidder acknowledges that all new facilities outlined in the original scope of work—including three liquid sulphur storage tanks, associated pumps, and liquid sulphur day vessels/filters—will be relocated to a new site. The Bidder understands that the capacities of these specified equipment will remain unchanged from FEED.

The Bidder understands that the new process plant will be situated at a new location. The existing Ruwais Sulphur Handling Plant is considered adequate, and the only requirement is to configure tie-ins between the new facility and the existing infrastructure.",Noted,TB-R003
18,15,,,,"1005312, New RSGP at RSHT2 for Hail and Ghasha 
SCOPE OF WORK Package 1 for SGP (RFT 6000066707- Revised) ",,"It is mentioned that ""Utilities Connection: all required utilities shall be supplied from the Borouge 3 facility. Bidders shall conduct the necessary feasibility study, coordination, and 
interfacing with Borouge to establish these connections in compliance with project 
requirements""
The Bidder understands that all utilities for the new facility will be supplied from the Borouge 3 plant. Consequently, no utilities will be provided to the new facility from the existing Ruwais sulphur handling plant.",Noted except for fire water,TB-R003
19,16,,,,"1005312, New RSGP at RSHT2 for Hail and Ghasha 
SCOPE OF WORK Package 1 for SGP (RFT 6000066707- Revised) ",,"It is mentioned that Steam Line: the steam line shall connect to an existing high-pressure steam line rated at 65 Barg, with pressure reduced to meet project speciﬁcations as stipulated 
in the scope of work. 
The Bidder understands that the steam line originates from the Borouge 3 plant, where it is available at high pressure, and will be utilized at the new facility through a new pressure reduction station.",Noted,TB-R003
20,17,,,,"1005312, New RSGP at RSHT2 for Hail and Ghasha 
SCOPE OF WORK Package 1 for SGP (RFT 6000066707- Revised) ",,"The Bidder understands that all new facilities will be integrated with the existing Ruwais Sulphur Handling Terminal. This includes the integration of new sulphur pumps, tanks, and the sulphur pit with the existing infrastructure.",Noted,TB-R003
21,18,,,,"1005312, New RSGP at RSHT2 for Hail and Ghasha 
SCOPE OF WORK Package 1 for SGP (RFT 6000066707- Revised) ",,"it is mentioned that
Sulphur Pit and Re-Melter: Bidders shall be responsible to design and provide a new 
sulphur pit with a minimum capacity of 100 m3 and a re-melter with a capacity of 30 
TPD.  All necessary connections from the granulators to the sulphur pit and from the 
pit to the liquid tanks shall be thoroughly studied, designed and submitted for 
Company's review and approval. 

The Bidder understands that this represents a new scope not addressed in the FEED. All these facilities will be located at RSHT2. The existing sulphur pit and re-melter are deemed sufficient, and there is no scope related to evaluating the adequacy of the existing sulphur pit.",No sulphur Pits at RSHT2,TB-R003
22,1,Instrumentation,,,Tender Bulletin Number TB-R001,,"According to the TB-R001, Quote ""The I&C systems shall be designed as standalone system. The new panels, racks, consoles, etc. to be installed in the existing control building"" Unquote.

Bidder assumes that any Modifications or Integration work with the existing systems (instrumentation, automation, CPIMS, etc.) are not required for this project.

COMPANY to confirm.","To reduce the length of interconnecting cables, cable trays and supporting systems, it is proposed to add new E&I room in the new substation (substation 5 of original RFT)  at new plant area

The new standalone system shall have an interface with RSHT2 control and safeguard systems to exchange both hardwired signals as well as serial link",TB-R003
23,2,Instrumentation,,,Tender Bulletin Number TB-R001,,"According to the TB-R001, Quote ""The I&C systems shall be designed as standalone system. The new panels, racks, consoles, etc. to be installed in the existing control building"" Unquote.

Bidder assumes that any Modifications or Integration work with the existing systems (F&G, RACP, etc.) are not required for this project.

COMPANY to confirm.",SEE  item 1 above,TB-R003
24,3,Instrumentation,,,New RSGP at RSHT2 Scope of Work,,"According to the Scope of Work, Quote ""The new conveyor belt system shall be integrated with the existing system to enable connectivity to the existing berths."" Unquote.

As per Tender Bulletin Number TB-R001, the I&C systems shall be designed as standalone. Hence, Bidder assumes that any Modifications or Integration work with the existing systems (instrumentation, automation, CPIMS, etc.) are not required for this project.

COMPANY to confirm.",The new standalone system shall have an interface with RSHT2 control and safeguard systems to exchange both hardwired signals as well as serial link,TB-R003
25,4,Instrumentation,,,New RSGP at RSHT2 Scope of Work,,"According to the Scope of Work, Quote ""The E&I work shall be engineered to accommodate the new configuration as proposed by the successful bidder, ensuring all design elements are consistent with AJES/DGS standards. All systems (instrumentation, automation, and telecom) shall be interfaced and integrated with the existing systems."" Unquote.

As per Tender Bulletin Number TB-R001, the I&C systems shall be designed as standalone. Hence, Bidder assumes that any Modifications or Integration work with the existing systems (instrumentation, automation, CPIMS, etc.) are not required for this project.

COMPANY to confirm.","Modification to existing system is not covered under this scope, 

The new standalone system shall have an interface with RSHT2 control and safeguard systems to exchange both hardwired signals as well as serial link",TB-R003
26,5,Instrumentation,,,New RSGP at RSHT2 Scope of Work,,COMPANY to confirm that cabinets with a purging facility are not required for this project. ,"Confirm.
HVAC system to be designed to ensure positive pressure inside the room with filtration system to eliminate sulphur dust coming thru the fresh air system",TB-R003
27,6,Instrumentation,,,New RSGP at RSHT2 Scope of Work,,Please clarify whether Redundant Communication link (IPCS) is required for third party communication via MODBUS TCP/IP. ,Redundancy Required,TB-R003
28,7,Instrumentation,,,New RSGP at RSHT2 Scope of Work,,COMPANY to confirm that SIL is not applicable for pH and Conductivity Analysers. ,SIL Study under EPC contractor scope,TB-R003
29,8,Instrumentation,,,New RSGP at RSHT2 Scope of Work,,Please provide a the Instrument & Control Cable Routing Layout for the New Facility.,Part of Bidder scope under his technical offer,TB-R003
30,9,Electrical,,,New RSGP at RSHT2 Scope of Work,,Please provide an Electrical Tie-in List for the New Facility.,Part of Bidder scope under his technical offer,TB-R003
31,10,Electrical,,,New RSGP at RSHT2 Scope of Work,,Please provide a the Electrical Cable Routing Layout for the New Facility.,Part of Bidder scope under his technical offer,TB-R003
32,11,Electrical,,,New RSGP at RSHT2 Scope of Work,,"Bidder assumes that Indoor Lighting at new buildings shall be controlled by Lighting Control System (Infra-red Occupancy Detector).

COMPANY to confirm.",Bidder to Follow AGES requirements and Original RFT specifications,TB-R003
33,12,Electrical,,,New RSGP at RSHT2 Scope of Work,,"Please provide the following details of existing system at BOROUGE 3 Facility:
1) OEM of existing IPCS System
2) Building Location of existing IPCS System
3) All relevant drawings such as GA Drawing, System Architecture, SLD's, etc.","Details are not available
refer to TB-R01
Bidder to assume a length of 4,000 m for each of the utilities connected to Borouge for the purpose of quoting",TB-R003
34,13,Electrical,,,New RSGP at RSHT2 Scope of Work,,"Please provide the following details of existing switchgears at BOROUGE 3 Facility:
1) OEM of existing 11kV Switchgear
2) OEM of existing 3.3kV Switchgear
3) OEM of existing 415V Switchgear
4) Building Location of existing Switchgears
5) All relevant drawings such as GA Drawing, Schematic Diagram, SLD's, etc.","Details are not available
refer to TB-R01
Bidder to assume a length of 4,000 m for each of the utilities connected to Borouge for the purpose of quoting",TB-R003
35,14,Telecommunication,,,"New RSGP at RSHT2 Scope of Work
Tender Bulletin Number TB-R001",,"According to the TB-R001, Quote ""The I&C systems shall be designed as standalone system. The new panels, racks, consoles, etc. to be installed in the existing control building"" Unquote.

Bidder assumes that the Telecom Systems will be designed as standalone systems. Hence, any Modifications or Integration work with the existing systems (Telephone, CCTV, PAGA, ACS, Radio, etc.) are not required for this project.

COMPANY to confirm.",Noted and Confirmed,TB-R003
36,15,Telecommunication,,,New RSGP at RSHT2 Scope of Work,,Please provide a Telecom Tie-in List for the New Facility.,"Not Available
Should be part of Bidder scope",TB-R003
37,16,Telecommunication,,,New RSGP at RSHT2 Scope of Work,,Please provide a the Telecom Cable Routing Layout for the New Facility.,"Not Available
Should be part of Bidder scope",TB-R003
38,17,Telecommunication,,,New RSGP at RSHT2 Scope of Work,,"Bidder assumes that all underground Fiber optic cable shall be laid directly in the sand/cable trench without using uPVC ducts/conduits for the entire length of the FO cable except in manholes and road crossings.

COMPANY to confirm.",Bidder to Follow AGES requirements and Original RFT specifications,TB-R003
39,18,Existing Utility Services ,,,,,"Company provide the Existing Utility Services details for fire water, utility Air, potable water and sulphur line such as die of the pipe and material, pressure etc. ",Company will revert,TB-R003
40,1,,,,Liquid Sulfur Unloading,,"CONTRACTOR is not considering receiving any liquid sulfur via truck. Consequently, any facility relevant to liquid sulfur truck unloading will not be foreseen. Please confirm.",Confirmed,TB-R003
41,2,,,,Process Design Criteria,,"The new tender requires the installation of 10 granulators (9 working + 1 standby). Assuming a nominal capacity of 1,100 t/d each, the overall installed capacity will be 11,000 t/d, while the normal capacity is 9,900 t/d. CONTRACTOR understands that the new plant will serve the H&G sulfur production, which is around 10,500 t/d (as stated in the document ""DB-5312-00-PR-001_0 Process Design Basis""). Please confirm the requirement for 10 granulators (9 working + 1 standby).","Confirmed
Maximum flow from H&G will be 9,900 TPD ",TB-R003
42,3,,,,Liquid Sulfur Tanks,,"CPY requires three (3) liquid sulfur tanks constructed in alignment with the design requirements outlined in RFT 6000066707. The document ""DB-5312-00-PR-001_0 Process Design Basis"" in RFT600006707 requires a storage capacity of 5 days. Assuming a production of 9,900 t/d, the overall liquid storage capacity will be 49,500 tons (net). This means three tanks of 16,500 t capacity each, which is 36% larger than the one required in RFT 6000066707 (16,500 tons vs. 12,141 tons). Please confirm this understanding.","Buidder understanding for storage tanks capacity calculations is correct
Howver, the 16,500 Ton is the capacity of new linear storage building",TB-R003
43,4,,,,Existing Stack and Reclaimer Units,,"CONTRACTOR requires details of the existing stack and reclaimer units, showing the position of the conveyors inside the existing linear storage. This information is needed to evaluate the net capacity of the existing linear storage and propose a similar configuration for the new linear storage.",Attached,TB-R003
44,5,,,,Voltage Level,,CONTRACTOR requires the voltage level available in the Borouge 3 facility to develop the new plant's electrical one-line diagram,Shall follow,TB-R003
45,1,HSE,,,Connection to Existing Fire Water System,,"In order to optimize costs, the Bidder requests confirmation from the Client regarding the possibility of connecting the fire water network of the new facility to the existing fire water network of the Gasco Sulphur Handling, located adjacent to the project site. If this connection is feasible, kindly provide details on the capacity of the existing fire water pumping station and storage tanks.","Existing FW System details are included in the attached CA-5312-T2-6000-SA-041_A (Section 6) FSRU Berth 5 at Terminal 2, however bidder shall consider new firezones with its respected demand scenarios. ",TB-R004
46,2,HSE,,,HSEIA Development for Sulphur Handling Project - Greenfield Configuration,,"Given that the FEED HSEIA developed for the brownfield configuration is no longer applicable to this initiative, the Bidder's understanding is that a new FEED’s HSEIA for the sulphur handling project's greenfield configuration will not be developed, as the Client has already received approval for this initiative. Therefore, the HSEIA for the detailed engineering phase will be developed in accordance with HSE-RM-ST02.","CONFIRMED, Green Field HSEIA shall be executed during EPS Engineering Phase for the new alocated area",TB-R004
47,1,,,,"TB003, Attachment 4, Item3 -  Liquid Sulphur tank.",,"Refer, TB003, Item 3 Liquid Sulphur tank, Company response that 16,500 tons is the capacity of new linear storage building.

Please clarify the capacity of new storage building is 165,000 tons, we assume that 16,500 is typing error.","New linear storage building capacity will be 165,000 Ton ",TB-R005
48,2,Instrumentation,,,"Tender Bulletin Number TB-R003
S.No. 1
S.No. 2",,"As the new control system will interface with the RSHT2 control and safeguard systems, Bidder requests Company to provide the following details of existing systems:
1) OEM of existing RSHT2 Control and safeguard systems
2) Building Location of existing RSHT2 Control and safeguard systems
3) All relevant drawings such as GA Drawing, System Architecture, etc.

The above-mentioned details are essential at the bidding stage to assess the required modification and to form the basis of our proposal as well as to submit a comprehensive proposal from OEM.",Bidder are encouraged to conduct site visit for data collection,TB-R005
49,3,Electrical,,,"Tender Bulletin Number TB-R003
S.No. 12",,"Please note that the requested IPCS details are essential at the bidding stage to assess the required modification and to form the basis of our proposal as well as to submit a comprehensive proposal from OEM.

Bidder reiterates the request to provide the following details of existing system:
1) OEM of existing IPCS System
2) Building Location of existing IPCS System
3) All relevant drawings such as GA Drawing, System Architecture, etc.",Bidder are encouraged to conduct site visit for data collection,TB-R005
50,4,Electrical,,,"Tender Bulletin Number TB-R003
S.No. 13",,"Please note that the requested 11kV Switchgear details are essential at the bidding stage to assess the required modification and to form the basis of our proposal as well as to submit a comprehensive proposal from OEM.

Bidder reiterates the request to provide the following details of existing switchgear:
1) OEM of existing 11kV Switchgear
2) Building Location of existing Switchgears
3) All relevant drawings such as GA Drawing, Schematic Diagram, etc.",Bidder are encouraged to conduct site visit for data collection,TB-R005
51,5,Electrical,,,"Tender Bulletin Number TB-R003
S.No. 13",,"Please note that the requested 3.3kV Switchgear details are essential at the bidding stage to assess the required modification and to form the basis of our proposal as well as to submit a comprehensive proposal from OEM.

Bidder reiterates the request to provide the following details of existing switchgear:
1) OEM of existing 3.3kV Switchgear
2) Building Location of existing Switchgears
3) All relevant drawings such as GA Drawing, Schematic Diagram, etc.",Bidder are encouraged to conduct site visit for data collection,TB-R005
52,6,Electrical,,,"Tender Bulletin Number TB-R003
S.No. 13",,"Please note that the requested 415V Switchgear details are essential at the bidding stage to assess the required modification and to form the basis of our proposal as well as to submit a comprehensive proposal from OEM.

Bidder reiterates the request to provide the following details of existing switchgear:
1) OEM of existing 415V Switchgear
2) Building Location of existing Switchgears
3) All relevant drawings such as GA Drawing, Schematic Diagram, etc.",Bidder are encouraged to conduct site visit for data collection,TB-R005
53,7,General,,,New RSGP at RSHT2 Scope of Work,,Please clarify whether BOROUGE or AGES Specifications are to be used for this project.,AGES,TB-R005
54,8,General,,,New RSGP at RSHT2 Scope of Work,,"Bidder assumes that the New Buildings to be constructed in the New Facility will be the same as those listed in the previous RFT 6000066707 submitted on 22nd of Dec 2023.
COMPANY to confirm.","In Principle ,Yes
Size of each building will be verified by bidders",TB-R005
55,1,,,,"UAE Fire Code Requirements , Section 2.10, Table 1.18",Technical,"Subject: Applicability of UAE Fire Code Requirements to Sulphur Linear Storage Building

As per the AGES “Building Fire and Life Safety Specification,” the UAE Fire Code must be applied to all buildings. Based on the analysis conducted, Bidder seeks clarification regarding the applicability of the code to the Sulphur Linear Storage Building, given the following points:
1.	The UAE Fire Code is applicable to ""Storage/Warehouse"" buildings, defined as “an occupancy used primarily for the storage or sheltering of goods, merchandise, products, or vehicles.”
2.	Section 2.3, Table 1.1, specifies that for the storage of combustible dust, the occupancy category is classified as A2.
3.	Section 2.10, Table 1.18, imposes a maximum height limit of 15 meters for this type of storage building.

Due to technological constraints, the Sulphur Linear Storage Building cannot comply with the 15-meter height limit specified in the code.
Bidder kindly requests your guidance on whether the 15-meter height limitation applies to this specific building, or if an exception can be considered due to the unique requirements of the facility.","-	Bidder to provide the reference layout or drawing which they are using in their query / clarification.
-	Linear storage is curvature type (Curved structure), it is important to understand / depend on where the height is considered, additionally it is not the whole height used for storage.
-	The building height limitation as per UAE F&S Code table 1.8 is for rectangular type ceiling building mainly the 15-meter height restriction is for the smoke detection limitation (detection range). 
-	After award TQ shall be raised to UAE F&S to get their approvals on the 15-meter limitation. 
-	Bidder shall continue with the same building height however all F&G detectors mainly smoke detectors shall be provided with height maximum limitation of 15-m to meet UAE F&S Code requirements. ",TB-R008
56,2,,,,"Presentation to bidders, UTILITIES",Technical,"Subject: Clarifications Required for Utilizing the Existing Firewater Pumping Station at RSHT-2

The Bidder seeks clarification on the following points to confirm the feasibility of using the existing firewater pumping station at RSHT-2 to meet the firewater demand for the new facilities:
1.	Compliance with AGES Requirements:
Bidder lacks sufficient details to evaluate whether the current design of the existing pumping station complies with AGES standards. Kindly confirm if the existing design meets the relevant AGES requirements or if compliance with AGES is not required for this Existing Firewater Pumping Station.
2.	Diesel Tank Sizing:
Bidder does not have information on whether the capacity of the existing diesel tank complies with NFPA20 requirements (i.e., 8 hours of operation per diesel pump, totaling 16 hours). Please confirm if the current diesel tank is adequately sized or if adjustments will be required.
3.	Simultaneous Coverage Enhanced Design Basis:
Please confirm whether the Simultaneous Coverage Enhanced Design Basis, as per AGES-PH-03-002, is not intended to be applied to calculate the maximum firewater demand. If this design basis is required, we kindly request information about all facilities protected by this firewater pumping station to accurately evaluate the Enhanced Design Basis.
4.	Existing Firewater Network:
We need details of the existing firewater network to evaluate the tie-ins and any potential works required on the underground network (UG)

Your clarifications on these points are essential for finalizing our evaluation. We appreciate your prompt response to ensure alignment with project requirements.","
-	Bidder to understand that the project scope is to add one new linear storage to another 2 available, the design shall be restricted based on ONE fire scenario at any given time, at current the existing firewater system is adequate to the available 2 linear storage, all UG/AG FWS network details shall be provided after award, Ruwais SGP, NGL and LNG has gone under FW upgrade recently the same details shall be provided to the winner bidder. ",TB-R008
57,3,,,,General,Technical, The Contractor understands that the Fire Truck and Breathing Apparatus Recharging Station are not part of this project. ,-	Bidder Understanding is Correct,TB-R008
58,4,,,,HSE-RM-ST02 HSEIA,Technical,"The Bidder understands that a new HSEIA must be developed from scratch for the greenfield sulphur handling project during the detailed engineering phase.
 
Since it has been confirmed that the HSEIA developed in FEED for the brownfield scope is no longer applicable, the Bidder assumes that all studies marked as required under the ""Concept"" and ""FEED"" columns in accordance with HSE-RM-ST02 shall now be developed during the detailed engineering phase and the update schedule from Detail Engineering onwards shall follow those in HSE-RM-ST02",-	Bidder Understanding is Correct,TB-R008
59,1,SOW,,,"SCOPE OF WORK Package 1 for SGP upgrade (RFT 6000066707 revised), Utilities Connection",,"BIDDER will NOT consider all the tie-ins of piping, E/I, telecom, fire fighting and relevant routing development of design at current stage as the basic inputs are not available.
Please confirm.","The neccessary information/details for relevant utility tie-in's and interfaces shall be provided to Bidder for tentative routing and interface development with other existing facilities. However, Bidder is requested to provide anticipated utilities requirements/consumptions for new sulphur granulation plant in RSHT-2. Also, the Bidder shall indicate requirements for developing interfaces with RSHT-2 and Bourouge with regards to E/I/T, fire fighting etc...",TB-R009
60,2,SOW,,,General,,"SCOPE OF WORK Package 1 for SGP (RFT 6000066707- Revised) mentioned that all design elements are consistent with AGES/DGS standards.
Please provide the latest AGES/DGS standards. ",The list of the latest AGES/DGS standards to be followed are provided part of the company responses.,TB-R009
61,3,SOW,,,General,,"According EXIHIBIT - A.07 QUOTE""Construction / Pre-commissioning / COMMISSIONING / TEST RUN"" ""This covers the cost of  labour, construction plant and other materials and consumables required for the fabrication, installation, pre-commissioning, COMMISSIONING and TEST RUN of the INSTALLATIONS. The costs of supplying water, power, compressed air, fuel, etc. are also included here as per the provisions of the AGREEMENT"" UNQUOTE
BIDDER understands the  cost is for project costruction propose shall include in Lump sum, but the uitility consumables (like power, Steam, instrument air, Nitrogen, Water, etc.) for commissioning if OUT of BIDDER's scope.
Please confirm BIDDER's understanding is correct.","Bidder understanding is correct the costs of supplying water, power, compressed air, fuel, etc refer to Indirect construction cost/purpose only.

All other Project utilities are sourced from bourouge-3/ RSHT2",TB-R009
62,4,SOW,,,General,,"The Ruwais port could be used for project Equipments transportation.
Please confirm BIDDER's understanding is correct.",Bidder to communicate to Ruwais port directly.,TB-R009
63,5,TSF,,,General,,"The field TSF and lay down area is tentative planned to be placed on the south side of the New T2 Plant. This area will been applied and approved according COMPANY requirements. 
Please confirm.",Bidder shall perform site visit to understand the site conditions and company will be review the same based on QRA inputs.,TB-R009
64,6,PM,,,General,,"The new T2 area will be surrounded by a temporary fence during project execution, BIDDER own work permit system could be applied and approved according to COMPANY requirements. 
Please confirm BIDDER's understanding is correct.
And COMPANT to specify the detailed requirements of the fence and security if any.",Confirmed.,TB-R009
65,7,Procurement,,,GENERAL,,"COMPANY will apply tax exemption list and share with BIDDER in advance.
Please confirm BIDDER's understanding is correct.","Bidders understanding is incorrect. Please note there is no such ""tax exmption list"" applicable in the agreement. Bidder is requested to substantiate his understanding.",TB-R009
66,8,Procurement,,,GENERAL,,"Refer to EXHIBIT - B.16 , QUOTE""A Applienbie to Non . Abu Dhabi based VENDORS. Copy of Agency Agreement with an Abu Dhabi COMPANY endorsed by the required UAE authorities, Pre-qualificatlon of any additional VENDOR may be approved subject to CONTRACTOR's assurance of compllance with the local Agency Requirement prior to importation of goods into the UA.E, COPANY will not issue the Cusioms Clearance Authorisation letlers unll CONTRACTOR proves this requirement has been complied""UNQUOTE 

For those Non-AVL vendors, BIDDER would like to clarify the requirement if BIDDER proposed Chinese vendors(Manufacture) during bidding phase and excuation phase, so it is mandatory to follow this requirement through Agency Agreement with and Abu Dhabi COMPANY or not ? 
In another way, Whether COMPANY can accept BIDDER to issue the PO to Chinese vendors directly without through Abu Dhabi COMPANY（Agency） 
",Bidder to propose the assumed vendors as part of the technical submission for company reviews.,TB-R009
67,9,Procurement,,,GENERAL,,"Refer to EXHIBIT - B.16, QUOTE"" B. Experience and Capability Requirements"""" 9. Proven Design (not a prototype)""UNQUOTE

Please COMPANY to clarify what document that vendor shall provide based on  the requriement, if possible whether can provide one example to BIDDER.",Bidder to provide list of previous relevant experience in the same industry complying the code & standards for company review.,TB-R009
68,10,Procurement,,,GENERAL,,"Refer to EXHIBIT - B.16.3.4.3, BIDDER wants to clarify, as long as TBE is approved by COMPANY, CONTRACTOR can issue the PO directly to vendors without submit Award Recommendation, only if COMPANY requires and inform BIDDER no later than TBE approval, and BIDDER shall follow the B.16.3.2.5. 
Please confirm BIDDER's understanding is correct.",Confirmed.,TB-R009
69,11,Mechanical,,, Modification to the TT-4 is required for the integration with the new additional material handling system.,,"As per BIDDER's understanding, the modification is only for connection from new conveyor to existing TT-4, existing conveyor belts and steel structure will NOT be modified or replaced.
Please confirm.","The modification is connect is new conveyor to existing TT-4 and necessary modification/assessment of existing tower TT-4 to be reviewed in terms of  connections  and its foundations based on approved material handling arrangement and carryout necessary reinforcement / strenghtening.

Also Bidder shall perform assessment/adequacy check of the existing structure based on applicable AGES & guidelines. Bidders to confirm compliance without exception.",TB-R009
70,12,Mechanical,,,Tender Bulletin,,"According to the RFQs, BIDDER understands that the granulation system is operated in three shifts and 24 hours, there are 10 sets of granulation system equipments, 9 sets of equipments are used and one set of equipments is reserved, the processing capacity of one set of equipments is 45.84t/h, and the maximum design capacity is 50t/h. 
Please confirm.",Confirmed.,TB-R009
71,13,Mechanical,,,Tender Bulletin,,"According to the RFQs, BIDDER understands that the belt conveying capacity from granulation to linear warehouse and emergency system to TT-04 transfer building is 412.56t/h (design capacity 500t/h) with three shifts of continuous 24 operation. 
Please confirm.","Bidder to confirm based on which RFQ's document, the transfer rate of 412 t/h(design 500t/h) is quoted. 

Further Bidder to assess & provide the the emergency route or optional route scheme to transfer the granules from new linear warehouse to existing RSHT-2 linear storage inlet and not at the TT-4.",TB-R009
72,14,Mechanical,,,Tender Bulletin,,"According to the RFQs, BIDDER understands that the capacity of the system from the linear warehouse to the ship loader is 4000t/h and the design capacity of the reclaimer and belt conveyor is 4000t/h. 
Please confirm.",Confirmed.,TB-R009
73,15,Mechanical,,,Tender Bulletin,,"According to the RFQs, BIDDER understands that two linear storage warehouses are designed and arranged, each warehouse stores 82,500 tons of materials, the warehouse is 82.5m wide and 260m long, and each warehouse is arranged with two belt conveyors and two stacker and reclaimer, with a capacity of 500t/h and 4000t/h. Stacker and belt conveyor are alternate. 
Please confirm.","Bidder to cofirm based on which RFT document reference the linear storage dimensions is quoted or mentioned.

Note that the dimension of the new linear storage in RSHT-2, shall be similar to existing RSHT-2 linear storage dimensions.

Noted and the existing linear storage in RSHT-2 is arrnaged with two belt conveyors, two stackers and reclaimers. The capacity of each stacker shall be 600t/h and reclaimer shall be 4000t/h.",TB-R009
74,16,Mechanical,,,Tender Bulletin,,"According to the RFQs, BIDDER understands that the conveying capacity of the emergency conveyor belt conveyor from the pelletizer to the TT-04 transfer building is 412.56t/h (the design capacity is 500t/h) and the subsequent ship loading system is 4000t/h, which is incompatible. Considering that from the warehouse to the loading system is a one-use, one-backup scheme, and the loading system is relatively safe, it is recommended to cancel the emergency conveyor belt from the pelletizer to the TT-04 transfer building. 
Please confirm.",Refer to comments point.no.13 above.,TB-R009
75,17,Process,,,General Utilities Plant (GUP),,Please provide the liquid sulfur pipeline access point and data in details.,"Bidder to note that high level information related to Hail & Ghasha liquid sulphur specifications..etc to RSHT-2 are already provided in RFT.
Tentative location of Pig Receiver is shown in the  attachment shared with TB-R001 (File name TB-R001_Att-Coordindates) . However pig receiver will be located as close as possible to the project facilities. Therefore bidder shall consider  South-East corner of the plot earmarked for the project for pig receiver location.",TB-R009
76,18,Process,,,Tender Bulletin ,,"1. As per TB-R3, RSHT2 - Presentation indicates both utility water and fire water will be provided to the new facility from the existing Ruwais Sulphur Handling Plant. Attachment 1 item 15 COMPANY mentions only fire water will be supplied from Ruwais Sulphur Handling Terminal. Please clarify which is correct.

2. BIDDER requests COMPANY to provide the existing water supply systems (fire water, process water and potable water) interface details, such as location, pipe size, material, pressure, flow, AG/UG etc. ","1. Note that Utility water and FW will be supplied from existing RSHT-2 facility.However, Bidder to confirm/perform the adequacy of the existing system catering to new sulphur granulation plant in RSHT-2.

2.Company as-built documents for RSHT-2 as avilable are provided for the same. However, for process water consumption to new GX's, Bidder to confirm whether existing utility/potable water supply characteristics/specifications available in RSHT-2 will be acceptable. 
Bidder to note that, adequacy of  existing utilites to be confirmed for new utility requirements identified in new sulphur granulation plant in RSHT-2.",TB-R009
77,19,Process,,,Tender Bulletin ,,"1.The BIDDER understands that all drainage systems will be integrated with the existing Ruwais Sulphur Handling Terminal. Please clarify if need new storm water / waste water evaporation pond and sanitary treatment package, or will be integrated with the existing infrastructure.

2. BIDDER requests COMPANY to provide the existing drainage systems (storm water, waste water, sanitary water) interface details, such as location, pipe (trench) size, material, pressure (pressurised or gravity), flow, AG/UG etc. ","1)Bidder to note that, the adequacy of the existing infrastructure for the mentioned system to be reveiwed before integrating. Accordingly, new system requirements to be confirmed. 
2) Relevant company as-built drawings as available are provided for bidder review & considerations for mentioned systems.",TB-R009
78,20,Plot Plan,,,"Tender Bulletin Number TB-R001-Clause NO.6 ""Attached are the coordinates of the area that can be utilized for the development of the new facility. HoBIDDERver, the new development shall consider the integration to the existing facility and the need to modify the roads to suite the new development.""",,"
There is no attchment or coordinate file of the Bulletin, please kindly provide the coordinates in plant coodinate system.","As claified in the meeting dated 4th Dec 2024, Bidder shall consider coordinates provided in the referenced attachment for Bidding purpose.",TB-R009
79,21,CIVIL,,,General Utilities Plant (GUP),,"Please provide the project civil engineering interface, including draining system, road interface and etc.","Bidder to Comply but not limited to the RFT for RSHT-1 H&G Upgrade Drianage philosphy and COMPANY AGES-SP-01-07 (Drainage Systems - Design and Construction Specification),AGES-SP-01-05 (Roads and Paving - Design and Construction Specification).
CWS disposal arrangement shall be designed to minimize maintenance in-line with COMPANY AGES-SP-01-07.  
The bidder shall make necessary site visit to understand the existing fcilities in the vicinity of the PROJECT area for all civil engineering interface including drainage disposal or further treatment or tie-ins existing system after checking  adequacy/ modification/update etc(as required).,
 Successful bidder shall carryout all required works without varation, bidder to confirm compliance without exception.",TB-R009
80,22,CIVIL,,,General ,,"COMPANY is requested to provide the reports of geological and geomorphology of project location.
If it's not available yet, the above-mentioned reports of the existing RSHT-2 is required for BIDDER's reference and initial understanding.","COMPANY is in the process of collecting the existing geotechnical details for the nearby facilities and it will be shared at the earliest.
The basic information/Environmental data is availabe in applicable AGES (such as AGES-SP-01-003(structural Design basis), AGES-GL-16-003(Basic Engineering Design Data). 
The bidder shall make necessary site visit to understand the existing geomorphology condition, terrain/ground surface etc of the PROJECT area accordingly bid shall be considered without varation. bidder to confirm compliance without exception.",TB-R009
81,23,CIVL,,,"Tender Bulletin Number TB-R001-Clause NO.7 ""All road works shall be part of the scope.""",,"Road design will follow the drawing 5312-00-A1-1001_Rev.0 Road and paving detail
Please confirm.",The road design and details shall Comply with COMPANY AGES and Standard drawings(STD). ,TB-R009
82,24,CIVIL,,,"DW-5264-6000-A0-PP-0500-1F OVERALL SITE PLAN , NOTES2",,"1.BIDDER requests COMPANY to provide the autocad file of the  DW-5264-6000-A0-PP-0500-1F ;
2. BIDDER requests COMPANY to provide the following specification mentioned in note 2:
AEGS-SP-01-003
AEGS-SP-01-001
DGS-1486-001
DGS-1783-005","1. The native file will be attached with the reply. However Bidder shall note that the file is only for reference. 
2. COMPANY already provided many of the AGES/Standard Drawings(STD) with RFT for RSHT-1 H&G Upgrade along with tender bulletins. 
The DGS-1783-005(PAVING MATERIALS AND CONSTRUCTION) & DGS-1486-001(EARTHWORKS) are superseded by AGES-SP-01-005 (Roads and Paving - Design and Construction Specification)
AGES-SP-01-006 (Site Preparation, Earthworks and Bund Construction Specification)

Bidder shall make a note that many of the existing DGS are superseded by the COMPANY AGES and the same shall be considered for develpment of engineering and construction. COMPANY AGES Register & Civil/Structural Standard drawings (STD) list are attached as part of the PROJECT document. Bidder to review & request the same.",TB-R009
83,25,CIVIL,,,GENERAL,,Kindly provide the civil/structure design criteria and specifications for the existing Ruwais Terminal SHT-2.,Bidder to specify the requirements clearly to enable Company respond,TB-R009
84,26,CIVIL,,,GENERAL,,Kindly provide the foundation drawings for the existing Ruwais Terminal SHT-4 Storage Building.,Bidder to specify the requirements clearly to enable Company respond,TB-R009
85,27,CIVIL,,,GENERAL,,"Kindly provide the foundation drawings for the existing Ruwais Terminal SHT-2 including Storage Building, tanks and etc.",Bidder to specify the requirements clearly to enable Company respond,TB-R009
86,28,CIVIL,,,GENERAL,,Kindly provide the foundation and steel structure calculations for the existing Ruwais Terminal SHT-2.,Bidder to specify the requirements clearly to enable Company respond,TB-R009
87,29,Telecommunication,,,TELECOMMUNICATION DESIGN BASIS,,"Please confirm the existing switches can be support new GBE SM SFP, also BIDDER requests COMPANY to provide existing switches model, type and datasheet for BIDDER",Please see the attached Telecom system block diagram for switch details. The switch vendor (OEM) can confirm if these switches can support GBE SM SFP. To be confirmed later.,TB-R009
88,30,Telecommunication,,,TELECOMMUNICATION DESIGN BASIS,,"Follow ""5312-00-A3-7706_0"" , all backbone FO cable is 48 core, please clarify.
BIDDER requests COMPANY to provide 5312-00-A3-7021 - System Interface Block Diagram.
BIDDER requests COMPANY to provide existing telecommunication cable routing layout.","FO back bone cable is 2 x 12 cores in RSHT-2. Whereas, the FO cable interface with Hail & Ghasha is 2 x 96 cores. As per the AGES (COMPANY specifications), FO  back bone cable shall have a minimum of 24 cores. 
FO cable routing is attached.",TB-R009
89,31,Telecommunication,,,TELECOM TIE-IN LIST,,"Existing CCTV will be demolished after new IP CCTV system working, so the existing CCTV system need add in the telecommunication tie-in list, please confirm.
And BIDDER requests COMPANY to provide each existing CCTV system related documents/drawings.",Bidder's understanding is correct. The IP CCTV system shall be added to Telecom's tie-in list. CCTV documents for RSHT-2 are attached.,TB-R009
90,32,Telecommunication,,,TELECOM TIE-IN LIST,,"Use CAT.6a or CAT .7 UTP Cable, please confirm.",See the attached list. Both Cat-6A and Cat-7 cables are used in RSHT-2 based on specific application requirements. List of Telecom cables in RSHT-2 is attached.,TB-R009
91,33,Telecommunication,,,TELECOMMUNICATIONS SYSTEM MODIFICATION - SCOPE OF WORK,,"The existing radio system ( Motorola make TETRA Radio system ) will be replaced  by Hytera make TETRA Radio system, this replacement is not BIDDER's scope , please confirm.
And BIDDER requests COMPANY to provide new Hytera marke TETRA Radio system detail information.",The current radio system is 'TETRA' in RSHT-2. Adequacy to be checked for upgrade/modification or replacement as per the project requirements.,TB-R009
92,34,Telecommunication,,,TELECOMMUNICATIONS SYSTEM MODIFICATION - SCOPE OF WORK,,BIDDER requests COMPANY to provide COMPANY approved Cyber security consultant vendor list.,This list is part of the COMPANY's approved vendor list (AVL) which is included in the RFT package.,TB-R009
93,35,Electrical,,,Eletrical,,BIDDER requires the voltage level available in the Borouge 3 facility to develop the new plant's electrical one-line diagram,Company will revert back,TB-R009
94,36,Electrical,,,EXHIBIT-B.13 Rev 0,,"As per EXHIBIT-B.13 Rev 0 page 118, section 4.4.9,
""Minimum contents for Electrical discipline shall be as follows:
4. Cable routes (such as trays, cables, trenches, and conduits)
5. High voltage and medium voltage cables shall be shown in SP3D.""
BIDDER requests COMPANY to confirm that cables mentioned in point 4 only refers to high voltage and medium votage cable, which means other cables like LV cable, control cable, FO cable, etc. are not required for SP3D.","Bidder shall refer to following company procedures for SP3D attributes along with Exhibit B13
TE-ST-006  SmartPlant Data Deliverable Standard
TE-ST-005 Engineering Data Deliverable Standard

It seems Bidder is not referring to the latest Exhibit B13 Rev 1 shared with Bidders via TB-021. Exhibit B13, TE-T-005 & 6 re-attached for reference.",TB-R009
95,37,Electrical,,,EXHIBIT-B.13 Rev 0,,"As per EXHIBIT-B.13 Rev 0 page 118, section 4.4.9,
""Minimum contents for Electrical discipline shall be as follows:
4. Cable routes (such as trays, cables, trenches, and conduits)""

BIDDER requests COMPANY to confirm that the conduits requested for SP3D only refer to the conduit inside the duct bank.","Bidder shall refer to following company procedures for SP3D attributes along with Exhibit B13
TE-ST-006  SmartPlant Data Deliverable Standard
TE-ST-005 Engineering Data Deliverable Standard

It seems Bidder is not referring to the latest Exhibit B13 Rev 1 shared with Bidders. Exhibit B13, TE-T-005 & 6 attached for reference.",TB-R009
96,38,Electrical,,,EXHIBIT-B.11,,"As per EXHIBIT - B.11, page 93,  Section B.11.2.14.3 PoBIDDERr System Studies,
""Relay coordination Study and Protection setting shall be performed for all new and existing areas by specialized COMPANY approved third party.""

BIDDER requests COMPANY to confirm that only Relay Coordination Study and Protection Setting shall be performed by third party, other system study are not requested for third party.","The engineering studies to be performed shall include but not be limited to the below by Third party consultant as per ADNOC  AVL                                                                            • Load flow Study• Short circuit Study
• Motor starting study
• Harmonic Study and Resonance study
• Arc flash Study
• Relay coordination Study and Protection setting                                                                              CONSULTANT shall perform all other studies necessary in the course of performance of the STUDY for proper project definition. Implementation of the recommendations and actions points resulting from such studies shall be performed by the CONSULTANT as part of its scope.                                                                     ",TB-R009
97,39,Electrical,,,,,"IPCS shall be considered as part of this project for control and monitoring the electrical system of the new Substation, COMPANY to confirm that this new IPCS system is not requested to link with any existing substation. ",Bidder to note that IPCS shall be considered for new facitlies in RSHT-2 which shall be linked to exiting facilities of RSHT-2,TB-R009
98,40,Electrical,,,Tender Bulletin Number TB-R001,,"As per Tender Bulletin Number TB-R001,
""5. BIDDERs to assume a length of 4,000 m for each of the utilities connected to Borouge for the purpose of quoting.""

BIDDER request COMPANY to confirm that supply for this project new substation is 11kV.","As on date Bidder to consider 4000m power cable and for voltage level  of SS, company will revert .",TB-R009
99,41,Electrical,,,Tender Bulletin Number TB-R001,,"As per Tender Bulletin Number TB-R001,
""5. BIDDERs to assume a length of 4,000 m for each of the utilities connected to Borouge for the purpose of quoting.""

BIDDER request COMPANY to clarify whether the cable routing of 4000m is under contractor scope or not.","Bidder to note that new 4000m power cable termination at both end, laying and routing is in Bidder scope",TB-R009
100,42,Electrical,,,DB-5312-00-EL-001,,"As per 4.5 AMENDMENTS TO SECTION 22 Lighting.
""For all street lighting, fence lighting and flood lighting, LED lamps shall be used.""
HoBIDDERver, as per SECTION 22 Lighting,
""Use of high pressure sodium vapour flood lights shall be maximized as far as possible for illumination of open general areas.""

BIDDER requests Comapny to confirm that all lighting fixtures for this project shall be LED.",Bidder understanding is correct. All lighting fixtures in this project shall be LED ,TB-R009
101,43,HVAC,,,DB-5312-00-ME-003_0,,Please provide the COMPANY DGS documents of HVAC discipline with latest version which is listed in chapter 3.1 of DB-5312-00-ME-003.,All relevant ADNOC AGES will be handed over,TB-R009
102,44,HVAC,,,RP-5312-00-ME-004_0,,"Please provide HVAC drawings of existing buildings including SS#1, SS#2, SS#3 and SS#4 that need to be checked for adequacy of HVAC systems.",Bidder to note that the listed SS in query are in RSHT-1 which is not in scope of current project.  All new buildings of this project is in RSHT-2 shall be provided with new HVAC system ,TB-R009
103,45,Piping,,,General,,COMPANY is requested to provide specification of the jacket pipe.,Specification wii be attached with the reply. However Bidder shall note that specifications EPC Contractor shall develop it  further during detail engineering to meet project scope.,TB-R009
104,1,General,,,"ANNEXURE 9-3
FEED Endorsement",,"Due to no FEED document for this Project, FEED Endorsement is not applicable. Please confirm the Bidder has no need to submit this document.","Bidder to assess & provide the requested design based on the following for new sulphur granulation plant in RSHT-2 for handling Hail & Ghasha liquid sulphur.
1) RFT FEED documents provided information (through put inlet flow &conditions, plant scheme & equipment configuration in RSHT-2, layout development & equipment locations in RSHT-2,associated system/utilities supporting process system...etc.)
2) Anticipated inteface & tie-in w.r.t piping/instrument/electrical/fire firefigting...etc.
3) Interface/tie-in extension/development from existing facilities.
4) Integration of the new sulphur granulation plant with existing facilities for solid sulphur handling & export.",TB-R010
105,2,QUALITY,,,EXHIBIT B.10 QUALITY MANAGEMENT REQUIREMENTS,,Pls provide the following documents as mentioned in EXHIBIT B.10:1) AGES-SP-13-001 Criticality Rating; 2) AGES-SP-13-002 Project Procurement and certification requirements; 3) AGES-SP-13-003 Traceability of Shop & Field Piping Materials;  4) AGES-SP-07-007 Welding & Non-Destructive Examination (NDE);  5) AGES-SP-07-011 Preservation and Export Packing Specification; 6) AGES-GL-13-001 Contractor's QA/QC requirements;7) AGES-GL-13-002 Positive Material Identification of Equiment and Piping,"Provided in a separate folder titled ""AGESs in Exhibit B.10""",TB-R010
106,1,,,,"OPERATIONS BUILDING, Design Criteria",Technical,"In relation to the OPERATIONS BUILDING, with a view to optimising the Design, therefore the Layout of the Building, by virtue of the new location of the Site, now within the Greenfield area, the BIDDER kindly asks the COMPANY which are the Design Criteria to be adopted or to confirm what was previously envisaged.",Bidders to consider the exact same design as provided for RSHT1.,TB-R011
107,1,,,,,Technical,"Bidder refers to below reply from COMPANY
""Number of cabinets will be assessed/designed/calculated by EPC contractor and his system supplier based on the new plant configuration and to cover all instrumentation of the new plant at new areaAny design optimisations/enhancement shall be conducted by successful EPC contractor after awards""

With reference to above response Bidder request as below.

Bidder's query raised earlier is related to HAIL and GASHA Cabinets (Which were Supplied by OPP Contractor) for Onshore Processing Plant (OPP). 
Bidder request Company to confirm the number of cabinets (which will be supplied by OPP Contractor) & which needs to be located inside the Rack Room of new substation in RSHT2.
",03 no. of cabinets will be supplied by the OPP contractor which shall be installed inside the rack room of new substation in RSHT-2,TB-R014
108,2,,,,,Technical,"Bidder refers to below reply from COMPANY
""the proposed number of machine/workstation is acceptable for the main control building, However, if bidder elect to have locale-room, then the e-room shall be equipped with addition engineering consols and operating  consoles and necessary accessories.Any design optimisations/enhancement shall be conducted by successful EPC contractor after awards""

Bidder understands the following, COMPANY to confirm the Bidder's understanding.

1) Number of operator / engineering / application workstations, as listed in sr. no.3a of TB-R07, are confirmed by COMPANY. However COMPANY to note that there was no separate Main Control Building  in EPC Contractor scope in RFT 6000066707 as it was inside existing SS-03 (MCR) & Bidder understands same is also not applicable in the new RSHT Proposal. The operator, engineering & application workstations will be located inside the new Operator & Engineering rooms in the new substation of RSHT2.

2) Bidder understands that virualization of machine is not a technically mandatory requirement hence the same is not considered by Bidder.
","1) Bidder's understanding is not correct. The facility will be operated from the main control building, therefore the required number of operator, engineering and application stations, servers and printers shall be provided in the existing MCR in RSHT-2. Additionally, there shall be operator and engineering workstations in the IER room of the new substation. Storage buildings E-Rooms shall be equipped with operator/application workstations. 

2) Please consider virtualization as it is a mandatory requirement",TB-R014
109,3,,,,,Technical,"Bidder refers to below COMPANY reply.

""For complete plant integration, Package control and safeguard shall be implemented in plant ICSS system bidder may elect to have a local room(e-room) inside/or outside the Storage 
building Any design optimisations/enhancement shall be conducted by successful EPC contractor after awards""

Bidder's request for Package PLC was inline with the below COMPANY response provided in Attachment-1 of TB-014 of RFT 6000066707 for Stacker /Reclaimer (S/R) Control System.

""It is hereby confirmed that the new stacker reclaimer and ship loader will be supplied with their controls as part of the package and the EPC scope is limited to the interface between the DCS and package controls""

Stacker /Reclaimer (S/R) Control System (i.e. PLC) is preferred to be supplied by Stacker /Reclaimer (S/R) vendor for trouble-free operation of Stacker / Reclaimer & to avoid the the design / integration issues due to implementation in ICSS as Package PLC was already accepted in TB-014 of RFT 6000066707.
",Bidder's understanding is not correct. TB-14 has no mention of 'PLC'. Package controls for the Stacker/Reclaimer shall reside in the DCS (ICSS) and hardware/software to be included in the vendor's scope of supply. EPC scope will be the integration of the package controls with the ICSS. The same applies for the Ship Loader.,TB-R014
110,4,,,,,Technical,"In accordance with Note 9 of Table A.1.1, ""Block Separation Distances,"" from the AGES-GL-03-001 standard, the Bidder understands that it is acceptable to maintain a safety distance of 60 meters between the linear sulfur storage and the existing fire water station.

Additionally, to support this approach: the scenarios identified in the QRA and FERA conducted during the FEED phase indicate negligible consequences for receptors located at 60 meters, and the linear sulfur storage is equipped with remotely controlled monitors, ensuring effective fire protection and safety measures.
","
-	Bidder Understanding is correct 
-	During EPC Stage EPC FERA / QRA shall be conducted.
-	The distance between Terminal 2 Firewater Station and new proposed linear storage area is more than the listed distance in GL-03-001 
-	Please mention document number for the FEED FERA / QRA bidder is referring to
",TB-R014
111,5,,,,,Technical,"Subject: Sanitary water
Bidder understanding is that sanitary water generated by the new buildings will be sent to the nearby sanitary water treatment facility of RSHT-2.
Bidder will consider dedicated lifting station to send sanitary water stream to Client Battery Limit. Company to confirm.","Noted for dedicated lifting stations (required number to be confirmed based on new RSHT-2 layout) design as part fo RSHT-2 design. However, Bidder to provide assessment of total sanitary water generated from new RSGP in RSHT-2 and also assess whether existing RSHT-2 Sanitary water treatment facility can handle the same. ",TB-R014
112,6,,,,,Technical,"Subject: laboratory. 
Bidder understanding that no laboratory building nor equipment is to be provided in rebid. The laboratory equipment of existing plants will be used . Company to confirm","No separate laboratory building is required.However, successful bidder to comply to terms & conditions of the agreement(referring to Exhbit B.11) for inspection, testing & commissioning ...etcrequriements during the course of the project. Bidders to further note that the COMPANY existing lab facilities shall not be utilised by EPC contractor during the course of project.",TB-R014
113,7,,,,,Technical,"With reference to RSHT-1 from ITB and existing plant P&IDs, Bidder noticed that everywhere single PSV (No spare PSV) is considered. Bidder will follow same philosophy for RSHT-2 for PSVs.
","Bidder to follow same philosophy based on RSHT-1 ITB. However, for RSHT-2 SGP design, Bidder to review this requirement for any new system/interface or new package requirement identified and not there as part of RSHT-1 ITB design.",TB-R014
114,8,,,,,Technical,"With reference to RSHT-1 from ITB and existing plant P&IDs, Bidder will follow same philosophy for RSHT-2 for Isolation.","Bidder to follow same philosophy based on RSHT-1 ITB. However, for RSHT-2 SGP design, Bidder to review this requirement for any new system/interface or new package requirement identified and not there as part of RSHT-1 ITB.",TB-R014
115,9,,,,,Technical,"Bidder is designing  the settlement pond considering one one hour of fire water demand with a reduction factor of 20%. Query is raised since the fire water demand that was indicate in the feed document ""Firewater Demand Calculation Report (RP- 5312-00-SA-008 ) "" is 1817 m^3 /hr , but the figure used as firewater demand for settlemet pond design in document  ""ZERO DISCHARGE SETTLEMENT POND 
CALCULATION    CA-5312-30-CI-012""  was 616 m3/h. Company to confirm one hour of firewater demand as design parameters with 20% of reduction factor. 
","Bidder to refer Cl.10.12 of AGES-SP-01-007 for Evaporation Pond Sizing but not limited to HSE requirement including the minimum hours required for firefighting and cooling, in any case chosen overflow to sea shall be avoided and all EPC phase HSEIA guidelines and recommendations shall be adhered.",TB-R014
116,10,,,,,Technical,"With reference to the TQ regarding Buildings sent on 29/11/2024 (Buildings Design Criteeria), for the OPERATIONS BUILDING, the BIDDER informs the COMPANY that it is proceeding with the optimization of the Design of such Building, including within it a Rack Room, an Operator Room and an Engineering Room, increasing the HVAC Room, as needed.
BIDDER kindly asks the COMPANY to confirm this approach.
",Bidder to note that the Plinth Areas shown in the respective RSHT-1 RFT FEED Drawings including height of the respective floors shall be considered for bidding purpose. The successful Bidder shall develop further during EPC Stage in-line with PROJECT/COMPANY Specifications & Standards without any cost/schedule impact to COMPANY.,TB-R014
117,11,,,,,Technical,"Bidder understood that Energy Report had been issued during FEED and no further report is required. In any case since , as per HSE-RM-ST02 Appendix 4, Energy Review is required, Bidder assumes that current Feed Energy Review can be included in EPC, as it is, with the addition of the final EPC Close Out Report, in which the Feed recommendations, if still applicable,  are closed. 
 ","Bidder to note that, the existing FEED Energy report to be reviewed & updated for sulphur granulation plant design required in RSHT-2 terminal. This is considering the new interfaces envisaged for utlities from adjacent plant/units.",TB-R014
118,1,,,,"Document n.: 1005312, New RSGP at RSHT2 for Hail and Ghasha
SCOPE OF WORK Package 1 for SGP (RFT 6000066707- Revised).
Tender Bullettin:  TB-09, 
UTILITIES/PROCESS",Technical,"With reference to  Company's statement  in document 1005312, on Utilities connections.  

<quote>
""All required utilities shall be supplied from the Borouge 3 facility . Bidders shall conduct the necessary feasibility study, coordination, and interfacing with Borouge to establish these connections in compliance with project requirements"".
<Unquote>

and with reference to Company statement in point 1 and 18 of TB-09.

Bidder understanding is that,  due to the unavailability of suitable documentation to evaluate: connections with Borouge 3  and RSHT-2 plants , utilties  consumptions and due to the necessary time to develop an adequacy report, the Adequacy Report Studies and the Tie-in schedule will be developed during EPC stage with related schedule and cost impact evaluation. Company kindly  to confirm.","1)  Tentative utility interfaes with RSHT-2 existing facility for new SGP is as below;
a) Process water/Potable water/Fire water
b) Sewer water disposal to existing RSHT-2 effluent treatmet system
Bidder to note that for the above, necessary RSHT-2 as-built documents are provided to bidder to asses whether existing RSHT-2  facility will be able to supply new demand required for SGP in RSHT-2. 
Bidder to confirm the same. Further also confirm whether desalinated water quality/specification available in existing RSHT-2 is suitable for process water/potable water quality required for new SGP.
2)  Tentative utility interfaes with Borouge existing facility for new SGP is as below;a)Power
b) Nitrogen
c) Instrument Air & plan Air
d) HP Steam & Boiler FEED water
e) Steam Condensate return
Bidder to note that for the above, necessary battery limit condition available @ Borouge plant  shall be provided to Bidder ASAP in coming TB for Bidder considerations. Further Bidder advised to consider additional design systems if required to meet the required battery limit conditions for new SGP.
Further, as part of this Bidders to consider extension, routing & necessary infrastructure for identified utilities from Borouge & RSHT-2 plant area to new SGP in RSHT-2. ",TB-R016
119,2,,,,"RP-5312-00-PR-023 “PROCESS SIZING CALCULATIONS FOR EQUIPMENT
HSE/UTILITIES",Technical,"Bidder highlights that in document No.: RP-5312-00-PR-023 “PROCESS SIZING CALCULATIONS FOR EQUIPMENT”,  page 49 and following, the steam sealing system of Sulphur tanks is calculated not considering the  tank volume required in NFPA 655 but only a portion of the tank volume. With this feed design approach, that seems not having a validation, the  steam consumption is low.Bidder instead will follow NFPA 655 requirements  for snuffing system sizing that requires for: 0.45 kg/min of steam for every 2.83 m3 of tank volume on a total working volume of 9500 m3 (16500 ton),  with such parameters a total flow of 93 t/h  of HP steam and a total flow of 22 ton/h of boiler  feed water for desuperheating shall be imported from Bouroge 3, so that a total amount of 115000 t/h of LP steam shall  be available for snuffing system. Company kindly  to confirm availability of such quantities of HP steam anf BFW from Bouroge 3.",Refer to company response provided in TB-023 issued earlier to Bidders as part RSHT-1 RFT package bid proposal.,TB-R016
120,3,,,,"FEED Utility flow diagram waste water 5312-40-A1-0105
UTILITIES",Technical,"Bidder understands that wastewater from water treatment can be sent to the sea outfall, as well as the settlement pond overflow. The routing of such streams from the RSGP battery limit to the outfall will be under the company's responsibility.
Any additional verification and assessment of the adequacy of the outfall, as well as obtaining any authorization for an independent discharge to the sea, requires a dedicated study and verification by the relevant environmental authority. This process will be managed by the company. Company to confirm.","Bidder to note that,currently there is no outfall available in the existing RSHT-2 facility. Hence Bidder needs to consider alternate option to dispose the waste water after treatment. Bidder requested to review the existing RSHT-2 facility provided as-built documents for the same. ",TB-R016
121,4,,,,"TB-09:  Integration of drainage systems with RSHT-2
UTILITIES",Technical,"Bidder understands that the adequacy of the drainage system of RSHT-2 for integration with the new RSGP will be developed during the EPC phase with an adequacy report. The conclusions of this report, along with any resulting modifications, will be treated as a change order and the potential impact on the schedule will be verified. Please confirm.","Bidder to confirm is this sewer system mentione for? 
Bidder to note that,suitable assessment and design to be considered for sewer system (for e.g., new sewer lift system design at required locations in new SGP)  and discharge sewer water from new sewer systems to existing RSHT-2 facility effluent system.
Note that, the necessary existing RSHT-2 as-built documents for sewer/effluent system are provided to Bidder to consider proper assumptions/basis in terms of design and accordingly lump cost be considered during Bid proposal stage.",TB-R016
122,5,,,,"Utility water composition
UTILITIES",Technical,"Company to confirm  that the Utility water composition received at BL from RSHT-2 wil be of the same quality of  the process water indicated in the FEED document:"" Process Basis of Design""  DB-5312-00-PR-001 , table 5.6.1 Process Water",Refer to reply provided in point.no.1 above for the same.,TB-R016
123,6,,,,"TB-09:  Documents on waste water collection and Neutralization: ""DW-5264-6047-A1-PU-0001 - UFD - Waste Water Treatment - Treatment Facilities""
UTILITIES",Technical,"In the documents received with TB-09 the storm water is collected in the retention pond and then sent to waste  water  treatement for neutralization. This phylosophy seems  not aligned with  feed philosophy (ref to UFD: 5312-40-A1-0105_0), indeed in the feed documents the storm water is sent to evaporation pond.  Moreover the design basis of retention pond and evaporation pond in RSHT-2 is not indicated. Company kindly to confirm that feed philosophy is to be followed.","Bidder to note that for waste water system design, Bidder is requested to consider the waste water treatment system similar to available in RSHT-1 RFT package UFD (5312-40-A1-0105) and routed the treated water from treatment system to the evaporation pond. ",TB-R016
124,7,,,,"General 
'UTILITIES/PIPING",Technical,"Bidder acknowledges that the tie-in points will be located at the new RSHT fence as specified in the documentation that will be provided with the Technical Offer. The routing of the piping/pipeline for supplying utilities and process streams is not included in the current scope of work. However, any additional studies and verifications will be treated as change orders during EPC, and the potential impact on the schedule will be assessed. Company kindly to confirm","Refer to reply provided in point.no.1 above for the same. Note that as part of this design, Bidders to consider extension, routing & necessary infrastructure for identified utilities from Borouge & RSHT-2 plant area to new SGP in RSHT-2",TB-R016
125,1,Instrumentation,,,Tender Bulletin Number TB-R001,,"According to the TB-R001, Quote ""The I&C systems shall be designed as standalone system. The new panels,
racks, consoles, etc. to be installed in the existing control building"" Unquote. 
According to COMPANY previous Response, quote"" To reduce the length of interconnecting cables, cable trays and supporting systems, it is proposed to add new E&I room in the new substation (substation 5 of original RFT) at new plant area"".

Bidder assume that an independent LOCAL CONTROL ROOM  is required for this project. Instrument  cabinets(DCS&ESD&FGS) lay out in the LOCAL CONTROL ROOM and operate station and console also lay out in the LOCAL CONTROL ROOM.

COMPANY to confirm.","Bidders to note that the I&C system shall not be designed as stand alone due to the following reasons:

In order to utilize the existing linear storage buildings, transport (conveyers, transfer towers etc..) and export (ship loaders) infrastructure and facilities of RSHT-2, it is preferred that the I&C system is designed the as an extension to the existing ICSS system (Honeywell) of RSHT-2. The upgrade (extension) of the existing system shall be carried out only by the OEM (Honeywell).

Bidders to note that the upgrade of the system shall in no way affect the operability or availability of the existing material transport  or export facillities including conveyors, transport towers, ship loaders etc.. .
The integration of new sulphur granulation facility control system with the existing RSHT-2 control system shall not introduce any restrictions or limitations in terms of operation or maintenance of the existing system and shall have the required segregation to achieve that goal. 

In this way, the only major interfaces will be limited to the ones listed below:
1. Hail & Ghasha ( 2 x 96 cores FO cable)
2. Bouroge (for utilities like power, water, nitrogen, steam etc.)

Bidder's assumption about the local control room is not correct. Bidder to place the consoles (with operator and engineering workstations) and cabinets (server, network and FO cabinets) in the existing MCR in RSHT-2. Adequacy of the existing MCR to be checked. However, a new local control room to be considered as an optional scope.

The new facilty's control system (located in the new substation and the existing MCR) shall be integrated seamlessly with the existing RSHT-2 control system and provide for operation and control of the new facility. ",TB-R016
126,2,Instrumentation,,,Tender Bulletin Number TB-R001,,COMPANY to confirm whether an explosion resistant structure is required for LOCAL CONTROL ROOM .,"Bidder to refer Cl.9.1 of AGES-SP-01-013 for essential buildings which are mandatory to design for blast resistance & other buildings when the blast load is not less the minimum specified. The Blast design consideration shall comply AGES-SP-01-003.
At EPC Stage specific FERA / QRA / BRA shall be conducted which shall dictate specific building blast resistance recommendation if required 
",TB-R016
127,3,Instrumentation,,,Tender Bulletin Number TB-R001,,"Bidder assume that optical fiber&cable tray between LOCAL CONTROL ROOM and EXISTING CONTROL ROOM  is out of this project.

COMPANY to confirm.",Bidder's understanding is not correct. All the optical fiber cables and laying of these cables (in trenches or cable trays) between local control room and existing MCR is in Bidder's scope.,TB-R016
128,4,Instrumentation,,,5312-ADD-1511-031_0 ,,COMPANY to confirm the protect radius of Flammable Gas Detector( Point IR Type).,This shall be as per the F&G mapping study in the EPC phase and follow COMPANY specifications (AGES) for the Point Gas detectors,TB-R016
129,5,Instrumentation,,,5312-ADD-1511-032,,COMPANY to provide 5312-ADD-1511-032 INSTRUMENT DESIGN GENERAL SEPCIFICATION,This DGS is now superseded by AGES. Please refer to applicable AGES for instrumentation and automation design.,TB-R016
130,6,Instrumentation,,,AGES-SP-04-006,,"COMPANY to provide AGES-SP-04-006  INSTRUMENT & CONTROL CABLE SPECIFICATION   
Any other COMPANY Standards about instrumentation should also be provided.",Provided.,TB-R016
131,7,Instrumentation,,,"DW-5264-6048-ICS-0000-026_Rev_1F
DW-5264-6048-ICS-0000-987_Rev_2F",,"According to DCS,ESD_FIBER_NETWORK_DRAWING and FGS_NETWORK_DRAWING, bidder assume the OEM of existing sysytem(DCS&ESD&FGS) is Honeywell.

COMPANY to confirm.",Bidder's understanding is correct. OEM of the existing control system is Honeywell. Please see the attached system architecture (DW-5264-6048-ICS-0000-701_3F),TB-R016
132,8,Electrical,,,Tender Bulletin Number TB-R001,,COMPANY to confirm whether an explosion resistant structure is required for New Substation .,"Bidder to refer Cl.9.1 of AGES-SP-01-013 for essential buildings which are mandatory to design for blast resistance & other buildings when the blast load is not less the  minimum specified. The Blast design consideration shall comply AGES-SP-01-003.
At EPC Stage specific FERA / QRA / BRA shall be conducted which shall dictate specific building blast resistance recommendation if required ",TB-R016
133,9,HSE,,,"ANNEXURE 12
HSE REQUIREMENTS 
ADR002 - Updated HSE Requirements",,"The superseded documents mentioned as follow is not found in the ITB:
• EXHIBIT-B.28
• EXHIBIT-B.29
• EXHIBIT-B.30
• EXHIBIT-B.31
• EXHIBIT-B.32
• EXHIBIT-B.33
Please check and provide it.",Please refer to updated HSE requirments Annexure 12,TB-R016
134,10,HSE,,,"ANNEXURE 12
HSE REQUIREMENTS 
ADR003 - Asset Integrity",,"As described in ITB: Contractor shall note that HSECES management standard HSE-OS-ST29 has been superseded with GP&E-GAIPS/STD-07 (ADNOC Group HSECES Management standard). 
But the mentioned document GP&E-GAIPS/STD-07 is not found in ITB. Please check and provide it.",Check TC-03 folder GP&E-GAIPS/STD-07 standard added,TB-R016
135,11,Contract,,,16.3,,"(e) Where Article ‎16.3(d)(v) applies, the CONTRACTOR shall be required to reimburse such portion of the AGREEMENT PRICE as the COMPANY deems sufficient to compensate it for any losses, costs or expenses that it has suffered or may suffer as a consequence of, or in connection with, the FACILITIES not achieving the PERFORMANCE GUARANTEES, up to the amount of the 10% of AGREEMENT PRICE.

Please check and confirm","The total laibility cost as per the form of agreement is 100%. 
Refer 505A_EPC Agreement , Form of Agreement Clause 2, Point  # 13",TB-R016
136,12,Contract,,,FORM OF AGREEMENT,,"13. TOTAL LIABILITY CAP: 100% of AGREEMENT PRICE

Bidder propose the total liability cap is 20% of AGREEMENT PRICE.

Please check and confirm","TOTAL LIABILITY CAP: 100% of AGREEMENT PRICE remains UNCHANGED and shall be maintained in its orginal form.

Refer 505A_EPC Agreement , Form of Agreement Clause 2, Point  # 13",TB-R016
137,13,Contract,,,EXHIBIT B.16,,Please provide the format of confirmation letter in Attachment -11. This document is missing.,Noted,TB-R016
138,14,Contract,,,16.3,,"(e) Where Article ‎16.3(d)(v) applies, the CONTRACTOR shall be required to reimburse such portion of the AGREEMENT PRICE as the COMPANY deems sufficient to compensate it for any losses, costs or expenses that it has suffered or may suffer as a consequence of, or in connection with, the FACILITIES not achieving the PERFORMANCE GUARANTEES, up to the amount of the 10% of AGREEMENT PRICE.",Refer response to  point # 11,TB-R016
139,15,Contract,,,FORM OF AGREEMENT,,"13. TOTAL LIABILITY CAP: 100% of AGREEMENT PRICE

Bidder propose the total liability cap is 20% of AGREEMENT PRICE.",This Clarification point is repeated w.r.t point.12 & check response for the same.,TB-R016
140,16,Contract,,,EXHIBIT B.16,,Please provide the format of confirmation letter in Attachment -11. This document is missing.,This Clarification point is repeated w.r.t point.12 & check response for the same.,TB-R016
141,17,Security,,,EXHIBIT - A.08/A.8.1.4,,"""The  security  arrangements  for  the  entire  PROJECT  Office  shall  be  subject  to approval of COMPANY.""
Please confirm bidder arrange the security sevice company( approved in ACL) in greenfield, or can use bider own staff.","Bidder shall submit a detailed securityplan for the COMPANY review and approval , regardless of whether using an external service or internal staff.  The bidder should be prepared to adjust their security arrangments based on Company's feedback.",TB-R016
142,18,Contract,,,Clause 24.2 © & 24.4 (e),,"(c) Within a reasonable time following the COMPANY’s receipt of a VARIATION PROPOSAL, the COMPANY may:
(e) Within a reasonable time following the COMPANY’s receipt of the CONTRACTOR VARIATION REQUEST pursuant to Article ‎24.4(a), or any amendments to or additional information for such CONTRACTOR VARIATION REQUEST pursuant to Article ‎24.4(d), where applicable, the COMPANY may:
Pls confirm the exact days of the reasonable time mentioned here.","""Resonable Time) is not explicitly defined in these clauses, it remains subject to specifics and mutual understanding  between the COMPANY and CONTRACTOR. For clarity , it is advisable to refer to the Contract Agreements that might provide further guidance.",TB-R016
143,1,General,,,TC-001 Company Comments,,"The list of the latest AGES/DGS standards is well received. However, the list itself would not be sufficient for BIDDER to evaluate the criteria of the standards. BIDDER shall understand clearly the contents of the standards.
Therefore, BIDDER requests COMPANY to share ALL the standards documents (NOT the list ) related to the project for further study.",Latest AGES /DGS standards provided in the attachment.,TB-R016
144,2,General,,,Site Visit,,"COMPANY has mentioned the arrangement of site visit during the VC dated 4th Dec, 2025.
BIDDER requests COMPANY to share the schedule and focal point at the earliest concerning the approaching submission date.",Necessary information for site visit shall be intimated to Bidder.,TB-R016
145,1,Instrumentation,,,Tender Bulletin Number TB-R007,,"According to the TB-R007, Quote ""For complete plant integration, Package control and safeguard shall be implemented in plant ICSS system bidder may elect to have a local room(e-room) inside/or outside the Storage building"" 
COMPANY to confirm whether the all Package PLC is forbidden and the signal of Package must direct connect to the plant ICSS（DCS or ESD）.",It is hereby confirmed that packages shall be implemented in the ICSS. Any exceptions (only for small packages) shall be approved by COMPANY,TB-R017
146,2,Mechanical,,,TB-R008 ，TB-R009 & RSHT2 - Presentation to Bidders 2,,"According to the bidding documents, bidder understand that the capacity of one existing linear storage is 165,000 ton in RSHT-2.The dimension of the new linear storage shall be same to existing RSHT-2 linear storage dimensions.
COMPANY to confirm.",Confirmed.,TB-R017
147,3,Mechanical,,,TB-R009,,"According to the bidding documents, the emergency route or optional route scheme to transfer the granules from new linear warehouse to existing RSHT-2 linear storage inlety. Bidder plan to connect the emergency route line from the TT2 transfer station and partially transform the TT2 transfer station. The transportation capacity of the TT2 transfer station to the existing linear storage shall  be adjusted to the original capacity plus the capacity of the new sulfur granulator conveyor system. 
COMPANY to confirm.",Refer to the Company provided TB-R012 for the same to understand the conveyor routing requirements.,TB-R017
148,4,Mechanical,,,RSHT2 - Presentation to Bidders 1,,"According to the bidding documents, the sulfur granulator is required with space provisions for future expansions, according to the current layout, reserve 10 granulator positions. The conveying capacity of the granulator to the warehouse is completed at one time considering the reserved capacity. COMPANY to confirm.",Confirmed.,TB-R017
149,5,Mechanical,,,1.0 ITB\RSHT-2\Conveyors_Storage_Buildings,,"There are not any doucuments and drawings in Conveyors Storage Buildings file.Please provide the equipment layout of the existing linear storage in SHRT-2, drawings and data sheets of belt conveyors and portal stacker/reclaimerof the existing linear storage in SHRT-2.",Attached,TB-R017
150,6,Process,,,Tender Bulletin ,,"As per TB-R9,  utility/potable water will be supplied from existing RSHT-2 facility, Bidder shall do study for the adequacy of the existing systems catering to new RSGH 2. 
Please clarify the renovation and expansion in existing RSHT-2 area such as add pump, enlarge main pipe size, re-routing water supply lines to new RSGP B.L, etc. are in new project working scope or not.","Bidder to note that, existing RSHT-2 drawings(for e.g. UFD, P&ID) are provided for the same. Bidder should assess the new water consumption required for new RSGP  in RSHT-2 and verify whether the surplus amount of water available in RSHT-2 utility/PW system. Based on the above, if any addition system requires, Bidder to consider the same. Further note that Bidder to confirm whether water quality available in the existing RSHT-2 facility is acceptable to consider for water requirements in new RSGP.",TB-R017
151,7,Process,,,Tender Bulletin ,,"As per TB-R9 attached as built drawing of existing RSHT-2 facility, as bidderll as the requirements specified in RSHT-1 FEED, some drainage philosophy is different. 
In RSH-2, Treated washdown water is recycled and distributed as wash down water, treat sanitary water is pumped to irrigation tank and reused for landscaping irrigation. In RSHT-1 FEED, both treated washdown water and sanitary water are discharged directly to sea.
Please clarify which philosophy shall comply with.",Bidder to refer to reponse provided in COMPANY issued TB-R016 for the same.,TB-R017
152,8,Static,,,General,,"COMPANY is requested to share existing liquid sulfur tanks(54140-TK-4002, 40-TK-101) as-built or construction drawing for reference if possible.","Note that thes tanks referred are part of RSHT-1 SGP area & Bidder not required these for SGP design in RSHT-2.

Note that for new SGP in  RSHT-2, Bidder shall be providing new Liquid sulphur tanks and already as part of RSHT-1 RFT FEED package, however, capacity shall be strictly to cater for 5 days ullage.  design shall be in line with AGES and shall be provided by successful bidder.",TB-R017
153,9,Static,,,General,,"COMPANY is requested to share existing liquid sulfur tanks(54140-TK-4002, 40-TK-101) engineering and construction contractor/vendor name /contact information for further quotation if required.","Note that thes tanks referred are part of RSHT-1 SGP area & Bidder not required these for SGP design in RSHT-2.

Note that for new SGP in  RSHT-2, Bidder shall be providing new Liquid sulphur tanks and already as part of RSHT-1 RFT FEED package, however, capacity shall be strictly to cater for 5 days ullage.  design shall be in line with AGES and shall be provided by successful bidder.",TB-R017
154,10,Static,,,"RSHT-1 RFT Part 2 A (Exhibit C):RP-5312-00-MC-001_3;RP-5312-00-MC-002_0;RP-5312-00-MC-006_0
DS-5312-40-TK-0001_1",,"RP-5312-00-MC-001_3,page 16,table 4-2,stated that sulphur tanks C.A. is 4~6mm respectivly for different location carbon steel plate.
RP-5312-00-MC-002_0,page 21,clause 6.3,stated that sulphur Tank shall be CS + 3mm CA with Internal Durapol Coating.
RP-5312-00-MC-006_0,pag 37,Table 7-2,Main Body/Shell CS C.A.is 6mm.
In Liquid sulphur tank MDS, CS + 3mm CA with Internal Durapol Coating requirement was addressed.

Bidder's understanding is that if internal coating applied,corrosion allowance 3mm is correct for sulphur tank carbon steel.
Please confirm BIDDER's understanding is correct or not.",Bidder to refer responses provided in earlier TB-013 issued as part of RSHT-1 RFT package.,TB-R017
155,11,Static,,,RSHT-1 RFT Part 2 A (Exhibit C):RP-5312-00-MC-002_0;RP-5312-00-MC-006_0.,,"RP-5312-00-MC-002_0,page 24,clause 7.4,stated that The tank bottom plate should not be externally coated due to high temperature within the sulphur tank. It, hobidderver, shall be protected with impressed current cathodic protection (ICCP).
RP-5312-00-MC-006_0,pag 37,Table 7-2 remarks described that Coatings should be applied to the soil side of tanks in contact with soil in addition to ICCP,
for mitigation of soil side tank bottom corrosion.

Bidder's understanding is that bottom external coating is not required due to high temperature,just to provide ICCP.
Please confirm BIDDER's understanding is correct or not.",Bidder to refer responses provided in earlier TB-013 issued as part of RSHT-1 RFT package.,TB-R017
156,12,Static,,,DS-5312-40-TK-0001_1,,"FEED liquid sulphur tank MDS is just for reference,alternative technical scheme,internal heating coil which is worldwide used for sulphur tank,is also accetable.
Of cause,Bidder shall provide roof heat tracing,internal coating,external support clips insulation to avoid vapor phase corrosion.

Please confirm BIDDER's understanding is correct or not.",Bidder understanding is correct. However Bidder refer to MDS and relevant P&ID's notes for further Bidder considerations & design.,TB-R017
157,13,SP3D,,,EXHIBIT-B.13 Rev 0.pdf,,"Exhibit -B.13  5.3  Software Version                                                                               ""CONTRACTOR shall use the latest version of SP3D and SPR on the project. CONTRACTOR shall configure SP3D using latest compatible 64-bit version of Oracle. ""  
CONTRACTOR request company to confirm   the  Specific version number to be used before the project         ","Below are the requested details to start the project :-
 S3D v 13.1
 SPR v 2020
 However, at the time of Smart Plant handover, company will advise the final handover version",TB-R017
158,14,Telecommunication,,,General,,"As per proposal plot plan, there is a enclosed perimeter fence, please confirm whether it is necessary to set Fence Intrusion Detection Sysem and Security CCTV System.",This shall be as per the scope of work document in exhibit B-11 in the RFT package,TB-R017
159,15,Piping,,,GENERAL,,"As per DB-5312-00-PI-001, COMPANY will make available to ENGINEER the existing SP3D model for units under project scope to facilitate building of new 3D model showing the lines and connections to the exact location of Tie-in into existing",Bidder shall note that 3D models of the brownfield areas will be provided to the successful bidder. However verification of exact location of tie-in shall be the responsibility of Contractor during Engineering,TB-R017
160,16,,,,,,Bidder request client supply the latest 3d model include SHT-1&SHT-2 for better understanding regarding the work scope and design criteria,"Bidder shall note that this is  greenfield project therefore 3D Model will be developed during Engineering. For tie-ins to existing facilities, the 3D Model will be provided to the successful bidder.",TB-R017
161,17,Civil,,,SP-5312-00-ST-001 2.1.4 International Standards,,"Please confirm the ACI 318-19, AISC 360-16, AISC 341-16,  IBC-2018 and ASCE 7-16 to be used for RSHT-2 new structural steel and concrete design as per  SP-5312-00-ST-001 Section 3.1.","Bidder to refer COMPANY AGES for the design codes /standards version in relevant chapters of the document. When an edition date is not indicated for a Code or Standard, the latest edition in force at the time of the contract award shall apply.",TB-R017
162,18,Civil,,,SP-5312-00-ST-001  4.3 Structural steel works,,Bidder proposes to use Chinese standard steel materials grade Q355B (in accordance to GB/T 1591-2018 High Strength Low Alloy Structural Steels) and grade Q235B (in accordance to GB/T 700-2006 Carbon Structural Steel) as alternatives (to replace the ASTM A36 and A572 Grade 50) for RSHT-2 Project. ,For the purpose of bidding the Bidder shall Comply COMPANY AGES /STD. The sucessful bidder during EPC stage may submit TQ (Technical Query) along with recommendations/valid justification subjected to COMPANY review/approval.   ,TB-R017
163,19,Civil,,,SP-5312-00-ST-001 6.1.7 Earthquake Loads (seismic parameters are on hold),,Please provide/confirm the seismic parameters to be used on RSHT-2 Project.,Bidder to refer COMPANY AGES-SP-01-003 structural design basis – onshore specification for seismic loads. The Parametres used shall be substantiated with necessary field test/Studies but not limited to Geotechnical investigation ,TB-R017
164,20,Civil,,,SP-5312-00-ST-001 6.1.11 Blast Load,,Please provide/confirm which building to be designed as blast resistant on RSHT-2 Project and provide AGES-SP-01-003 for reference.,"Bidder to refer Cl.9.1 of AGES-SP-01-013 for essential buildings which are mandatory to design for blast resistance & other buildings when the blast load is not less the  minimum specified. The Blast design consideration shall comply AGES-SP-01-003.
At EPC Stage specific FERA / QRA / BRA shall be conducted which shall dictate specific building blast resistance recommendation if required. 
COMPANY already provided the AGES, DGS(active) and the list of DGS that are obsolete in TB_R016.",TB-R017
165,21,Civil,,,RP-5312-00-MC-005 Section 5 Structure Details,,Please confirm Cathodic Protection to be used for liquid sulphur storage tank foundations only for RSHT-2. Please advise if the piling or other critical foundations need to be considered CP. Please provide DGS-1674-001 for reference.,Corrossion monitoring system shall be provided for the critical & non -critical concrete foundations based on relevant project specifications.,TB-R017
166,22,Civil,,,General,,Please provide the coating/painting requirments for structural steel.,Bidder to consider the same based on latest AGES-SP-07-004.,TB-R017
167,23,Civil,,,SP-5312-00-ST-001_0,,Please provide the STD-1481-001-0210A/B Fence Types and Details and DGS-CU--006 fencing.,"Bidder to refer COMPANY Specification AGES-SP-01-022 Fence and Gate.

COMPANY STD Drawings Attached. It is to be note that most of drawings will have  reference to DGS which are obsolete and the same shall be considered with relevant AGES for detailed Engineering including preparation of PROJECT specific STD drawings in-line with AGES/ PROJECT Documents. ",TB-R017
168,24,Civil,,,1005312,,"In the SOW indicated that the new fencing shall match with the existing fencing.
Please kindly provide the the type of existing fencing and the detail drawing of it.","- New fence for the PROJECT area shall be considered in-line with AGES-SP-01-022 Fence and Gate. 
- CICPA fence shall comply with their requirements.
- the existing fence interface (including CICPA fence if any including modification to existing fence for any access/Gates, HSE requirements etc.,) are included in bidders scope
Bidder is advised to make Site Visit for further verification/ consideration.",TB-R017
169,25,Civil,,,DW-5264-6000-A0-PP-0500-1F ,,"On the west side of the existing north-south fencing, there is slope protection shown, so it shows the existing area is higher than the green, but there is no elevation in the plot plan.
Please kindly provide the topographic map of the green area;",There is no topo survey for the proposed PROJECT site is available. However the existing reports for the adjucent site at RSHT-2 are already provided TB_R017.,TB-R017
170,26,Civil,,,DW-5264-6000-A0-PP-0500-1F ,,"The data of exsiting facilities is very helpful to understand the green field near by,
Please kindly provide the followings:
1. the topographic map of the existing SSB area;
2.  the geological investigation report of the existing SSB area;","The existing topo/Geotech reports for the adjucent site at RSHT-2 are already provided for reference/information only as part of TB-R015 & TB-R017 Further to COMPANY response to Point8-10 of TB-R03, Bidders to note that the adjucent structures that are interfacing with this PROJECT (for example transfer tower TT4) are founded on pile foundations. The bidders are advised to study the avaialble geotechnical reports and make suitable considreations in their lumpsum bid without any cost/schedule impact to COMPANY.

During EPC stage,the successful bidder shall make their own investigation in-line with PROJECT requirements for further verification/consideration for design development ",TB-R017
171,27,Civil,,,DW-5264-6000-A0-PP-0500-1F ,,"Please kindly provide the site condition report of green area, inculding site elevation, soil condition , compaction of soil , CBR etc..",See COMPANY response above point 26.,TB-R017
172,28,CIVIL,,,GENERAL,,"Sl.No. 25,26,27 and 28 to request the civil/structure design criteria and specifications, foundation drawings and calculation report for sulfur storage building and reclarmers of SHT-2. 
This is considering that NO FEED for RSHT2 and the tight schedule for Bidder and the existing SHT-2 engineering packages to be used as reference for the Bidder better understanding the work scope and design criteria and also as best practices/lesson learned to be incorporated in Bidder's proposal for RSHT2.","
Bidder to note that engineering development for this project including adequacy check/strengthening of existing structures(steel members, connection) / foundation is based on AGES and applicable guide line documetns such as AGES-GL-01-001. Bidder to note that the design requirements for new/existing structures shall be in-line with COMPANY current AGES but not limited to AGES-SP-01-003, AGES-GL-01-001, AGES-GL-16-003 this includes application of loads / current environmental loads (Wind, seismic, Temperature etc) for existing/new structures.

Available deisgn information of RSHT2 is shared as part of this response for reference and consideration for lumpsum price without cost & schedule impact to Company.

",TB-R017
173,1,Piping,,,GENERAL,,"1. If the Painting spec for RSHT2 shall comply with ADNOC spec ""DGS 6600-010 Painting"" ?
2. If it is, please provide it.","Bidder shall refer to AGES Painting & Coating Specification AGES-SP-07-004
Latest AGES will be shared along with reply in company TB-R016",TB-R017
174,2,Process,,,"DW-5264-6027-A1-PU-0203
DW-5264-6027-A1-PU-0204",,"As per TB-R9 attached P&IDs of existing RSHT-2 potable water supply system, potable water is pumped to building utilities and safety/eye washer directly without chiller system to keep water temperature. Site maximum solar temperature is 85℃, please clarify if need add chiller system in existing RSHT-2 potable water station in this project.",No additional chiller system envisaged.,TB-R017
175,1,SOW,,,General,,"The new plant area is located to the west of the existing Terminal 2, the cleaning of the activity of the existing sulphur or sulphur dust from the existing Terminal 2 plant is outside the scope of the BIDDER.

Please confirm that BIDDER's understanding is correct.","Indeed the new plant is situated in west of the existing terminal.However, a typical interface management between the existing and new plant area is envisaged. Therefore any activities/party that might affect or be affected working in proximity to the existing sulphur or sulphur dust area shall be responsible for adhering to all relevant safety regulations petaining to sulphur handling and exposure.",TB-R017
176,2,Instrumentation,,,"DGS-IU-002
INSTRUMENT INSTALLATION DESIGN",,"According to DSG-IU-002 INSTRUMENT INSTALLATION DESIGN 10.9 Junction Boxes shall be of high impact resistant, glass reinforced polyester material. Refer to the FEED file of Worley, SS316L is requried for the material of instrument junction box. Which is correct?

COMPANY to confirm.",This DGS is superseded by AGES-SP-04-017. Please follow the afore-mentioned AGES for selection of MOC (material of construction) for instrument junction box,TB-R017
177,3,Contract,,,"General T&C
",,"Please provide the Articles 247, 267, 275, 877, 879, 886 and 892 through 896 of the CIVIL CODE.",,TB-R017
178,4,QUALITY,,,"SI. No. 5 and 6 Audit as indicated on APPENDIX I PROJECT KEY PERFORMANCE INDICATORS (KPIS), Contractors QAQC Requirement (AGES-GL-13-001)",,"The frequency of audits shown on KPIS table is quarterly. 

Pls clarify the type of audit.","It is not the frequency of audits that is Quarterly. It is the frequency of measuring/ reporting of the KPI, in this case, Audits Performed against Audits Planned. It is to be noted KPIs or the measuring frequencies may be revised in agreement with the COMPANY to fit to Project requirements and nature.                                                            For Types of Audits, please refer to Contractors QAQC Requirement (AGES-GL-13-001) Section 10 and Quality Management Requirements (Exhibit B.10) Section B.10.5.  ",TB-R017
179,1,ELECTRICAL,,,General ,TECHNICAL,"Bidder uderstands that the Power supply for the new RSHT 2 Plant will be from existing Borouge 3 facility with N.2 33kV HV cable lines. 
Bidder higlights that most of the cable will be routed undreground inside B3 facility battery limit in a very congested area in service.
Company to confirm that adeguate spare space is available inside the existing cable tranch/duct bank and provide updated detailed as built drawing from the Existing Borouge 3 Substation to RSHT2 Plant battery limits. Bidder understand that due to unavailability of suitable documentation to evaluate connections with Borouge 3 and RSHT-2, dedicated studies and assesments will be developed during EPC stage with related schedule and cost impact. Company kindly to confirm.
","Bidder understanding is correct, however any development of engineering that include adequacy study and verification of site condition shall not have any impact on schedule. Bidder to ensure making the required assumptions to enable completeing the work on time. Company shall not entertain any time variation.",TB-R017
180,2,ELECTRICAL,,,General ,TECHNICAL,"Company to confirm that no. two spare 33kV feeders and related auxiliary services required for the Power Supply of the new RSHT 2 Plant are available in the existing 33 kV GIS SWITCHGEAR Borouge 3. Also, confirm the spare power capability  required (approx. 12MVA) at 33kV GIS Switchgear to feed the new RSHT 2 Plant. Bidder understands that due to unavailability of suitable documentation at this stage, dedicated studies shall be developed during the EPC phase with related schedule and cost impact.
","The availability of spare feeders in 33KV switchgear has already been requested from Borouge, the confirmation of the same is awaited.as soon it is received, it will be conveyed to Bidder.

However any development of engineering that include adequacy study and verification of site condition shall not have any impact on schedule. Bidder to ensure making the required assumptions to enable completeing the work on time. Company shall not entertain any time variation.",TB-R017
181,3,ELECTRICAL,,,General ,TECHNICAL,"Bidder higlight to Company that the incoming 33kV lines from 33kV SWGR in Borouge 3 facilities will be connected directly to step down transformer in new RSTHT 2 Substation with two dedicated transformer 33kV/11kV. 
Electrical management and operation of the two incoming lines and relative electrical protection relay will be in Borouge 3 facilities substation. Bidder understands that due to unavailability of suitable documentation at this stage, dedicated studies shall be developed during the EPC phase with related schedule and cost impact.","1. Bidder understanding is correct in case it is U/G cable. 
2. Bidder understanding is correct however metering facilities for the supply to RSHT-2 plant , whether at source or receiving end will be reverted as soon as it is finalised, however any development of engineering that include adequacy study and verification of site condition shall not have any impact on schedule. Bidder to ensure making the required assumptions to enable completeing the work on time. Company shall not entertain any time veriation.       ",TB-R017
182,,,,,,,,"Bidder Considerations:
Bidder to note that the new facilities of RSHT-2 Proposed Extension for H&G project shall have IPCS system which shall be  integrated with existing RSHT-2 facilty IPCS in order to utilize the existing linear storage buildings, transport (conveyers, transfer towers etc..) and export (ship loaders) infrastructure and facilities of RSHT-2. 
New HMI graphics to be developed for the new IPCS and shall provide the information of new facilities as well as the existing facilities utilised.",TB-R017
183,1,HSE,,,"ANNEXURE 12
HSE REQUIREMENTS ",,"As described in ITB: All CONTRACTORS’ and SUB-CONTRACTORS’ HSE supervisors or construction supervisors must be certified and received and in possession of a valid certified training certificate in construction HSE such 
as NEBOSH.
Please clarify if all  CONTRACTORS’ and SUB-CONTRACTORS’ HSE supervisors need the certificate as NEBOSH, or only the key personnel like HSE Manager?
Please clarify that except NEBOSH, what kind of other cetificate might be accepted.","All HSE Site officers and HSE Site Engineers shall posses NEBOSH IGC as minimum,  other certifaction is an advantage.
OHID/OHRA Chairman mustl have CIH certification ",TB-R019
184,1,,,,RSHT2 - Presentation to Bidders 1,Technical,"As per the ITB, the Fire Water (FW) demand calculation does not account for the requirement of spray nozzles with a minimum orifice diameter of 8 mm while estimating the governing scenario for FW demand. Validation of FW demand is based on the Company’s response to Bidder Query 21 in TB-20, which states: “Bidder shall follow FEED Philosophy for FW demand report, and any proposed change shall be discussed and agreed upon during the execution phase.” Accordingly, a maximum conveyor length of 466 m was considered for FW demand calculations during the re-bidding stage of Offer P-4450. Please confirm if this approach is acceptable or if any additional requirements need to be considered. ","Bidder shall provide the schematic (with length) to align COMPANY for their understanding and respond accordingly 
Bidder shall continue with their assumptions in order to proceed and secure their quotation 
",TB-R020
185,2,,,,RSHT2 - Presentation to Bidders 1,Technical,"A conveyor belt width of 1 m has been considered for the Fire Water Demand calculation to validate the FW demand during the first bidding phase of Offer 4450 and has also been retained for the re-bidding phase. Any changes to the conveyor belt width would affect the FW demand, deluge valve size, and piping dimensions. Please confirm if this assumption aligns with the project requirements or if a revised conveyor belt width is expected.","Bidder shall provide the basis where they get that assumption (Revised conveyor belt width) is expected.
Bidder shall continue with their assumptions in order to proceed and secure their quotation ",TB-R020
186,3,,,,RSHT2 - Presentation to Bidders 1,Technical,"During the re-bidding stage of Offer 4450, information on the existing Fire Water (FW) line sizes and drawings for RSHT2 was unavailable. Consequently, four FW tie-ins for the proposed greenfield facility were considered, assuming adequate FW line sizes, pressure, flow and selecting the most suitable locations within the existing RSHT2 network. Please confirm if this assumption is acceptable or if additional data regarding existing FW lines can be provided for verification.",RSHT 2 FW Details provided part of this query reposne  TCM-009 (Firewater folder),TB-R020
187,4,,,,RSHT2 - Presentation to Bidders 1,Technical,No modifications to the existing Fire Water Pump House or Fire Water Tank have been considered during the re-bidding phase of Offer 4450. Please confirm if this assumption is valid or if any modifications to the existing infrastructure are anticipated.,RSHT 2 FW Details provided part of this query reposne TCM-009 (Firewater folder),TB-R020
188,5,,,,RSHT2 - Presentation to Bidders 1,Technical,The clean agent type ‘IG541 – Inergen’ has been assumed for the re-bidding phase based on the details provided during RSHT-1 (brownfield). Please confirm if this clean agent type is acceptable or if a different specification is required for the re-bidding phase.,IG-541 is Acceptable ,TB-R020
189,6,,,,RSHT2 - Presentation to Bidders 1,Technical,It has been assumed that Safety Shower and Eye Wash units are available at the existing Transfer Towers within the RSHT2 facility in areas where interfaces exist between the proposed facility and the existing Transfer Towers. Please confirm if this assumption is accurate or if additional units need to be considered for the proposed scope.,"Bidder understanding is correct. 
However bidder to review the same based on as-built drawings provided for understanding of interface & requirements.",TB-R020
190,7,,,,"TB-R014, Attachment to TB-R014, Sr. no#2",Technical,"Bidder refers to below reply from COMPANY

1) Bidder's understanding is not correct. The facility will be operated from the main control building, therefore the required number of operator, engineering and application stations, servers and printers shall be provided in the existing MCR in RSHT-2. Additionally, there shall be operator and engineering workstations in the IER room of the new substation. Storage buildings E-Rooms shall be equipped with operator/application workstations. 

2) Please consider virtualization as it is a mandatory requirement

With reference to above response, Bidder clarifies as below

1) Bidder has considered only supply of operator, engineering and application stations, servers and printers. The required space, UPS power & feeders, HVAC adequacy etc.is assumed to be available in existing Main Control Building (MCR).

2) Noted for the new system being supplied by Bidder. No upgrade / modification in existing system is considered.","1. Adequacy of the existing MCR (Main Control Building) shall be in bidder's scope. A new control building shall be considered as optional scope.
2. Bidder's understanding is correct.",TB-R020
191,8,,,,"TB-R014, Attachment to TB-R014, Sr. no#3",Technical,"Bidder refers to below reply from COMPANY

Bidder's understanding is not correct. TB-14 has no mention of 'PLC'. Package controls for the Stacker/Reclaimer shall reside in the DCS (ICSS) and hardware/software to be included in the vendor's scope of supply. EPC scope will be the integration of the package controls with the ICSS. The same applies for the Ship Loader.

With reference to above response, Bidder clarifies as below

As per the RSHT-2 existing system architecture provided by COMPANY, Stacker / Reclaimer and Ship Loader Control is implemented in PLC ML200. Hence bidder has considered Package PLC from better execution perspective. Package PLC Control is Bidder's basis for estimation. ","Bidder's understanding is correct. Bidder to follow the RSHT-2 system architecture for his estimation. However, Bidder to note that ML200 PLC is from the same OEM (Honeywell) as the ICSS and provides ease of integration. ",TB-R020
192,1,Contract,,,"General T&C
",,"Import through Abu Dhabi Seaports and Airports

Please confirm whether all CONTRACTOR CONSTRUCTION EQUIPMENT and MATERIALS imported through Abu Dhabi's seaports and airports are to be imported in the name of the COMPANY
Additionally, please confirm that any customs duties levied on such imports will be borne entirely by the COMPANY, and the CONTRACTOR will not be held liable for these duties.",Confirmed,TB-R023
193,2,Contract,,,"General T&C
",,"Import  through Other Ports
Please confirm that for CONTRACTOR CONSTRUCTION EQUIPMENT and MATERIALS imported through ports outside of Abu Dhabi, the CONTRACTOR will be responsible for all importation procedures ,in the name of CONTRACTOR
Confirm that any customs duties or related charges for such imports will be borne solely by the CONTRACTOR.

CONTRACTOR is responsible for the transportation of all CONTRACTOR CONSTRUCTION EQUIPMENT and MATERIALS to the designated locations, Aand the CONTRACTOR shall provide all necessary assistance and documentation required to facilitate the importation process.",Confirmed,TB-R023
194,3,Contract,,,"General T&C
",,"35.3 
(b) within thirty (30) DAYS of the CONTRACTOR’s receipt of a written notice from the COMPANY identifying one or more of the following breaches by the CONTRACTOR, provided that the CONTRACTOR has not remedied the relevant breach within such period:
(i) the CONTRACTOR’s suspension or delay of the performance of the WORKS in breach of Article ‎34 ;

Article 34 is suspension, which is not appliable to this Clause. Please clarify.",Company will advise.,TB-R023
195,4,Contract,,,EXHIBIT A.7,,Please provide the definiton of insurance spare parts.,Bidders shall refer to Exhibit B.46 for SPARE PARTS & EQUIPMENT DATA CAPTURING PROCEDURE . The definition of Insurance Spare Parts is as follows per Exhibit B.46 provided in RFT package.,TB-R023
196,1,General,,,General,,"Please Company to provide 
DGS-1300-175 Galvanization
DGS-6600-010 Painting","DGS-6600-010 is superceded by AGES-SP-07-004
DGS-1300-175 is superceded by AGES-SP-07-009
The AGES are already provided to the Bidders",TB-R025
197,2,General,,,General,,"Please  Company to provide the architecture drawing and IO list of IPCS of existing plants, as agreed in the Technical Bids clarification meeting","ICSS & IPCS System:
The existing RSHT-2 overall architecture & I/O list for ICSS & IPCS system are attached as part of the clarification for reference.

As informed to the Bidder that,the necessary documents related to existing Borouge facility are not available and it will be provided post-award to successful Bidder.",TB-R025
