1005312 - Ruwais Sulphur Handling Terminal-1 Upgrade for Hail & Ghasha ,,,,,,,,,
  Exhibit 'C' Index,,,,,,,,,
,,,,,,,,,
Sr. No.,Unit,Discipline,Drawing Category,Document Number,Revision,Subject,Issue Status,Remarks,
,,,,,,COMMON,,,
,,,,,,ARCHITECTURAL/CIVIL/STRUTURAL,,,
1,00,CIVIL,Drawing,5312-00-A1-3001,1,OPERATOR SHELTER ARCHITECTURAL FLOOR & ROOF PLAN,IFT,WORLEY,1005312-WOR-AGP-TR-0910
2,00,CIVIL,Drawing,5312-00-A1-3002,1,OPERATOR SHELTER ARCHITECTURAL ELEVATION,IFT,WORLEY,1005312-WOR-AGP-TR-0910
3,00,CIVIL,Drawing,5312-00-A1-3003,1,OPERATOR SHELTER ARCHITECTURAL SECTION,IFT,WORLEY,1005312-WOR-AGP-TR-0910
4,00,CIVIL,Drawing,5312-00-A1-3004,1,OPERATOR SHELTER ARCHITECTURAL SCHEDULES,IFT,WORLEY,1005312-WOR-AGP-TR-0910
5,00,CIVIL,Drawing,5312-00-A1-3011,0,SUBSTATION-5 ARCHITECTURAL FLOOR PLAN,IFT,WORLEY,1005312-WOR-AGP-TR-0993
6,00,CIVIL,Drawing,5312-00-A1-3012,0,SUBSTATION-5 ARCHITECTURAL SECTION,IFT,WORLEY,1005312-WOR-AGP-TR-0993
7,00,CIVIL,Drawing,5312-00-A1-3013,0,SUBSTATION-5 ARCHITECTURAL ELEVATION,IFT,WORLEY,1005312-WOR-AGP-TR-0993
8,00,CIVIL,Drawing,5312-00-A1-3014,0,SUBSTATION-5 DOOR & FINISHING SCHEDULES,IFT,WORLEY,1005312-WOR-AGP-TR-0993
9,00,CIVIL,Drawing,5312-00-A1-3021,0,OPERATIONS BUILDING - ARCHITECTURAL FLOOR & ROOF PLAN,IFT,WORLEY,1005312-WOR-AGP-TR-1537
10,00,CIVIL,Drawing,5312-00-A1-3022,0,OPERATIONS BUILDING - ARCHITECTURAL SECTION & SCHEDULES,IFT,WORLEY,1005312-WOR-AGP-TR-1537
11,00,CIVIL,Drawing,5312-00-A1-3023,0,OPERATIONS BUILDING - ARCHITECTURAL ELEVATION,IFT,WORLEY,1005312-WOR-AGP-TR-1537
12,00,CIVIL,Drawing,5312-00-A0-2050,0,STRUCTURE MAP PIPERACKS AND STEEL BRIDGES & SECTIONS,IFT,WORLEY,1005312-WOR-AGP-TR-1806
13,00,CIVIL,Key Plan,5312-00-A1-0551,0,FOUNDATION LAYOUT KEY PLAN,IFT,WORLEY,1005312-WOR-AGP-TR-1817
14,00,CIVIL,Drawing,5312-00-A1-0552,0,FOUNDATION LAYOUT DRAWING AREA 1,IFT,WORLEY,1005312-WOR-AGP-TR-1817
15,00,CIVIL,Drawing,5312-00-A1-0553,0,FOUNDATION LAYOUT DRAWING AREA 2,IFT,WORLEY,1005312-WOR-AGP-TR-1817
16,00,CIVIL,Drawing,5312-00-A1-0554,0,FOUNDATION LAYOUT DRAWING AREA 3,IFT,WORLEY,1005312-WOR-AGP-TR-1817
17,00,CIVIL,Drawing,5312-00-A1-0555,1,FOUNDATION LAYOUT DRAWING AREA 4,IFT,WORLEY,1005312-WOR-AGP-TR-1817
18,00,CIVIL,Drawing,5312-00-A1-0556,1,FOUNDATION LAYOUT DRAWING AREA 5,IFT,WORLEY,1005312-WOR-AGP-TR-1817
19,00,CIVIL,Drawing,5312-00-A1-0557,0,FOUNDATION LAYOUT DRAWING AREA 6,IFT,WORLEY,1005312-WOR-AGP-TR-1817
20,00,CIVIL,Drawing,5312-00-A1-0558,0,FOUNDATION LAYOUT DRAWING AREA 7,IFT,WORLEY,1005312-WOR-AGP-TR-1817
21,00,CIVIL,Drawing,5312-00-A1-0559,0,FOUNDATION LAYOUT DRAWING AREA 8,IFT,WORLEY,1005312-WOR-AGP-TR-1817
22,00,CIVIL,Drawing,5312-00-A1-0560,0,FOUNDATION LAYOUT DRAWING AREA 9,IFT,WORLEY,1005312-WOR-AGP-TR-1817
23,00,CIVIL,Drawing,5312-00-A1-0561,1,FOUNDATION LAYOUT DRAWING AREA 10,IFT,WORLEY,1005312-WOR-AGP-TR-1817
24,00,CIVIL,Drawing,5312-00-A1-0562,1,FOUNDATION LAYOUT DRAWING AREA 11,IFT,WORLEY,1005312-WOR-AGP-TR-1817
25,00,CIVIL,Drawing,5312-00-A1-0563,0,FOUNDATION LAYOUT DRAWING AREA 12,IFT,WORLEY,1005312-WOR-AGP-TR-1784
26,00,CIVIL,Key Plan,5312-00-A1-0700,0,TOPOGRAPHIC KEY PLAN,IFT,WORLEY,1005312-WOR-AGP-TR-1696
27,00,CIVIL,Drawing,5312-00-A1-0701,0,TOPOGRAPHICAL & UG DETECTION SURVEY,IFT,WORLEY,1005312-WOR-AGP-TR-1696
28,00,CIVIL,Key Plan,5312-00-A1-0702,1,CIVIL GENERAL ARRANGEMENT - KEY PLAN,IFT,WORLEY,1005312-WOR-AGP-TR-1723
29,00,CIVIL,Drawing - General Arrangement,5312-00-A1-0703,1,GENERAL ARRANGEMENT - PAVING LAYOUT - AREA 1,IFT,WORLEY,1005312-WOR-AGP-TR-1723
30,00,CIVIL,Drawing - General Arrangement,5312-00-A1-0704,1,GENERAL ARRANGEMENT - PAVING LAYOUT - AREA 2,IFT,WORLEY,1005312-WOR-AGP-TR-1723
31,00,CIVIL,Drawing - General Arrangement,5312-00-A1-0705,1,GENERAL ARRANGEMENT PAVING LAYOUT - AREA 3,IFT,WORLEY,1005312-WOR-AGP-TR-1833
32,00,CIVIL,Drawing - General Arrangement,5312-00-A1-0706,1,GENERAL ARRANGEMENT - PAVING LAYOUT - AREA 4,IFT,WORLEY,1005312-WOR-AGP-TR-1723
33,00,CIVIL,Drawing - General Arrangement,5312-00-A1-0707,1,GENERAL ARRANGEMENT - PAVING LAYOUT - AREA 5,IFT,WORLEY,1005312-WOR-AGP-TR-1723
34,00,CIVIL,Drawing - General Arrangement,5312-00-A1-0708,1,GENERAL ARRANGEMENT - PAVING LAYOUT - AREA 6,IFT,WORLEY,1005312-WOR-AGP-TR-1723
35,00,CIVIL,Drawing - General Arrangement,5312-00-A1-0709,1,GENERAL ARRANGEMENT - PAVING LAYOUT - AREA 7,IFT,WORLEY,1005312-WOR-AGP-TR-1723
36,00,CIVIL,Drawing - General Arrangement,5312-00-A1-0710,1,GENERAL ARRANGEMENT - PAVING LAYOUT - AREA 8,IFT,WORLEY,1005312-WOR-AGP-TR-1723
37,00,CIVIL,Drawing - General Arrangement,5312-00-A1-0711,0,GENERAL ARRANGEMENT PAVING LAYOUT - AREA 9,IFT,WORLEY,1005312-WOR-AGP-TR-1833
38,00,CIVIL,Drawing - General Arrangement,5312-00-A1-0712,0,GENERAL ARRANGEMENT PAVING LAYOUT - AREA 10,IFT,WORLEY,1005312-WOR-AGP-TR-1833
39,00,CIVIL,Drawing - General Arrangement,5312-00-A1-0713,1,GENERAL ARRANGEMENT PAVING LAYOUT - AREA 11,IFT,WORLEY,1005312-WOR-AGP-TR-1833
40,00,CIVIL,Drawing,5312-00-A1-1000,0,CONCRETE WORKS - GENERAL NOTES,IFT,WORLEY,1005312-WOR-AGP-TR-0171
41,00,CIVIL,Drawing,5312-00-A1-1001,0,ROAD PAVING DETAILS,IFT,WORLEY,1005312-WOR-AGP-TR-0323
42,00,CIVIL,Drawing,5312-00-A1-1002,0,ROAD PAVING DETAILS,IFT,WORLEY,1005312-WOR-AGP-TR-0323
43,00,CIVIL,Drawing,5312-00-A1-1010,1,TYPICAL MISCELLANEOUS PLATFORM - STEEL STRUCTURE & FOUNDATION DETAILS,IFT,WORLEY,1005312-WOR-AGP-TR-1775
44,00,CIVIL,Drawing,5312-00-A1-1020,0,CROSS OVER STEEL STRUCTURE AND FOUNDATION DETAILS,IFT,WORLEY,1005312-WOR-AGP-TR-1532
45,00,CIVIL,Drawing,5312-00-A1-1030,0,GUARD HOUSE REFURBISHMENT FALSE CEILING,IFT,WORLEY,1005312-WOR-AGP-TR-1171
46,00,CIVIL,Drawing,5312-00-A1-1031,0,GUARD HOUSE REFURBISHMENT ROOF WORKS,IFT,WORLEY,1005312-WOR-AGP-TR-1171
47,00,CIVIL,Drawing,5312-00-A1-1032,0,CONTROL BUILDING REFURBISHMENT CONCRETE AND FLOOR WORKS,IFT,WORLEY,1005312-WOR-AGP-TR-1171
48,00,CIVIL,Drawing,5312-00-A1-1033,0,CONTROL BUILDING REFURBISHMENT ROOF WORKS-1 & 2,IFT,WORLEY,1005312-WOR-AGP-TR-1171
49,00,CIVIL,Drawing,5312-00-A1-1040,1,SURFACE DRAINAGE NETWORK DRAWING - LAYOUT AND DETAILS,IFT,WORLEY,1005312-WOR-AGP-TR-1305
50,00,CIVIL,Drawing,5312-00-A1-1101,0,OPERATOR SHELTER GA AND DETAILS OF FOUNDATION,IFT,WORLEY,1005312-WOR-AGP-TR-0865
51,00,CIVIL,Drawing,5312-00-A1-1102,0,OPERATOR SHELTER STRUCTURAL PLANS,IFT,WORLEY,1005312-WOR-AGP-TR-0865
52,00,CIVIL,Drawing,5312-00-A1-1103,0,OPERATOR SHELTER STRUCTURAL SECTIONS,IFT,WORLEY,1005312-WOR-AGP-TR-0865
53,00,CIVIL,Drawing,5312-00-A1-1104,1,NEW GRANULATION AREA CIVIL DEMOLITION LAYOUT,IFT,WORLEY,1005312-WOR-AGP-TR-1723
54,00,CIVIL,Drawing,5312-00-A1-1111,1,SUBSTATION-5 FOUNDATION LAYOUT AND DETAILS,IFT,WORLEY,1005312-WOR-AGP-TR-1807
55,00,CIVIL,Drawing,5312-00-A1-1112,1,SUBSTATION-5 STRUCTURAL FLOOR PLAN,IFT,WORLEY,1005312-WOR-AGP-TR-1807
56,00,CIVIL,Drawing,5312-00-A1-1113,1,SUBSTATION-5 STRUCTURAL ROOF FLOOR PLAN,IFT,WORLEY,1005312-WOR-AGP-TR-1807
57,00,CIVIL,Drawing,5312-00-A1-1114,1,SUBSTATION-5 STRUCTURAL SECTION,IFT,WORLEY,1005312-WOR-AGP-TR-1807
58,00,CIVIL,Drawing,5312-00-A1-1121,1,OPERATIONS BUILDING - FOUNDATION LAYOUT AND DETAILS,IFT,WORLEY,1005312-WOR-AGP-TR-1528
59,00,CIVIL,Drawing,5312-00-A1-1122,1,OPERATIONS BUILDING - PLINTH BEAM LAYOUT AND DETAILS,IFT,WORLEY,1005312-WOR-AGP-TR-1528
60,00,CIVIL,Drawing,5312-00-A1-1123,1,OPERATIONS BUILDING - FIRST FLOOR BEAM LAYOUT AND DETAILS,IFT,WORLEY,1005312-WOR-AGP-TR-1528
61,00,CIVIL,Drawing,5312-00-A1-1124,1,OPERATIONS BUILDING - ROOF FLOOR BEAM LAYOUT AND DETAILS,IFT,WORLEY,1005312-WOR-AGP-TR-1528
62,00,CIVIL,Drawing,5312-00-A1-2000,0,STEEL WORKS - GENERAL NOTES,IFT,WORLEY,1005312-WOR-AGP-TR-0171
63,00,CIVIL,Drawing,5312-00-A1-2051,0,STRUCTURE MAP FOR MATERIAL HANDLING STRUCTURES,IFT,WORLEY,1005312-WOR-AGP-TR-1634
64,00,CIVIL,Drawing,5312-00-A1-3000,0,CIVIL AND BUILDING WORKS - ABBREVIATIONS AND SYMBOLS,IFT,WORLEY,1005312-WOR-AGP-TR-0171
,,,,,,ELECTRICAL,,,
65,00,ELECTRICAL,Single Line Diagrams,5312-00-A0-6001,0,KEY SINGLE LINE DIAGRAM SUBSTATION 5,IFT,WORLEY,1005312-WOR-AGP-TR-1630
66,00,ELECTRICAL,Single Line Diagrams,5312-00-A0-6005,0,415V SWITCHGEAR SINGLE LINE DIAGRAM (30-PC-5001) SUBSTATION - 5,IFT,WORLEY,1005312-WOR-AGP-TR-1626
67,00,ELECTRICAL,Single Line Diagrams,5312-00-A0-6006,0,415V SWITCHGEAR SINGLE LINE DIAGRAM (30-PC-5002) SUBSTATION - 5,IFT,WORLEY,1005312-WOR-AGP-TR-1626
68,00,ELECTRICAL,Single Line Diagrams,5312-00-A0-6007,0,415V TYPICAL GRANULATOR MCC SINGLE LINE DIAGRAM SUBSTATION-5,IFT,WORLEY,1005312-WOR-AGP-TR-1609
69,00,ELECTRICAL,Single Line Diagrams,5312-00-A0-6021,0,OVERALL KEY SINGLE LINE DIAGRAM,IFT,WORLEY,1005312-WOR-AGP-TR-1643
70,00,ELECTRICAL,Drawing,5312-00-A0-6054,0,IPCS ARCHITECTURE DRAWING,IFT,WORLEY,1005312-WOR-AGP-TR-1603
71,00,ELECTRICAL,Single Line Diagrams,5312-00-A1-6004,1,METERING AND PROTECTION SLD FOR 11KV SWITCHGEAR (30-MMS-5001) SUBSTATION-5,IFT,WORLEY,1005312-WOR-AGP-TR-1626
72,00,ELECTRICAL,Single Line Diagrams,5312-00-A1-6008,0,SINGLE LINE DIAGRAM 240V AC UPS (8 HOURS BACKUP) SUBSTATION-5,IFT,WORLEY,1005312-WOR-AGP-TR-1700
73,00,ELECTRICAL,Single Line Diagrams,5312-00-A1-6009,0,SINGLE LINE DIAGRAM 240V AC UPS (30 MINUTE BACKUP) SUBSTATION-5,IFT,WORLEY,1005312-WOR-AGP-TR-1700
74,00,ELECTRICAL,Single Line Diagrams,5312-00-A1-6010,0,SINGLE LINE DIAGRAM - 110V DC UPS SUBSTATION-5,IFT,WORLEY,1005312-WOR-AGP-TR-1401
75,00,ELECTRICAL,Drawing,5312-00-A1-6016,0,LIGHTING AND SMALL POWER LAYOUT - NEW OPERATION BUILDING,IFT,WORLEY,1005312-WOR-AGP-TR-1593
76,00,ELECTRICAL,Drawing,5312-00-A1-6017,0,EARTHING LAYOUT - SUBSTATION-5,IFT,WORLEY,1005312-WOR-AGP-TR-1505
77,00,ELECTRICAL,Drawing,5312-00-A1-6018,0,LIGHTNING PROTECTION LAYOUT - SUBSTATION-5,IFT,WORLEY,1005312-WOR-AGP-TR-1505
78,00,ELECTRICAL,Drawing,5312-00-A1-6019,0,LIGHTING LAYOUT - SUBSTATION-5,IFT,WORLEY,1005312-WOR-AGP-TR-1630
79,00,ELECTRICAL,Drawing,5312-00-A1-6020,0,EQUIPMENT LAYOUT - SUBSTATION-5,IFT,WORLEY,1005312-WOR-AGP-TR-1624
80,00,ELECTRICAL,Single Line Diagrams,5312-00-A1-6022,0,SINGLE LINE DIAGRAM 11KV SWITCHGEAR SUBSTATION-2,IFT,WORLEY,1005312-WOR-AGP-TR-1628
81,00,ELECTRICAL,Single Line Diagrams,5312-00-A1-6023,0,415V SWITCHGEAR SINGLE LINE DIAGRAM (30-PC-01) SUBSTATION-1,IFT,WORLEY,1005312-WOR-AGP-TR-1609
82,00,ELECTRICAL,Single Line Diagrams,5312-00-A1-6024,0,SINGLE LINE DIAGRAM 415V LV SWITCHGEAR 54000-PC-4001 SUBSTATION-2,IFT,WORLEY,1005312-WOR-AGP-TR-1678
83,00,ELECTRICAL,Single Line Diagrams,5312-00-A1-6025,0,415V SWITCHGEAR SINGLE LINE DIAGRAM (5330-MCC-301) SUBSTATION-3,IFT,WORLEY,1005312-WOR-AGP-TR-1743
84,00,ELECTRICAL,Single Line Diagrams,5312-00-A1-6026,0,415V SWITCHGEAR SINGLE LINE DIAGRAM (5230-PC-201) SUBSTATION-4,IFT,WORLEY,1005312-WOR-AGP-TR-1729
85,00,ELECTRICAL,Drawing,5312-00-A1-6035,1,ELECTRICAL EQUIPMENT LAYOUT - SUBSTATION-1,IFT,WORLEY,1005312-WOR-AGP-TR-1725
86,00,ELECTRICAL,Drawing,5312-00-A1-6036,1,ELECTRICAL EQUIPMENT LAYOUT - SUBSTATION-2,IFT,WORLEY,1005312-WOR-AGP-TR-1753
87,00,ELECTRICAL,Drawing,5312-00-A1-6037,1,ELECTRICAL EQUIPMENT LAYOUT - SUBSTATION-3,IFT,WORLEY,1005312-WOR-AGP-TR-1753
88,00,ELECTRICAL,Drawing,5312-00-A1-6038,1,ELECTRICAL EQUIPMENT LAYOUT - SUBSTATION-4,IFT,WORLEY,1005312-WOR-AGP-TR-1753
89,00,ELECTRICAL,Drawing,5312-00-A1-6059,1,ELECTRICAL EQUIPMENT LAYOUT SUBSTATION-1 (DEMOLITION),IFT,WORLEY,1005312-WOR-AGP-TR-1710
90,00,ELECTRICAL,Drawing,5312-00-A1-6060,1,ELECTRICAL EQUIPMENT LAYOUT SUBSTATION-2 (DEMOLITION),IFT,WORLEY,1005312-WOR-AGP-TR-1753
91,00,ELECTRICAL,Drawing,5312-00-A1-6061,1,ELECTRICAL EQUIPMENT LAYOUT SUBSTATION-3 (DEMOLITION),IFT,WORLEY,1005312-WOR-AGP-TR-1756
92,00,ELECTRICAL,Drawing,5312-00-A1-6062,1,ELECTRICAL EQUIPMENT LAYOUT SUBSTATION-4 (DEMOLITION),IFT,WORLEY,1005312-WOR-AGP-TR-1710
93,00,ELECTRICAL,Drawing,5312-00-A1-6064,0,ELECTRICAL DEMOLITION LAYOUT SHIPLOADER BERTH 1 MCC 4 ELECTRICAL ROOM,IFT,WORLEY,1005312-WOR-AGP-TR-1591
94,00,ELECTRICAL,Drawing,5312-00-A3-6000,0,ELECTRICAL STANDARD INSTALLATION DRAWING FOR POWER,IFT,WORLEY,1005312-WOR-AGP-TR-0196
95,00,ELECTRICAL,Drawing,5312-00-A3-6002,0,ELECTRICAL STANDARD INSTALLATION DRAWING FOR LIGHTING,IFT,WORLEY,1005312-WOR-AGP-TR-0196
96,00,ELECTRICAL,Drawing,5312-00-A3-6003,0,ELECTRICAL STANDARD INSTALLATION DRAWING FOR EARTHING,IFT,WORLEY,1005312-WOR-AGP-TR-0196
97,00,ELECTRICAL,Single Line Diagrams,5312-00-A3-6011,1,MAIN DISTRIBUTION BOARD (30-PDB-5001) SINGLE LINE DIAGRAM - SUBSTATION-5,IFT,WORLEY,1005312-WOR-AGP-TR-1744
98,00,ELECTRICAL,Single Line Diagrams,5312-00-A3-6012,0,NORMAL LIGHTING DISTRIBUTION BOARD (30-LP-5001) SINGLE LINE DIAGRAM - SUBSTATION-5,IFT,WORLEY,1005312-WOR-AGP-TR-1148
99,00,ELECTRICAL,Single Line Diagrams,5312-00-A3-6013,0,EMERGENCY LIGHTING DISTRIBUTION BOARD (30-ELP-5001) SINGLE LINE DIAGRAM - SUBSTATION-5,IFT,WORLEY,1005312-WOR-AGP-TR-1148
100,00,ELECTRICAL,Single Line Diagrams,5312-00-A3-6014,0,SMALL POWER DISTRIBUTION BOARD (30-COP-5001) SINGLE LINE DIAGRAM - SUBSTATION-5,IFT,WORLEY,1005312-WOR-AGP-TR-1148
101,00,ELECTRICAL,Single Line Diagrams,5312-00-A3-6029,0,SINGLE LINE DIAGRAM - 110V DC UPS SUBSTATION-1,IFT,WORLEY,1005312-WOR-AGP-TR-1401
102,00,ELECTRICAL,Single Line Diagrams,5312-00-A3-6030,0,SINGLE LINE DIAGRAM 240V AC UPS (30 MINUTES AND 8 HOURS) SUBSTATION-3,IFT,WORLEY,1005312-WOR-AGP-TR-1763
103,00,ELECTRICAL,Single Line Diagrams,5312-00-A3-6031,0,SINGLE LINE DIAGRAM 240V AC UPS (30 MINUTES AND 8 HOURS) SUBSTATION-4,IFT,WORLEY,1005312-WOR-AGP-TR-1763
104,00,ELECTRICAL,Single Line Diagrams,5312-00-A3-6032,0,SINGLE LINE DIAGRAM 110V DC UPS SUBSTATION-3,IFT,WORLEY,1005312-WOR-AGP-TR-1237
105,00,ELECTRICAL,Single Line Diagrams,5312-00-A3-6033,0,SINGLE LINE DIAGRAM - 240V AC UPS (8 HOURS BACKUP) OPERATIONS BUILDING,IFT,WORLEY,1005312-WOR-AGP-TR-1756
106,00,ELECTRICAL,Single Line Diagrams,5312-00-A3-6034,1,SINGLE LINE DIAGRAM 110V DC UPS SUBSTATION-4,IFT,WORLEY,1005312-WOR-AGP-TR-1237
107,00,ELECTRICAL,Single Line Diagrams,5312-00-A3-6039,0,SINGLE LINE DIAGRAM - LIGHTING DISTRIBUTION BOARD ELDB-7 SUBSTATION-1 (ALEM SCOPE),IFT,WORLEY,1005312-WOR-AGP-TR-0841
108,00,ELECTRICAL,Single Line Diagrams,5312-00-A3-6040,0,SINGLE LINE DIAGRAM - LIGHTING DISTRIBUTION BOARD ELDB-2 SUBSTATION-1 (ALEM SCOPE),IFT,WORLEY,1005312-WOR-AGP-TR-0841
109,00,ELECTRICAL,Single Line Diagrams,5312-00-A3-6041,0,SINGLE LINE DIAGRAM - LIGHTING DISTRIBUTION BOARD 101-Z1-CC3 BERTH-1 (ALEM SCOPE),IFT,WORLEY,1005312-WOR-AGP-TR-0841
110,00,ELECTRICAL,Single Line Diagrams,5312-00-A3-6042,0,SINGLE LINE DIAGRAM - LIGHTING DISTRIBUTION BOARD ELDB-3 BERTH-1 (ALEM SCOPE),IFT,WORLEY,1005312-WOR-AGP-TR-0841
111,00,ELECTRICAL,Single Line Diagrams,5312-00-A3-6043,0,SINGLE LINE DIAGRAM - LIGHTING DISTRIBUTION BOARD ELDB-5 & ELDB-6 BERTH-1 (ALEM SCOPE),IFT,WORLEY,1005312-WOR-AGP-TR-0841
112,00,ELECTRICAL,Single Line Diagrams,5312-00-A3-6044,0,SINGLE LINE DIAGRAM LIGHTING DISTRIBUTION BOARD 5210-LP-01 & 5210-LP-02 (ALEM SCOPE),IFT,WORLEY,1005312-WOR-AGP-TR-0841
113,00,ELECTRICAL,Single Line Diagrams,5312-00-A3-6045,0,SINGLE LINE DIAGRAM SMALL POWER DISTRIBUTION BOARD 5210-CRP-01 & 5210-CRP-1002A/B (ALEM SCOPE),IFT,WORLEY,1005312-WOR-AGP-TR-0841
114,00,ELECTRICAL,Single Line Diagrams,5312-00-A3-6046,0,SINGLE LINE DIAGRAM LIGHTING DISTRIBUTION BOARD 5210-LP-1002A & 5210-LP-1002B (ALEM SCOPE),IFT,WORLEY,1005312-WOR-AGP-TR-0841
115,00,ELECTRICAL,Single Line Diagrams,5312-00-A3-6047,0,SINGLE LINE DIAGRAM MOV DISTRIBUTION BOARD 5240-MVP-01 (ALEM SCOPE),IFT,WORLEY,1005312-WOR-AGP-TR-0841
116,00,ELECTRICAL,Single Line Diagrams,5312-00-A3-6048,0,SINGLE LINE DIAGRAM SMALL POWER DISTRIBUTION BOARD 5240-CRP-02 (ALEM SCOPE),IFT,WORLEY,1005312-WOR-AGP-TR-0841
117,00,ELECTRICAL,Single Line Diagrams,5312-00-A3-6054,0,SINGLE LINE DIAGRAM - LIGHTING DISTRIBUTION BOARD 40-LP-01/02/05 (ALEM SCOPE),IFT,WORLEY,1005312-WOR-AGP-TR-0841
118,00,ELECTRICAL,Single Line Diagrams,5312-00-A3-6055,0,SINGLE LINE DIAGRAM - DISTRIBUTION BOARD 40-LP-03 (ALEM SCOPE),IFT,WORLEY,1005312-WOR-AGP-TR-0841
119,00,ELECTRICAL,Single Line Diagrams,5312-00-A3-6056,0,SINGLE LINE DIAGRAM - DISTRIBUTION BOARD 40-LP-04 (ALEM SCOPE),IFT,WORLEY,1005312-WOR-AGP-TR-0841
120,00,ELECTRICAL,Single Line Diagrams,5312-00-A3-6057,0,SINGLE LINE DIAGRAM - DISTRIBUTION BOARD 40-LP-06 (ALEM SCOPE),IFT,WORLEY,1005312-WOR-AGP-TR-0841
121,00,ELECTRICAL,Single Line Diagrams,5312-00-A3-6058,0,POWER DISTRIBUTION BOARD (30-COP-5004) SINGLE LINE DIAGRAM - OPERATOR SHELTER,IFT,WORLEY,1005312-WOR-AGP-TR-1148
122,00,ELECTRICAL,Single Line Diagrams,5312-00-A3-6072,0,SINGLE LINE DIAGRAM - AC UPS DISTRIBUTION BOARD (30-UPSDB-0001) SUBSTATION-1,IFT,WORLEY,1005312-WOR-AGP-TR-1704
123,00,ELECTRICAL,Single Line Diagrams,5312-00-A3-6078,0,MAIN DISTRIBUTION BOARD (5230-PDB-0005) SINGLE LINE DIAGRAM - SUBSTATION-4,IFT,WORLEY,1005312-WOR-AGP-TR-1558
124,00,ELECTRICAL,Single Line Diagrams,5312-00-A3-6082,0,MAIN DISTRIBUTION BOARD (5230-MLFB-0005) SINGLE LINE DIAGRAM - SUBSTATION-4,IFT,WORLEY,1005312-WOR-AGP-TR-1558
,,,,,,HVAC,,,
125,00,HVAC,Drawing,5312-00-A1-4601,0,HVAC AIR FLOW SCHEMATIC FOR SUBSTATION-5,IFT,WORLEY,1005312-WOR-AGP-TR-0989
126,00,HVAC,Drawing,5312-00-A1-4602,1,HVAC AIR FLOW SCHEMATIC FOR OPERATION BUILDING,IFT,WORLEY,1005312-WOR-AGP-TR-1717
127,00,HVAC,Drawing,5312-00-A1-4603,1,HVAC AIR FLOW SCHEMATIC FOR OPERATOR SHELTER,IFT,WORLEY,1005312-WOR-AGP-TR-1069
128,00,HVAC,Drawing,5312-00-A1-4604,0,CHILLED WATER SCHEMATIC SUB STATION-5 BUILDING (SS-5),IFT,WORLEY,1005312-WOR-AGP-TR-0951
129,00,HVAC,Drawing,5312-00-A1-4605,1,CHILLED WATER SCHEMATIC - OPERATION BUILDING,IFT,WORLEY,1005312-WOR-AGP-TR-1670
130,00,HVAC,Drawing,5312-00-A1-4651,0,SUBSTATION-5 HVAC LAYOUT,IFT,WORLEY,1005312-WOR-AGP-TR-0989
131,00,HVAC,Drawing,5312-00-A1-4652,0,SUBSTATION-5 HVAC LAYOUT SECTION,IFT,WORLEY,1005312-WOR-AGP-TR-0989
132,00,HVAC,Drawing,5312-00-A1-4653,0,OPERATIONS BUILDING - HVAC LAYOUT,IFT,WORLEY,1005312-WOR-AGP-TR-1721
133,00,HVAC,Drawing,5312-00-A1-4654,0,OPERATIONS BUILDING - HVAC ROOF PLAN & SECTION,IFT,WORLEY,1005312-WOR-AGP-TR-1721
134,00,HVAC,Drawing,5312-00-A1-4655,1,OPERATOR SHELTER HVAC LAYOUT,IFT,WORLEY,1005312-WOR-AGP-TR-1069
135,00,HVAC,Drawing,5312-00-A1-4656,1,OPERATOR SHELTER HVAC SECTION,IFT,WORLEY,1005312-WOR-AGP-TR-1069
136,00,HVAC,Drawing,5312-00-A1-4657,0,CHILLED WATER PIPEWORK LAYOUT - SUBSTATION BUILDING (SS-5),IFT,WORLEY,1005312-WOR-AGP-TR-0951
137,00,HVAC,Drawing,5312-00-A1-4658,1,CHILLED WATER PIPEWORK LAYOUT - OPERATION BUILDING,IFT,WORLEY,1005312-WOR-AGP-TR-1670
138,00,HVAC,Drawing,5312-00-A3-4607,2,HVAC LEGENDS & SYMBOLS,IFT,WORLEY,1005312-WOR-AGP-TR-1717
,,,,,,INSTRUMENTATION & CONTROL,,,
139,00,INSTRUMENTATION,Key Plan,5312-00-A1-7080,0,OVERALL INSTRUMENT & JB LOCATION KEY PLAN,IFT,WORLEY,1005312-WOR-AGP-TR-1445
140,00,INSTRUMENTATION,Drawing,5312-00-A1-7081,0,INSTRUMENT CABLE TRAY AND TRENCH LAYOUT - OVERALL AREA,IFT,WORLEY,1005312-WOR-AGP-TR-1471
141,00,INSTRUMENTATION,Drawing,5312-00-A3-7000,0,TYPICAL INSTRUMENT INSTALLATION DRAWINGS,IFT,WORLEY,1005312-WOR-AGP-TR-0851
142,00,INSTRUMENTATION,Drawing,5312-00-A3-7001,0,TYPICAL INSTRUMENT HOOKUP DRAWINGS,IFT,WORLEY,1005312-WOR-AGP-TR-0990
143,00,INSTRUMENTATION,Loop Diagram,5312-00-A3-7002,0,TYPICAL INSTRUMENT LOOP DIAGRAMS,IFT,WORLEY,1005312-WOR-AGP-TR-0971
144,00,INSTRUMENTATION,Drawing,5312-00-A3-7011,1,EQUIPMENT ROOM LAYOUT - SS05 INSTRUMENT TECHNICAL ROOM,IFT,WORLEY,1005312-WOR-AGP-TR-1739
145,00,INSTRUMENTATION,Drawing,5312-00-A3-7012,1,INSTRUMENTATION EQUIPMENT ROOM LAYOUT - SS02 INSTRUMENT TECHNICAL ROOM,IFT,WORLEY,1005312-WOR-AGP-TR-1692
146,00,INSTRUMENTATION,Drawing,5312-00-A3-7013,0,INSTRUMENTATION EQUIPMENT ROOM LAYOUT - MAIN CONTROL BUILDING INSRUMENT TECHNICAL ROOM,IFT,WORLEY,1005312-WOR-AGP-TR-1692
147,00,INSTRUMENTATION,Drawing,5312-00-A3-7014,0,INSTRUMENTATION EQUIPMENT ROOM LAYOUT - SS04 INSTRUMENT TECHNICAL ROOM,IFT,WORLEY,1005312-WOR-AGP-TR-1821
148,00,INSTRUMENTATION,Block Diagram,5312-00-A3-7021,1,INSTRUMENT SYSTEM INTERFACE BLOCK DIAGRAM,IFT,WORLEY,1005312-WOR-AGP-TR-0953
149,00,INSTRUMENTATION,Block Diagram,5312-00-A3-7022,0,INSTRUMENT FGS INTERFACE BLOCK DIAGRAM,IFT,WORLEY,1005312-WOR-AGP-TR-1778
150,00,INSTRUMENTATION,Drawing,5312-00-A3-7023,0,OVERALL ICSS ARCHITECTURE,IFT,WORLEY,1005312-WOR-AGP-TR-1781
151,00,INSTRUMENTATION,Drawing,5312-00-A3-7024,0,FIRE ALARM CONTROL PANEL SYSTEM ARCHITECTURE DIAGRAM,IFT,WORLEY,1005312-WOR-AGP-TR-1747
152,00,INSTRUMENTATION,Lists & Schedules,5312-00-A3-7032,0,F&G INSTRUMENT INDEX - OPERATIONS BUILDING/SUBSTATION-05/OPERATOR SHELTER,IFT,WORLEY,1005312-WOR-AGP-TR-1728
153,00,INSTRUMENTATION,Material Take off,5312-00-A3-7036,0,MATERIAL TAKE-OFFS (MTO) - INSTRUMENTATION AND CONTROL,IFT,WORLEY,1005312-WOR-AGP-TR-1524
154,00,INSTRUMENTATION,Lists & Schedules,5312-00-A3-7042,0,INPUT OUTPUT LIST (FGS) - OPERATIONS BUILDING/SUBSTATION-05/OPERATOR SHELTER,IFT,WORLEY,1005312-WOR-AGP-TR-1821
155,00,INSTRUMENTATION,Block Diagram,5312-00-A3-7051,0,FIRE & GAS CABLE BLOCK DIAGRAM (UNIT 00 - BUILDINGS),IFT,WORLEY,1005312-WOR-AGP-TR-1821
156,00,INSTRUMENTATION,Cable Schedule,5312-00-A3-7061,0,"INSTRUMENT CABLE SCHEDULE - OPERATION BUILDING, OPERATION SHELTER & SS-05",IFT,WORLEY,1005312-WOR-AGP-TR-1551
157,00,INSTRUMENTATION,Lists & Schedules,5312-00-A3-7065,0,LIST OF INSTRUMENT CABLES (30 YEARS OLD),IFT,WORLEY,1005312-WOR-AGP-TR-1821
,,,,,,PIPING,,,
158,00,PIPING,Drawing,5312-00-A0-0501,1,EQUIPMENT LOCATION PLAN - OLD DOME AND NORTH GRANULATION AREA,IFT,WORLEY,1005312-WOR-AGP-TR-1106
159,00,PIPING,Drawing,5312-00-A0-0502,1,EQUIPMENT LOCATION PLAN - EXISTING LIQUID SULPHUR TANKS AND SOUTH GRANULATION AREA,IFT,WORLEY,1005312-WOR-AGP-TR-1106
160,00,PIPING,Drawing,5312-00-A0-0504,1,EQUIPMENT LOCATION PLAN - NEW SULPHUR TANKS AND GRANULATION AREA,IFT,WORLEY,1005312-WOR-AGP-TR-1212
161,00,PIPING,Drawing,5312-00-A0-0505,0,EQUIPMENT LOCATION PLAN - SUBSTATION-5 AND NEW FIRE WATER TANK AREA,IFT,WORLEY,1005312-WOR-AGP-TR-0914
162,00,PIPING,Drawing,5312-00-A0-0506,0,PIPING TIE-IN LOCATION PLAN - SULPHUR HANDLING TERMINAL-1,IFT,WORLEY,1005312-WOR-AGP-TR-1106
163,00,PIPING,Drawing,5312-00-A0-0507,0,EQUIPMENT LOCATION PLAN - NEW DOME AREA,IFT,WORLEY,1005312-WOR-AGP-TR-1106
164,00,PIPING,Drawing,5312-00-A0-1501,2,EQUIPMENT LOCATION PLAN - DRAWING NO. 1 (DEMOLITION),IFT,WORLEY,1005312-WOR-AGP-TR-1071
165,00,PIPING,Drawing,5312-00-A0-1502,2,EQUIPMENT LOCATION PLAN - DRAWING NO. 2 (DEMOLITION),IFT,WORLEY,1005312-WOR-AGP-TR-1071
166,00,PIPING,Drawing - General Arrangement,5312-00-A0-5002,0,"FIREWATER PIPING GENERAL ARRANGEMENT (AG/UG), SUBSTATION-5 AND NEW FIRE WATER TANK AREA (DEMOLITION)",IFT,WORLEY,1005312-WOR-AGP-TR-1787
167,00,PIPING,Drawing - General Arrangement,5312-00-A0-5003,0,"FIREWATER PIPING GENERAL ARRANGEMENT (AG/UG), NEW GRANULATOR AREA (DEMOLITION)",IFT,WORLEY,1005312-WOR-AGP-TR-1787
168,00,PIPING,Drawing - General Arrangement,5312-00-A0-5004,0,"FIREWATER PIPING GENERAL ARRANGEMENT (AG/UG), NEW DOME AND LINEAR STORAGE AREA (DEMOLITION)",IFT,WORLEY,1005312-WOR-AGP-TR-1787
169,00,PIPING,Drawing - General Arrangement,5312-00-A0-5005,0,FIREWATER PIPING GENERAL ARRANGEMENT (AG/UG) SUBSTATION-5 AND NEW FIRE WATER TANK AREA,IFT,WORLEY,1005312-WOR-AGP-TR-1755
170,00,PIPING,Drawing - General Arrangement,5312-00-A0-5006,0,FIREWATER PIPING GENERAL ARRANGEMENT (AG/UG) NEW GRANULATION AREA,IFT,WORLEY,1005312-WOR-AGP-TR-1757
171,00,PIPING,Drawing - General Arrangement,5312-00-A0-5007,0,FIREWATER PIPING GENERAL ARRANGEMENT (AG/UG) NEW DOME AND LINEAR STORAGE AREA,IFT,WORLEY,1005312-WOR-AGP-TR-1755
172,00,PIPING,Drawing - General Arrangement,5312-00-A0-5008,0,"FIREWATER PIPING GENERAL ARRANGEMENT (AG/UG) NEW SULPHUR TANKS,NEW DOME AND LINEAR,STORAGE AREA",IFT,WORLEY,1005312-WOR-AGP-TR-1755
173,00,PIPING,Drawing - General Arrangement,5312-00-A0-5009,0,FIREWATER PIPING GENERAL ARRANGEMENT (AG/UG) LINEAR STORAGE AND NEW GRANULATION AREA,IFT,WORLEY,1005312-WOR-AGP-TR-1755
174,00,PIPING,Drawing - General Arrangement,5312-00-A0-5010,0,FIREWATER PIPING GENERAL ARRANGEMENT (AG/UG) SHIP LOADING AND BEARTH-1 AREA,IFT,WORLEY,1005312-WOR-AGP-TR-1755
175,00,PIPING,Drawing - General Arrangement,5312-00-A0-5011,0,"FIREWATER PIPING GENERAL ARRANGEMENT (AG/UG), NEW SUPPHUR TANKS, NEW DOME AND LINEAR STORAGE AREA (DEMOLITION)",IFT,WORLEY,1005312-WOR-AGP-TR-1787
176,00,PIPING,Drawing - General Arrangement,5312-00-A0-5012,0,"FIREWATER PIPING GENERAL ARRANGEMENT (AG/UG), LINEAR STORAGE AND NEW GRANULATOR AREA (DEMOLITION)",IFT,WORLEY,1005312-WOR-AGP-TR-1787
177,00,PIPING,Drawing - General Arrangement,5312-00-A0-5013,0,FIREWATER PIPING GENERAL ARRANGEMENT (AG/UG) SECTION,IFT,WORLEY,1005312-WOR-AGP-TR-1772
178,00,PIPING,Drawing - General Arrangement,5312-00-A0-5014,0,"FIREWATER PIPING GENERAL ARRANGEMENT (AG/UG), OLD DOME AREA (DEMOLITION)",IFT,WORLEY,1005312-WOR-AGP-TR-1675
179,00,PIPING,Drawing - General Arrangement,5312-00-A0-5015,0,"FIREWATER PIPING GENERAL ARRANGEMENT (AG/UG), NORTH GRANULATION AND LINEAR STORAGE AREA (DEMOLITION)",IFT,WORLEY,1005312-WOR-AGP-TR-1675
180,00,PIPING,Drawing - General Arrangement,5312-00-A0-5016,0,"FIREWATER PIPING GENERAL ARRANGEMENT (AG/UG), LINEAR STORAGE AND TRUCK UNLOADING AREA (DEMOLITION)",IFT,WORLEY,1005312-WOR-AGP-TR-1675
181,00,PIPING,Drawing - General Arrangement,5312-00-A0-5017,0,"FIREWATER PIPING GENERAL ARRANGEMENT (AG/UG), SOUTH GRANULATION AREA (DEMOLITION)",IFT,WORLEY,1005312-WOR-AGP-TR-1675
182,00,PIPING,Drawing - General Arrangement,5312-00-A0-5018,0,FIREWATER PIPING GENERAL ARRANGEMENT (AG/UG) SECTION,IFT,WORLEY,1005312-WOR-AGP-TR-1772
183,00,PIPING,Drawing - General Arrangement,5312-00-A0-5019,0,FIREWATER PIPING GENERAL ARRANGEMENT (AG/UG) OLD DOME AREA,IFT,WORLEY,1005312-WOR-AGP-TR-1755
184,00,PIPING,Drawing - General Arrangement,5312-00-A0-5020,0,"FIREWATER PIPING GENERAL ARRANGEMENT (AG/UG), OLD DOME AREA (DEMOLITION)",IFT,WORLEY,1005312-WOR-AGP-TR-1675
185,00,PIPING,Drawing - General Arrangement,5312-00-A0-5021,0,"FIREWATER PIPING GENERAL ARRANGEMENT (AG/UG), PROCESS WATER AND POTABLE WATER AREA (DEMOLITION)",IFT,WORLEY,1005312-WOR-AGP-TR-1675
186,00,PIPING,Drawing - General Arrangement,5312-00-A0-5022,0,FIREWATER PIPING GENERAL ARRANGEMENT (AG/UG) NORTH GRANULATION AND LINEAR STORAGE AREA,IFT,WORLEY,1005312-WOR-AGP-TR-1755
187,00,PIPING,Drawing - General Arrangement,5312-00-A0-5023,0,FIREWATER PIPING GENERAL ARRANGEMENT (AG/UG) LINEAR STORAGE AND TRUCK UNLOADING AREA,IFT,WORLEY,1005312-WOR-AGP-TR-1755
188,00,PIPING,Drawing - General Arrangement,5312-00-A0-5024,0,FIREWATER PIPING GENERAL ARRANGEMENT (AG/UG) SOUTH GRANULATION AREA,IFT,WORLEY,1005312-WOR-AGP-TR-1755
189,00,PIPING,Drawing - General Arrangement,5312-00-A0-5025,0,FIREWATER PIPING GENERAL ARRANGEMENT (AG/UG) SHIP LOADING AND BEARTH-1 AREA,IFT,WORLEY,1005312-WOR-AGP-TR-1755
190,00,PIPING,Drawing - General Arrangement,5312-00-A0-5026,0,FIREWATER PIPING GENERAL ARRANGEMENT (AG/UG) OLD DOME AREA,IFT,WORLEY,1005312-WOR-AGP-TR-1755
191,00,PIPING,Drawing - General Arrangement,5312-00-A0-5027,0,FIREWATER PIPING GENERAL ARRANGEMENT (AG/UG) PROCESS WATER AND PORTABLE WATER AREA,IFT,WORLEY,1005312-WOR-AGP-TR-1755
192,00,PIPING,Drawing - General Arrangement,5312-00-A0-5028,0,FIREWATER PIPING GENERAL ARRANGEMENT (AG/UG) NEW OPERATION BUILDING AREA,IFT,WORLEY,1005312-WOR-AGP-TR-1755
193,00,PIPING,Drawing - General Arrangement,5312-00-A0-5029,0,FIREWATER PIPING GENERAL ARRANGEMENT (AG/UG) EXISTING FIREWATER TANK AREA,IFT,WORLEY,1005312-WOR-AGP-TR-1755
194,00,PIPING,Drawing - General Arrangement,5312-00-A0-5030,0,"FIREWATER PIPING GENERAL ARRANGEMENT (AG/UG), NEW OPERATION BUILDING AREA (DEMOLITION)",IFT,WORLEY,1005312-WOR-AGP-TR-1675
195,00,PIPING,Drawing - General Arrangement,5312-00-A0-5031,0,"FIREWATER PIPING GENERAL ARRANGEMENT (AG/UG), EXISTING FIRE WATER TANK AREA (DEMOLITION)",IFT,WORLEY,1005312-WOR-AGP-TR-1675
196,00,PIPING,Drawing - General Arrangement,5312-00-A0-5032,0,FIREWATER PIPING GENERAL ARRANGEMENT (AG/UG) NEW DOME AREA,IFT,WORLEY,1005312-WOR-AGP-TR-1757
197,00,PIPING,Drawing - General Arrangement,5312-00-A0-5033,0,"FIREWATER PIPING GENERAL ARRANGEMENT (AG/UG), NEW DOME AREA (DEMOLITION)",IFT,WORLEY,1005312-WOR-AGP-TR-1787
198,00,PIPING,Drawing - General Arrangement,5312-00-A0-5052,0,PIPING GENERAL ARRANGEMENT PIPE RACK - PR 25 AND PR 26 N 210.500 TO N 273.500,IFT,WORLEY,1005312-WOR-AGP-TR-1726
199,00,PIPING,Drawing - General Arrangement,5312-00-A0-5053,0,PIPING GENERAL ARRANGEMENT PIPE RACK - PR 23 AND PR 24 N 149.500 TO N 210.500,IFT,WORLEY,1005312-WOR-AGP-TR-1726
200,00,PIPING,Drawing - General Arrangement,5312-00-A0-5054,0,PIPING GENERAL ARRANGEMENT PIPE RACK - PR 21 AND PR 22 N 86.500 TO N 149.500,IFT,WORLEY,1005312-WOR-AGP-TR-1726
201,00,PIPING,Drawing - General Arrangement,5312-00-A0-5055,0,PIPING GENERAL ARRANGEMENT PIPE RACK - PR 19 AND PR 20 N 23.500 TO N 86.500,IFT,WORLEY,1005312-WOR-AGP-TR-1726
202,00,PIPING,Drawing - General Arrangement,5312-00-A0-5056,0,PIPING GENERAL ARRANGEMENT PIPE RACK - PR 17 AND PR 18 S 41.500 TO N 23.500,IFT,WORLEY,1005312-WOR-AGP-TR-1726
203,00,PIPING,Drawing - General Arrangement,5312-00-A0-5057,0,PIPING GENERAL ARRANGEMENT PIPE RACK - PR 16 S 41.500 TO S 105.500,IFT,WORLEY,1005312-WOR-AGP-TR-1726
204,00,PIPING,Drawing - General Arrangement,5312-00-A0-5058,0,PIPING GENERAL ARRANGEMENT PIPE RACK - PR 14 AND PR 15 S 105.500 TO S 168.000,IFT,WORLEY,1005312-WOR-AGP-TR-1726
205,00,PIPING,Drawing - General Arrangement,5312-00-A0-5059,0,PIPING GENERAL ARRANGEMENT PIPE RACK - PR 13 E 130.00 TO E 193.250,IFT,WORLEY,1005312-WOR-AGP-TR-1726
206,00,PIPING,Drawing - General Arrangement,5312-00-A0-5060,0,PIPING GENERAL ARRANGEMENT PIPE RACK - PR 11 AND PR 12 E 193.250 TO E 255.000,IFT,WORLEY,1005312-WOR-AGP-TR-1726
207,00,PIPING,Drawing - General Arrangement,5312-00-A0-5061,0,PIPING GENERAL ARRANGEMENT PIPE RACK - PR 10 S 104.500 TO S 168.000,IFT,WORLEY,1005312-WOR-AGP-TR-1676
208,00,PIPING,Drawing - General Arrangement,5312-00-A0-5062,0,PIPING GENERAL ARRANGEMENT PIPE RACK - PR 08 AND PR 09 S 41.500 TO S 104.500,IFT,WORLEY,1005312-WOR-AGP-TR-1726
209,00,PIPING,Drawing - General Arrangement,5312-00-A0-5063,0,PIPING GENERAL ARRANGEMENT PIPE RACK - PR 06 AND PR 07 S 22.750 TO S 41.500,IFT,WORLEY,1005312-WOR-AGP-TR-1726
210,00,PIPING,Drawing - General Arrangement,5312-00-A0-5064,0,PIPING GENERAL ARRANGEMENT PIPE RACK - PR 04 AND PR 05 E 241.500 TO E 321.500,IFT,WORLEY,1005312-WOR-AGP-TR-1726
211,00,PIPING,Drawing - General Arrangement,5312-00-A0-5065,0,PIPING GENERAL ARRANGEMENT PIPE RACK - PR 01 AND PR 02 E 321.500 TO E 401.500,IFT,WORLEY,1005312-WOR-AGP-TR-1726
212,00,PIPING,Drawing - General Arrangement,5312-00-A0-5066,0,PIPING GENERAL ARRANGEMENT WASTE WATER N 369.500 TO N 155.200,IFT,WORLEY,1005312-WOR-AGP-TR-1726
213,00,PIPING,Drawing - General Arrangement,5312-00-A0-5067,0,PIPING GENERAL ARRANGEMENT WASTE WATER N 369.500 TO S 115.985,IFT,WORLEY,1005312-WOR-AGP-TR-1726
214,00,PIPING,Drawing - General Arrangement,5312-00-A0-5068,0,PIPING GENERAL ARRANGEMENT WASTE WATER S 89.985 TO S 115.985,IFT,WORLEY,1005312-WOR-AGP-TR-1726
215,00,PIPING,Drawing - General Arrangement,5312-00-A0-5069,0,PIPING GENERAL ARRANGEMENT NEW PIPE RACK SECTIONS,IFT,WORLEY,1005312-WOR-AGP-TR-1726
216,00,PIPING,Drawing - General Arrangement,5312-00-A0-5070,0,PIPING GENERAL ARRANGEMENT NEW PIPE RACK SECTIONS,IFT,WORLEY,1005312-WOR-AGP-TR-1726
217,00,PIPING,Drawing - General Arrangement,5312-00-A0-5071,0,PIPING GENERAL ARRANGEMENT PIPE RACK - PR 01 AND PR 02 E 321.500 TO E 401.500,IFT,WORLEY,1005312-WOR-AGP-TR-1726
218,00,PIPING,Drawing - General Arrangement,5312-00-A0-5072,0,PIPING GENERAL ARRANGEMENT PIPE RACK - PR 01 AND PR 02 E 321.500 TO E 401.500,IFT,WORLEY,1005312-WOR-AGP-TR-1726
219,00,PIPING,Drawing - General Arrangement,5312-00-A0-5073,0,PIPING GENERAL ARRANGEMENT - NATURAL GAS AND NITROGEN PLAN AT EL. +6.200 TO EL. +18.400,IFT,WORLEY,1005312-WOR-AGP-TR-1802
220,00,PIPING,Drawing - General Arrangement,5312-00-A0-5074,0,"PIPING GENERAL ARRANGEMENT - NATURAL GAS, NITROGEN, VENT, BLOWDOWN PLAN AT EL. +6.200 TO EL. +18.400",IFT,WORLEY,1005312-WOR-AGP-TR-1802
221,00,PIPING,Drawing - General Arrangement,5312-00-A0-5075,0,"PIPING GENERAL ARRANGEMENT - NATURAL GAS, NITROGEN, VENT AND BLOWDOWN LINE (DEMOLITION)",IFT,WORLEY,1005312-WOR-AGP-TR-1802
222,00,PIPING,Plot Plan,5312-00-A1-0500,2,OVERALL PLOT PLAN - SULPHUR HANDLING TERMINAL-1,IFT,WORLEY,1005312-WOR-AGP-TR-1308
223,00,PIPING,Key Plan,5312-00-A1-0503,1,EQUIPMENT LOCATION KEY PLAN,IFT,WORLEY,1005312-WOR-AGP-TR-0840
224,00,PIPING,Plot Plan,5312-00-A1-1500,1,OVERALL PLOT PLAN SULPHUR HANDLING TERMINAL (DEMOLITION),IFT,WORLEY,1005312-WOR-AGP-TR-1072
225,00,PIPING,Key Plan,5312-00-A1-5001,1,FIREWATER PIPING GENERAL ARRANGEMENT (AG/UG) - KEY PLAN,IFT,WORLEY,1005312-WOR-AGP-TR-1664
226,00,PIPING,Drawing,5312-00-A1-5038,1,STANDARD DRAWING (STD-1481-001-015)-FIRE SYSTEM PILLAR HYDRANT TYPICAL INSTALLATION FOR UNDERGROUND GRE PIPING SYSTEM,IFT,WORLEY,1005312-WOR-AGP-TR-1782
227,00,PIPING,Drawing,5312-00-A1-5039,1,STANDARD DRAWING (STD-1481-001-016)-FIRE SYSTEM MONITOR HAND OPERATED TYP. INSTALLATION FOR UNDERGROUND GRE PIPING SYSTEM,IFT,WORLEY,1005312-WOR-AGP-TR-1782
228,00,PIPING,Key Plan,5312-00-A1-5051,1,ABOVEGROUND PIPING ARRANGEMENT KEY PLAN,IFT,WORLEY,1005312-WOR-AGP-TR-1179
229,00,PIPING,Drawing,5312-00-A3-5037,1,PIPING TIE-IN SKETCHES - SULPHUR HANDLING TERMINAL-1,IFT,WORLEY,1005312-WOR-AGP-TR-1785
230,00,PIPING,Drawing,5312-00-A4-5040,0,PIPE SUPPORT DETAIL DRAWINGS,IFT,WORLEY,1005312-WOR-AGP-TR-1730
,,,,,,PROCESS ,,,
231,00,PROCESS,Block Diagram,5312-00-A1-00001,1,BLOCK FLOW DIAGRAM - LIQUID SULPHUR & GRANULATION FACILITIES UNIT 30 & 40 AND TRANSFER & STORAGE FACILITIES UNIT 10 & 20,IFT,WORLEY,1005312-WOR-AGP-TR-0184
232,00,PROCESS,Drawing,5312-00-A1-0001,0,P&ID - LEGEND SHEET RUWAIS PIPING LEGEND,IFT,WORLEY,1005312-WOR-AGP-TR-0995
233,00,PROCESS,Drawing,5312-00-A1-0002,0,P&ID - LEGEND SHEET RUWAIS INSTRUMENT LEGEND,IFT,WORLEY,1005312-WOR-AGP-TR-0995
234,00,PROCESS,Drawing,5312-00-A1-0003,0,P&ID - LEGEND SHEET RUWAIS INSTRUMENT LEGEND,IFT,WORLEY,1005312-WOR-AGP-TR-0995
235,00,PROCESS,Drawing,5312-00-A1-0004,0,P&ID - LEGEND SHEET RUWAIS INSTRUMENT LEGEND,IFT,WORLEY,1005312-WOR-AGP-TR-0995
236,00,PROCESS,Drawing,5312-00-A1-0005,0,P&ID - LEGEND SHEET RUWAIS EQUIPMENT LEGEND,IFT,WORLEY,1005312-WOR-AGP-TR-0995
237,00,PROCESS,Drawing,5312-00-A1-0006,0,P&ID - LEGEND SHEET RUWAIS EQUIPMENT LEGEND,IFT,WORLEY,1005312-WOR-AGP-TR-0995
,,,,,,SAFETY & RISK,,,
238,00,SAFETY,Drawing,5312-00-A1-9004,0,OVERALL HAZARDOUS AREA CLASSIFICATION LAYOUT - SULPHUR HANDLING TERMINAL-1,IFT,WORLEY,1005312-WOR-AGP-TR-0985
239,00,SAFETY,Drawing,5312-00-A1-9005,1,ESCAPE ROUTE LAYOUT SULPHUR HANDLING TERMINAL-1,IFT,WORLEY,1005312-WOR-AGP-TR-1760
240,00,SAFETY,Drawing,5312-00-A1-9006,1,"FIRE PROTECTION, SAFETY EQUIPMENT & SAFETY SIGN LAYOUT  SULPHUR HANDLING TERMINAL -1 (EXISTING AREA)",IFT,WORLEY,1005312-WOR-AGP-TR-1514
241,00,SAFETY,Drawing,5312-00-A1-9007,1,FIRE & GAS DETECTION LAYOUT (NEW AREA) AND OPERATOR SHELTER (NEW AREA),IFT,WORLEY,1005312-WOR-AGP-TR-1698
242,00,SAFETY,Drawing,5312-00-A1-9010,1,"FIRE PROTECTION, SAFETY EQUIPMENT & SAFETY SIGN LAYOUT  SULPHUR HANDLING TERMINAL -1 (NEW AREA)",IFT,WORLEY,1005312-WOR-AGP-TR-1514
243,00,SAFETY,Drawing,5312-00-A1-9019,0,FIREWATER SYSTEM LAYOUT,IFT,WORLEY,1005312-WOR-AGP-TR-1711
244,00,SAFETY,Drawing,5312-00-A3-9000,1,FIRE & GAS DETECTION LAYOUT SUBSTATION-5,IFT,WORLEY,1005312-WOR-AGP-TR-1313
245,00,SAFETY,Drawing,5312-00-A3-9001,0,"ESCAPE ROUTE, MUSTER STATION & SAFETY SIGN LAYOUT SUBSTATION-5",IFT,WORLEY,1005312-WOR-AGP-TR-0901
246,00,SAFETY,Drawing,5312-00-A3-9002,0,FIREFIGHTING & SAFETY EQUIPMENT LAYOUT - SUBSTATION-5,IFT,WORLEY,1005312-WOR-AGP-TR-0969
247,00,SAFETY,Drawing,5312-00-A3-9008,0,OPERATIONS BUILDING - FIRE & GAS DETECTION LAYOUT,IFT,WORLEY,1005312-WOR-AGP-TR-1281
248,00,SAFETY,Drawing,5312-00-A3-9009,0,"OPERATIONS BUILDING ESCAPE ROUTE, MUSTER STATION & SAFETY SIGN LAYOUT",IFT,WORLEY,1005312-WOR-AGP-TR-0969
,,,,,,TELECOM,,,
249,00,TELECOM,Drawing,5312-00-A0-7711,0,TELECOM EQUIPMENT LAYOUT - EXISTING LIQUID SULPHUR TANKS AND SOUTH GRANULATION AREA,IFT,WORLEY,1005312-WOR-AGP-TR-1289
250,00,TELECOM,Drawing,5312-00-A0-7712,0,TELECOM EQUIPMENT LAYOUT - NEW SULPHUR TANKS AND GRANULATION AREA,IFT,WORLEY,1005312-WOR-AGP-TR-1289
251,00,TELECOM,Drawing,5312-00-A0-7713,0,TELECOM EQUIPMENT LAYOUT - SUBSTATION 05 AND FIRE WATER TANK AREA,IFT,WORLEY,1005312-WOR-AGP-TR-1289
252,00,TELECOM,Drawing,5312-00-A0-7714,0,TELECOM EQUIPMENT LAYOUT - NEW DOME AREA,IFT,WORLEY,1005312-WOR-AGP-TR-1289
253,00,TELECOM,Drawing,5312-00-A0-7715,0,TELECOM EQUIPMENT LAYOUT - OLD DOME AND NORTH GRANULATION AREA,IFT,WORLEY,1005312-WOR-AGP-TR-1289
254,00,TELECOM,Key Plan,5312-00-A1-7700,0,TELECOM MAIN CABLE ROUTING LAYOUT,IFT,WORLEY,1005312-WOR-AGP-TR-1369
255,00,TELECOM,Drawing,5312-00-A1-7701,0,TELECOM EQUIPMENT LAYOUT - SUBSTATION 05,IFT,WORLEY,1005312-WOR-AGP-TR-1764
256,00,TELECOM,Drawing,5312-00-A1-7702,0,TELECOM EQUIPMENT LAYOUT - OPERATIONS BUILDING,IFT,WORLEY,1005312-WOR-AGP-TR-1774
257,00,TELECOM,Drawing,5312-00-A1-7703,1,TELECOM EQUIPMENT LAYOUT - OPERATOR SHELTER,IFT,WORLEY,1005312-WOR-AGP-TR-1764
258,00,TELECOM,Drawing,5312-00-A1-7704,0,TELECOM CABLE ROUTING LAYOUT - SUBSTATION 05,IFT,WORLEY,1005312-WOR-AGP-TR-1774
259,00,TELECOM,Drawing,5312-00-A1-7705,0,TELECOM CABLE ROUTING LAYOUT - OPERATIONS BUILDING,IFT,WORLEY,1005312-WOR-AGP-TR-1774
260,00,TELECOM,Drawing,5312-00-A1-7706,1,TELECOM CABLE ROUTING LAYOUT - OPERATOR SHELTER,IFT,WORLEY,1005312-WOR-AGP-TR-1774
261,00,TELECOM,Block Diagram,5312-00-A3-7700,0,CCTV SYSTEM BLOCK DIAGRAM,IFT,WORLEY,1005312-WOR-AGP-TR-0918
262,00,TELECOM,Block Diagram,5312-00-A3-7701,0,PUBLIC ADDRESS SYSTEM BLOCK DIAGRAM,IFT,WORLEY,1005312-WOR-AGP-TR-1416
263,00,TELECOM,Block Diagram,5312-00-A3-7702,0,RADIO COMMUNICATION SYSTEM BLOCK DIAGRAM,IFT,WORLEY,1005312-WOR-AGP-TR-1289
264,00,TELECOM,Block Diagram,5312-00-A3-7703,0,ACCESS CONTROL SYSTEM BLOCK DIAGRAM,IFT,WORLEY,1005312-WOR-AGP-TR-1173
265,00,TELECOM,Block Diagram,5312-00-A3-7704,0,STRUCTURED CABLING SYSTEM BLOCK DIAGRAM,IFT,WORLEY,1005312-WOR-AGP-TR-1265
266,00,TELECOM,Block Diagram,5312-00-A3-7705,0,TELEPHONE SYSTEM BLOCK DIAGRAM,IFT,WORLEY,1005312-WOR-AGP-TR-1258
267,00,TELECOM,Block Diagram,5312-00-A3-7706,0,LAN DATA NETWORK BLOCK DIAGRAM,IFT,,1005312-WOR-AGP-TR-1258
268,00,TELECOM,Drawing,5312-00-A3-7707,0,TYPICAL TELECOMMUNICATION INSTALLATION DRAWINGS,IFT,,1005312-WOR-AGP-TR-0919
269,00,TELECOM,Termination Diagram,5312-00-A3-7708,0,TYPICAL FO CABLE TERMINATION DIAGRAM,IFT,,1005312-WOR-AGP-TR-0919
,,,,,,UNIT-10,,,
,,,,,,CIVIL/STRUCTURAL,,,
270,10,CIVIL,Drawing,5312-10-A1-1001,0,SHIP LOADER FOUNDATION GA,IFT,,1005312-WOR-AGP-TR-1724
271,10,CIVIL,Drawing,5312-10-A1-1002,1,FOUNDATION DETAILS OF STANDARD 2 - LEGGED TRESTLE,IFT,,1005312-WOR-AGP-TR-1805
272,10,CIVIL,Drawing,5312-10-A1-1003,0,FOUNDATION DETAILS OF STANDARD 4 - LEGGED TRESTLE,IFT,,1005312-WOR-AGP-TR-1491
273,10,CIVIL,Drawing,5312-10-A1-1004,1,TRANSFER TOWER TT-11 FOUNDATION GA & DETAILS,IFT,,1005312-WOR-AGP-TR-1686
274,10,CIVIL,Drawing,5312-10-A1-1011,0,LINEAR STORAGE STRUCTURE REFURBISHMENT CONCRETE WORKS,IFT,,1005312-WOR-AGP-TR-1754
275,10,CIVIL,Drawing,5312-10-A1-1012,0,LINEAR STORAGE STRUCTURE REFURBISHMENT CONCRETE WORKS,IFT,,1005312-WOR-AGP-TR-1754
276,10,CIVIL,Drawing,5312-10-A1-1013,0,LINEAR STORAGE STRUCTURE REFURBISHMENT CONCRETE WORKS,IFT,,1005312-WOR-AGP-TR-1754
277,10,CIVIL,Drawing,5312-10-A1-1021,0,FOUNDATION DETAILS OF NON STANDARD 2 & 4 - LEGGED TRESTLE,IFT,,1005312-WOR-AGP-TR-1689
278,10,CIVIL,Drawing,5312-10-A1-1031,0,TRANSFER TOWER TT-2 - FOUNDATION LAYOUT AND DETAILS,IFT,,1005312-WOR-AGP-TR-1636
279,10,CIVIL,Drawing,5312-10-A1-1041,0,TRANSFER TOWER TT-3 FOUNDATION GA & DETAILS,IFT,,1005312-WOR-AGP-TR-1791
280,10,CIVIL,Drawing,5312-10-A1-1054,0,TRANSFER TOWER TT-4A FOUNDATION GA & DETAILS,IFT,,1005312-WOR-AGP-TR-1789
281,10,CIVIL,Drawing,5312-10-A1-1501,0,CV-001 STRUCTURE DEMOLITION DRAWING,IFT,,1005312-WOR-AGP-TR-1270
282,10,CIVIL,Drawing,5312-10-A1-1502,0,CV-001 STRUCTURE DEMOLITION DRAWING,IFT,,1005312-WOR-AGP-TR-1270
283,10,CIVIL,Drawing,5312-10-A1-1503,0,SHIP LOADER PIVOT & PIVOT TOWER FOUNDATION DEMOLITION DRAWING,IFT,,1005312-WOR-AGP-TR-1406
284,10,CIVIL,Drawing,5312-10-A1-1504,0,SHIP LOADER PIVOT TOWER STRUCTURE DEMOLITION DRAWING,IFT,,1005312-WOR-AGP-TR-1406
285,10,CIVIL,Drawing,5312-10-A1-1505,0,CV-1003 STRUCTURE DEMOLITION DRAWING,IFT,,1005312-WOR-AGP-TR-1187
286,10,CIVIL,Drawing,5312-10-A1-1506,0,CV-1003 STRUCTURE DEMOLITION DRAWING,IFT,,1005312-WOR-AGP-TR-1187
287,10,CIVIL,Drawing,5312-10-A1-1507,0,CV-1004 STRUCTURE DEMOLITION DRAWING,IFT,,1005312-WOR-AGP-TR-1270
288,10,CIVIL,Drawing,5312-10-A1-1508,0,CV-1004 STRUCTURE DEMOLITION DRAWING,IFT,,1005312-WOR-AGP-TR-1270
289,10,CIVIL,Drawing,5312-10-A1-1509,0,CV-1006 STRUCTURE DEMOLITION DRAWING,IFT,,1005312-WOR-AGP-TR-1270
290,10,CIVIL,Drawing,5312-10-A1-1510,0,CV-1006 STRUCTURE DEMOLITION DRAWING,IFT,,1005312-WOR-AGP-TR-1270
291,10,CIVIL,Drawing,5312-10-A1-1511,0,CV-1007 STRUCTURE DEMOLITION DRAWING,IFT,,1005312-WOR-AGP-TR-1233
292,10,CIVIL,Drawing,5312-10-A1-1512,0,CV-1007 STRUCTURE DEMOLITION DRAWING,IFT,,1005312-WOR-AGP-TR-1233
293,10,CIVIL,Drawing,5312-10-A1-1513,0,CV-1008 STRUCTURE DEMOLITION DRAWING,IFT,,1005312-WOR-AGP-TR-1128
294,10,CIVIL,Drawing,5312-10-A1-1514,0,CV-1008 STRUCTURE DEMOLITION DRAWING,IFT,,1005312-WOR-AGP-TR-1128
295,10,CIVIL,Drawing,5312-10-A1-1515,0,CV-4001 STRUCTURE DEMOLITION DRAWING,IFT,,1005312-WOR-AGP-TR-1233
296,10,CIVIL,Drawing,5312-10-A1-1516,0,CV-4001 STRUCTURE DEMOLITION DRAWING,IFT,,1005312-WOR-AGP-TR-1233
297,10,CIVIL,Drawing,5312-10-A1-1521,0,TT1 TRANSFER TOWER STRUCTURE DEMOLITION DRAWING,IFT,,1005312-WOR-AGP-TR-1451
298,10,CIVIL,Drawing,5312-10-A1-1522,0,CV-1005 STRUCTURE DEMOLITION DRAWING,IFT,,1005312-WOR-AGP-TR-1451
299,10,CIVIL,Drawing,5312-10-A1-1523,0,SHIP LOADER PIVOT & PIVOT TOWER DEMOLITION DRAWING,IFT,,1005312-WOR-AGP-TR-1406
300,10,CIVIL,Drawing,5312-10-A1-1524,0,CV-4003 STRUCTURE DEMOLITION DRAWING,IFT,,1005312-WOR-AGP-TR-1406
301,10,CIVIL,Drawing,5312-10-A1-1525,0,CV-4003 STRUCTURE DEMOLITION DRAWING,IFT,,1005312-WOR-AGP-TR-1406
302,10,CIVIL,Drawing,5312-10-A1-1526,0,TRANSFER TOWER TT-2 PAVING DEMOLITION DRAWING,IFT,,1005312-WOR-AGP-TR-1233
303,10,CIVIL,Drawing,5312-10-A1-1527,0,TRANSFER TOWERS TT4 AND TT5 STRUCTURE DEMOLITION DRAWING,IFT,,1005312-WOR-AGP-TR-1128
304,10,CIVIL,Drawing,5312-10-A1-1528,0,TT-5 TRANSFER TOWER STRUCTURE DEMOLITION DRAWING,IFT,,1005312-WOR-AGP-TR-1128
305,10,CIVIL,Drawing,5312-10-A1-1529,0,TT-4 TRANSFER TOWER STRUCTURE DEMOLITION DRAWING,IFT,,1005312-WOR-AGP-TR-1128
306,10,CIVIL,Drawing,5312-10-A1-1530,0,CONVEYOR 101-X2 STRUCTURES DEMOLITION DRAWING,IFT,,1005312-WOR-AGP-TR-1128
307,10,CIVIL,Drawing,5312-10-A1-1531,0,TRANSFER TOWER TT-2 FOUNDATION DEMOLITION DRAWING,IFT,,1005312-WOR-AGP-TR-1128
308,10,CIVIL,Drawing,5312-10-A1-1532,0,TRANSFER TOWER TT-2 STRUCTURE DEMOLITION DRAWING,IFT,,1005312-WOR-AGP-TR-1128
309,10,CIVIL,Drawing,5312-10-A1-2001,1,TRANSFER TOWER TT-12 STRUCTURAL STEEL GA,IFT,,1005312-WOR-AGP-TR-1487
310,10,CIVIL,Drawing,5312-10-A1-2002,0,TRANSFER TOWER TT-12 STRUCTURAL STEEL SECTIONS,IFT,,1005312-WOR-AGP-TR-1487
311,10,CIVIL,Drawing,5312-10-A1-2003,1,TRANSFER TOWER TT-12 FOUNDATION GA & DETAILS,IFT,,1005312-WOR-AGP-TR-1487
312,10,CIVIL,Drawing,5312-10-A1-2004,1,STRUCTURAL STEEL DETAILS OF STANDARD 2 - LEGGED TRESTLE,IFT,,1005312-WOR-AGP-TR-1805
313,10,CIVIL,Drawing,5312-10-A1-2005,1,STRUCTURAL STEEL DETAILS OF STANDARD 4 - LEGGED TRESTLE,IFT,,1005312-WOR-AGP-TR-1491
314,10,CIVIL,Drawing,5312-10-A1-2007,1,TRANSFER TOWER TT-11 STRUCTURAL STEEL GA,IFT,,1005312-WOR-AGP-TR-1686
315,10,CIVIL,Drawing,5312-10-A1-2008,1,TRANSFER TOWER TT-11 STRUCTURAL STEEL SECTIONS & ELEVATIONS,IFT,,1005312-WOR-AGP-TR-1686
316,10,CIVIL,Drawing,5312-10-A1-2011,1,STRUCTURAL GA OF CONVEYOR 10-CV-0004,IFT,,1005312-WOR-AGP-TR-1641
317,10,CIVIL,Drawing,5312-10-A1-2012,1,STRUCTURAL GA OF CONVEYOR 10-CV-0005,IFT,,1005312-WOR-AGP-TR-1641
318,10,CIVIL,Drawing,5312-10-A1-2013,1,STRUCTURAL ELEVATION OF CONVEYOR 10-CV-0005,IFT,,1005312-WOR-AGP-TR-1641
319,10,CIVIL,Drawing,5312-10-A1-2014,1,STRUCTURAL GA OF CONVEYOR 10-CV-0007,IFT,,1005312-WOR-AGP-TR-1641
320,10,CIVIL,Drawing,5312-10-A1-2015,1,STRUCTURAL ELEVATION OF CONVEYOR 10-CV-0007,IFT,,1005312-WOR-AGP-TR-1641
321,10,CIVIL,Drawing,5312-10-A1-2016,1,STRUCTURAL GA OF CONVEYOR 10-CV-0002,IFT,,1005312-WOR-AGP-TR-1641
322,10,CIVIL,Drawing,5312-10-A1-2017,0,STRUCTURAL GA OF CONVEYOR 101-X2,IFT,,1005312-WOR-AGP-TR-1833
323,10,CIVIL,Drawing,5312-10-A1-2018,1,STRUCTURAL GA OF CONVEYOR 5210-CV-1002,IFT,,1005312-WOR-AGP-TR-1805
324,10,CIVIL,Drawing,5312-10-A1-2019,1,STRUCTURAL DETAILS OF 38M SPAN CONVEYOR GALLERY CG-3,IFT,,1005312-WOR-AGP-TR-1685
325,10,CIVIL,Drawing,5312-10-A1-2020,1,STRUCTURAL DETAILS OF 34M & 32M SPAN CONVEYOR GALLERY CG-4,IFT,,1005312-WOR-AGP-TR-1685
326,10,CIVIL,Drawing,5312-10-A1-2021,0,STRUCTURAL STEEL DETAILS OF NON-STANDARD 2 - LEGGED TRESTLE,IFT,,1005312-WOR-AGP-TR-1689
327,10,CIVIL,Drawing,5312-10-A1-2022,0,STRUCTURAL STEEL DETAILS OF NON-STANDARD 4 - LEGGED TRESTLE,IFT,,1005312-WOR-AGP-TR-1689
328,10,CIVIL,Drawing,5312-10-A1-2031,0,STRUCTURAL DETAILS OF 24M SPAN CONVEYOR GALLERY,IFT,,1005312-WOR-AGP-TR-1145
329,10,CIVIL,Drawing,5312-10-A1-2032,1,STRUCTURAL DETAILS OF 18M SPAN CONVEYOR GALLERY CG-2,IFT,,1005312-WOR-AGP-TR-1691
330,10,CIVIL,Drawing,5312-10-A1-2033,1,STRUCTURAL GA OF CONVEYOR 10-CV-0006,IFT,,1005312-WOR-AGP-TR-1641
331,10,CIVIL,Drawing,5312-10-A1-2034,1,STRUCTURAL ELEVATION OF CONVEYOR 10-CV-0006,IFT,,1005312-WOR-AGP-TR-1641
332,10,CIVIL,Drawing,5312-10-A1-2041,0,TRANSFER TOWER TT-2 - STRUCTURAL PLAN,IFT,,1005312-WOR-AGP-TR-1636
333,10,CIVIL,Drawing,5312-10-A1-2042,0,TRANSFER TOWER TT-2 - STRUCTURAL PLAN,IFT,,1005312-WOR-AGP-TR-1636
334,10,CIVIL,Drawing,5312-10-A1-2043,0,TRANSFER TOWER TT-2 - STRUCTURAL ELEVATIONS,IFT,,1005312-WOR-AGP-TR-1636
335,10,CIVIL,Drawing,5312-10-A1-2051,0,TRANSFER TOWER TT-3 STRUCTURAL STEEL GA,IFT,,1005312-WOR-AGP-TR-1791
336,10,CIVIL,Drawing,5312-10-A1-2052,0,TRANSFER TOWER TT-3 STRUCTURAL STEEL ELEVATIONS,IFT,,1005312-WOR-AGP-TR-1791
337,10,CIVIL,Drawing,5312-10-A1-2511,0,OLD DOME REFURBISHMENT CONCRETE WORKS-1,IFT,,1005312-WOR-AGP-TR-1166
338,10,CIVIL,Drawing,5312-10-A1-2512,0,OLD DOME REFURBISHMENT CONCRETE WORKS-2,IFT,,1005312-WOR-AGP-TR-1166
339,10,CIVIL,Drawing,5312-10-A1-2531,0,OLD DOME REFURBISHMENT STRUCTURAL STEEL & ROOF WORKS-1,IFT,,1005312-WOR-AGP-TR-1166
340,10,CIVIL,Drawing,5312-10-A1-2532,0,OLD DOME REFURBISHMENT STRUCTURAL STEEL & ROOF WORKS-2,IFT,,1005312-WOR-AGP-TR-1166
341,10,CIVIL,Drawing,5312-10-A1-2541,0,MODIFICATION OF EXISTING CONVEYOR 54110-CV-4003,IFT,,1005312-WOR-AGP-TR-1800
342,10,CIVIL,Drawing,5312-10-A1-2542,1,STRUCTURAL GA OF CONVEYOR 10-CV-0001A/B,IFT,,1005312-WOR-AGP-TR-1641
343,10,CIVIL,Drawing,5312-10-A1-2543,0,TRANSFER TOWER TT-4A STRUCTURAL STEEL GA,IFT,,1005312-WOR-AGP-TR-1789
344,10,CIVIL,Drawing,5312-10-A1-2544,0,TRANSFER TOWER TT-4A STRUCTURAL STEEL ELEVATIONS,IFT,,1005312-WOR-AGP-TR-1789
345,10,CIVIL,Drawing,5312-10-A1-2545,0,TRANSFER TOWER TT-4A ROOF & CLADDING DETAILS,IFT,,1005312-WOR-AGP-TR-1818
346,10,CIVIL,Drawing,5312-10-A1-3001,0,LINEAR STORAGE BUILDING REFURBISHMENT CLADDING WORKS,IFT,,1005312-WOR-AGP-TR-1754
347,10,CIVIL,Drawing,5312-10-A1-3002,0,LINEAR STORAGE BUILDING REFURBISHMENT WOOD WORKS,IFT,,1005312-WOR-AGP-TR-1754
,,,,,,ELECTRICAL,,,
348,10,ELECTRICAL,Drawing,5312-10-A0-6067,1,"LIGHTING LAYOUT CONVEYOR 101-X2, 10-CV-0006 TRANSFER TOWER TT-4A",IFT,,1005312-WOR-AGP-TR-1459
349,10,ELECTRICAL,Key Plan,5312-10-A0-6069,0,CABLE ROUTING LAYOUT - KEY PLAN,IFT,,1005312-WOR-AGP-TR-1563
350,10,ELECTRICAL,Drawing,5312-10-A0-6070,0,ELECTRICAL CABLE ROUTING LAYOUT - NEW CONVEYORS FOR OLD DOME AREA,IFT,,1005312-WOR-AGP-TR-1520
351,10,ELECTRICAL,Drawing,5312-10-A0-6073,0,EARTHING LAYOUT GRANULATED SULPHUR TRANSFER AND STORAGE - LINEAR STORAGE BUILDING - NEW STACKER / RECLAIMER AND CONVEYOR,IFT,,1005312-WOR-AGP-TR-1159
352,10,ELECTRICAL,Drawing,5312-10-A0-6074,0,ELECTRICAL CABLE ROUTING LAYOUT - NEW STACKER / RECLAIMER AT LINEAR STORAGE AREA,IFT,,1005312-WOR-AGP-TR-1563
353,10,ELECTRICAL,Drawing,5312-10-A0-6079,0,"LIGHTING LAYOUT GRANULATED SULPHUR TRANSFER AND STORAGE - CONVEYOR 10-CV-0007, 5210-CV-1002, 54110-CV-4003 AND TRANSFER TOWER TT-2",IFT,,1005312-WOR-AGP-TR-1563
354,10,ELECTRICAL,Drawing,5312-10-A0-6080,0,EARTHING LAYOUT GRANULATED SULPHUR TRANSFER AND STORAGE - CONVEYOR 10-CV-0007 AND TRANSFER TOWER TT-2,IFT,,1005312-WOR-AGP-TR-1210
355,10,ELECTRICAL,Drawing,5312-10-A0-6081,0,"ELECTRICAL CABLE ROUTING LAYOUT - SUBSTATION-2 TO SUBSTATION-5, SHIPLOADER BERTH-1 AND CONVEYOR 10-CV-0005",IFT,,1005312-WOR-AGP-TR-1520
356,10,ELECTRICAL,Drawing,5312-10-A0-6084,0,EARTHING LAYOUT GRANULATED SULPHUR TRANSFER AND STORAGE - CONVEYOR 10-CV-0005 AND TRANSFER TOWER TT3 EXTENSION,IFT,,1005312-WOR-AGP-TR-1516
357,10,ELECTRICAL,Drawing,5312-10-A0-6085,0,EARTHING LAYOUT - TRANSFER TOWER TT4A AND CONVEYORS,IFT,,1005312-WOR-AGP-TR-1345
358,10,ELECTRICAL,Single Line Diagrams,5312-10-A1-6027,0,415V EMERGENCY PANEL (40-TPC-101) SINGLE LINE DIAGRAM SUBSTATION-4,IFT,,1005312-WOR-AGP-TR-1678
359,10,ELECTRICAL,Single Line Diagrams,5312-10-A1-6051,0,"SINGLE LINE DIAGRAM OF SMALL POWER DB 40-COP-6005, 40-COP-6006 & 40-COP-6007 FOR NEW OPERATIONS BUILDING",IFT,,1005312-WOR-AGP-TR-1704
360,10,ELECTRICAL,Drawing,5312-10-A1-6052,0,EARTHING LAYOUT - NEW PIPE RACKS,IFT,,1005312-WOR-AGP-TR-1459
361,10,ELECTRICAL,Drawing,5312-10-A1-6063,0,ELECTRICAL EQUIPMENT LAYOUT - NEW OPERATIONS BUILDING,IFT,,1005312-WOR-AGP-TR-1630
362,10,ELECTRICAL,Schedule,5312-10-A1-6065,0,"CONVEYOR 10-CV-0006, 10-CV-0007, TT-2 & TT-3 EXTENSION AREA ELECTRICAL PANEL SCHEDULE",IFT,,1005312-WOR-AGP-TR-1614
363,10,ELECTRICAL,Schedule,5312-10-A1-6066,0,TRANSFER TOWER TT-4A AREA ELECTRICAL PANEL SCHEDULE,IFT,,1005312-WOR-AGP-TR-1614
364,10,ELECTRICAL,Drawing,5312-10-A1-6075,0,ELECTRICAL DEMOLITION LAYOUT TRANSFER TOWER TT-1,IFT,,1005312-WOR-AGP-TR-1630
365,10,ELECTRICAL,Drawing,5312-10-A1-6076,0,ELECTRICAL DEMOLITION LAYOUT TRANSFER TOWER TT-4 AND CONVEYOR 101-X2,IFT,,1005312-WOR-AGP-TR-1659
366,10,ELECTRICAL,Drawing,5312-10-A1-6077,0,ELECTRICAL DEMOLITION LAYOUT TRANSFER TOWER TT-5,IFT,,1005312-WOR-AGP-TR-1630
367,10,ELECTRICAL,Drawing,5312-10-A1-6083,1,LIGHTING LAYOUT - NEW OPERATOR SHELTER,IFT,,1005312-WOR-AGP-TR-1314
368,10,ELECTRICAL,Schedule,5312-10-A1-6090,0,"TRANSFER TOWER TT-2, TT-3, CONVEYOR 10-CV-1005, 10-CV-0006 & 10-CV-0007 AREA ELECTRICAL PANEL SCHEDULE",IFT,,1005312-WOR-AGP-TR-1614
369,10,ELECTRICAL,Single Line Diagrams,5312-10-A3-6049,0,NORMAL LIGHTING DISTRIBUTION BOARD (40-LP-6005) SINGLE LINE DIAGRAM NEW OPERATIONS BUILDING,IFT,,1005312-WOR-AGP-TR-1600
370,10,ELECTRICAL,Single Line Diagrams,5312-10-A3-6068,0,EMERGENCY LIGHTING DISTRIBUTION BOARD (30-ELP-5004) SINGLE LINE DIAGRAM - NEW OPERATOR SHELTER,IFT,,1005312-WOR-AGP-TR-1629
371,10,ELECTRICAL,Single Line Diagrams,5312-10-A3-6071,0,EMERGENCY LIGHTING DISTRIBUTION BOARD (40-ELP-6005) SINGLE LINE DIAGRAM - NEW OPERATIONS BUILDING,IFT,,1005312-WOR-AGP-TR-1600
372,10,ELECTRICAL,Single Line Diagrams,5312-10-A3-6086,0,POWER DISTRIBUTION BOARD (30-PDB-01) SINGLE LINE DIAGRAM - SUBSTATION-1,IFT,,1005312-WOR-AGP-TR-1558
373,10,ELECTRICAL,Single Line Diagrams,5312-10-A3-6091,0,NORMAL LIGHTING DISTRIBUTION BOARD (30-LP-5004) SINGLE LINE DIAGRAM NEW OPERATOR SHELTER,IFT,,1005312-WOR-AGP-TR-1505
,,,,,,INSTRUMENTATION & CONTROL,,,
374,10,INSTRUMENTATION,Drawing,5312-10-A1-7080,0,INSTRUMENT & JB LOCATION LAYOUT - EXISTING & NEW AREA AND LIQUID SULPHUR STORAGE,IFT,,1005312-WOR-AGP-TR-1794
375,10,INSTRUMENTATION,Instrumentation Index,5312-10-A3-7030,0,INSTRUMENT INDEX - GRANULATED SULPHUR TRANSFER AND STORAGE (UNIT-10),IFT,,1005312-WOR-AGP-TR-1455
376,10,INSTRUMENTATION,Lists & Schedules,5312-10-A3-7031,0,F&G INSTRUMENT INDEX - GRANULATED SULPHUR TRANSFER AND STORAGE (UNIT-10),IFT,,1005312-WOR-AGP-TR-1718
377,10,INSTRUMENTATION,Input / Output List,5312-10-A3-7040,0,INPUT OUTPUT LIST (DCS & ESD) - GRANULATED SULPHUR TRANSFER AND STORAGE (UNIT-10),IFT,,1005312-WOR-AGP-TR-1455
378,10,INSTRUMENTATION,Input / Output List,5312-10-A3-7041,0,INPUT OUTPUT LIST (FGS) - GRANULATED SULPHUR TRANSFER AND STORAGE (UNIT-10),IFT,,1005312-WOR-AGP-TR-1820
379,10,INSTRUMENTATION,Block Diagram,5312-10-A3-7050,0,INSTRUMENT CABLE BLOCK DIAGRAM - GRANULATED SULPHUR TRANSFER AND STORAGE (UNIT-10),IFT,,1005312-WOR-AGP-TR-1446
380,10,INSTRUMENTATION,Block Diagram,5312-10-A3-7051,0,FIRE & GAS CABLE BLOCK DIAGRAM - UNIT 10-GRANU. SULPHUR TRAN. AND STORAGE,IFT,,1005312-WOR-AGP-TR-1831
381,10,INSTRUMENTATION,Cable Schedule,5312-10-A3-7060,0,INSTRUMENT CABLE SCHEDULE - GRANULATED SULPHUR TRANSFER AND STORAGE (UNIT-10),IFT,,1005312-WOR-AGP-TR-1502
382,10,INSTRUMENTATION,Lists & Schedules,5312-10-A3-7070,0,JUNCTION BOX SCHEDULE - UNIT 10,IFT,,1005312-WOR-AGP-TR-1794
,,,,,,MATERIAL & CORROSION,,,
383,10,MATERIALS AND CORROSION,Drawing,5312-10-A1-0400,0,MATERIAL SELECTION DIAGRAM - GRANULATED SULPHUR TRANSFER,IFT,,1005312-WOR-AGP-TR-0845
,,,,,,MECHANICAL,,,
384,10,MECHANICAL,Drawing,5312-10-A1-4500,0,LAYOUT DRAWING FOR CONVEYOR PACKAGE,IFT,,1005312-WOR-AGP-TR-0894
385,10,MECHANICAL,Drawing,5312-10-A1-4501,0,FLOW DIAGRAM FOR CONVEYOR PACKAGE,IFT,,1005312-WOR-AGP-TR-0931
386,10,MECHANICAL,Drawing,5312-10-A1-4502,0,"CONVEYOR PROFILE DRAWING FOR 10-CV-0001A-B, 10-CV-0002, 10-CV-0003, 10-CV-0004, 10-CV-0005, 10-CV-0006, 101-X2, 101-X5, 10-CV-0007, 54110-CV-4003 AND 5210--CV-1002",IFT,,1005312-WOR-AGP-TR-0877
387,10,MECHANICAL,Drawing,5312-10-A1-4503,0,PRELIMINARY G.A. DRAWING FOR CONVEYOR 10-CV-0001A AND 10-CV-0001B,IFT,,1005312-WOR-AGP-TR-1245
388,10,MECHANICAL,Drawing,5312-10-A1-4504,0,PRELIMINARY G.A. DRAWING FOR CONV. 10-CV-0002,IFT,,1005312-WOR-AGP-TR-1023
389,10,MECHANICAL,Drawing,5312-10-A1-4505,0,PRELIMINARY G.A. DRAWING FOR CONVEYOR 10-CV-0005,IFT,,1005312-WOR-AGP-TR-1024
390,10,MECHANICAL,Drawing,5312-10-A1-4506,0,PRELIMINARY G.A. DRAWING FOR CONVEYOR 10-CV-0006,IFT,,1005312-WOR-AGP-TR-1111
391,10,MECHANICAL,Drawing,5312-10-A1-4507,0,PRELIMINARY G.A. DRAWING FOR STACKING CONVEYOR (10-CV-0003) (TT-11 TO LINEAR STORAGE),IFT,,1005312-WOR-AGP-TR-1024
392,10,MECHANICAL,Drawing,5312-10-A1-4508,0,PRELIMINARY G.A. DRAWING FOR CONV. 10-CV-0007,IFT,,1005312-WOR-AGP-TR-1023
393,10,MECHANICAL,Drawing,5312-10-A1-4509,0,PRELIMINARY G.A.DRAWING FOR CONV. 10-CV-0004 (TT-11 TO TT-12),IFT,,1005312-WOR-AGP-TR-1152
394,10,MECHANICAL,Drawing,5312-10-A1-4510,0,PRELIMINARY G.A. DRAWING FOR MODIFIED CONV. 5210-CV-1002,IFT,,1005312-WOR-AGP-TR-1111
395,10,MECHANICAL,Drawing,5312-10-A1-4511,0,PRELIMINARY G.A. DRAWING FOR NEW MODIFIED CONVEYOR (TAIL END) 54110-CV-4002 (TT-3 TO NEW DOME),IFT,,1005312-WOR-AGP-TR-1024
396,10,MECHANICAL,Drawing,5312-10-A1-4512,0,PRELIMINARY G.A. DRAWING FOR MODIFIED CONV. 54110-CV-4003,IFT,,1005312-WOR-AGP-TR-1111
397,10,MECHANICAL,Drawing,5312-10-A1-4513,0,PRELIMINARY G.A. DRAWING FOR CONVEYOR 101-X2,IFT,,1005312-WOR-AGP-TR-1023
398,10,MECHANICAL,Drawing,5312-10-A1-4514,0,PRELIMINARY G.A. DRAWING FOR MODIFIED CONVEYOR (DRIVE SYSTEM) 101-X3 (101-X2 HEAD END TO OLD DOME),IFT,,1005312-WOR-AGP-TR-1393
399,10,MECHANICAL,Drawing,5312-10-A1-4515,0,PRELIMINARY G.A. DRAWING FOR MODIFIED CONVEYOR 101-X5 (OLD DOME TO SHIP LOADER),IFT,,1005312-WOR-AGP-TR-1024
400,10,MECHANICAL,Drawing,5312-10-A1-4516,0,PRELIMINARY G.A. DRAWING FOR TRANSFER TOWER TT-10,IFT,,1005312-WOR-AGP-TR-1169
401,10,MECHANICAL,Drawing,5312-10-A1-4517,0,PRELIMINARY G.A. DRAWING FOR TRANSFER TOWER TT-3,IFT,,1005312-WOR-AGP-TR-1024
402,10,MECHANICAL,Drawing,5312-10-A1-4518,0,PRELIMINARY G.A. DRAWING FOR NEW TRANSFER TOWER TT-4A,IFT,,1005312-WOR-AGP-TR-1111
403,10,MECHANICAL,Drawing,5312-10-A1-4519,0,PRELIMINARY G.A. DRAWING FOR TRANSFER TOWER TT-11,IFT,,1005312-WOR-AGP-TR-1011
404,10,MECHANICAL,Drawing,5312-10-A1-4520,0,PRELIMINARY G.A. DRAWING FOR TRANSFER TOWER TT-12,IFT,,1005312-WOR-AGP-TR-1023
405,10,MECHANICAL,Drawing,5312-10-A1-4521,1,PRELIMINARY G.A. DRAWING FOR TRANSFER TOWER TT-2,IFT,,1005312-WOR-AGP-TR-1152
406,10,MECHANICAL,Drawing,5312-10-A1-4522,1,PRELIMINARY G.A. DRAWING FOR NEW TRANSFER TOWER @ HEAD END OF 101-X5 AND HEAD END OF 10-CV-0007,IFT,,1005312-WOR-AGP-TR-1152
407,10,MECHANICAL,Drawing,5312-10-A1-4523,0,PRELIMINARY G.A.DRAWING FOR EQUIPMENT MODIFIED IN OLD DOME,IFT,,1005312-WOR-AGP-TR-1111
408,10,MECHANICAL,Drawing,5312-10-A1-4524,0,PRELIMINARY G.A.DRAWING FOR EQUIPMENT MODIFIED IN NEW DOME,IFT,,1005312-WOR-AGP-TR-1111
,,,,,,PIPING,,,
409,10,PIPING,Drawing - General Arrangement,5312-10-A0-5011,0,PIPING GENERAL ARRANGEMENT SULPHUR COOLER AND TEMPERED WATER SYSTEM (DEMOLITION),IFT,,1005312-WOR-AGP-TR-1391
410,10,PIPING,Drawing - General Arrangement,5312-10-A0-5012,0,PIPING  GENERAL ARRANGEMENT SULPHUR COOLER AND TEMPERED WATER SYSTEM SECTION (DEMOLITION),IFT,,1005312-WOR-AGP-TR-1391
411,10,PIPING,Drawing - General Arrangement,5312-10-A0-5013,0,PIPING GENERAL ARRANGEMENT SULPHUR COOLER UPPER LEVELS PLANS @ EL. 12.700 & ABOVE,IFT,,1005312-WOR-AGP-TR-1391
412,10,PIPING,Drawing - General Arrangement,5312-10-A0-5014,0,PIPING GENERAL ARRANGEMENT SULPHUR COOLER UPPER LEVELS SECTIONAL DRAWING (DEMOLITON),IFT,,1005312-WOR-AGP-TR-1391
413,10,PIPING,Drawing - General Arrangement,5312-10-A0-5015,0,PIPING GENERAL ARRANGEMENT SULPHUR COOLER AND TEMPERED WATER SYSTEM (CONSTRUCTION),IFT,,1005312-WOR-AGP-TR-1391
414,10,PIPING,Drawing - General Arrangement,5312-10-A0-5016,0,PIPING GENERAL ARRANGEMENT SULPHUR COOLER AND TEMPERED WATER SYSTEM SECTION (MODIFICATION),IFT,,1005312-WOR-AGP-TR-1391
415,10,PIPING,Drawing - General Arrangement,5312-10-A0-5017,0,PIPING GENERAL ARRANGEMENT SULPHUR COOLER UPPER LEVELS PLANS @ EL. 12.700 & ABOVE (CONSTRUCTION),IFT,,1005312-WOR-AGP-TR-1391
416,10,PIPING,Drawing - General Arrangement,5312-10-A0-5018,0,PIPING GENERAL ARRANGEMENT SULPHUR COOLER UPPER LEVELS SECTIONAL DRAWING (CONSTRUCTION),IFT,,1005312-WOR-AGP-TR-1391
417,10,PIPING,Drawing - General Arrangement,5312-10-A0-5021,0,PIPING GENERAL ARRANGEMENT RECEIVER AREA,IFT,,1005312-WOR-AGP-TR-1726
,,,,,,PROCESS,,,
418,10,PROCESS,Process Flow Diagram,5312-10-A1-0004,0,PROCESS FLOW DIAGRAM - GRANULATED SULPHUR TRANSFER,IFT,,1005312-WOR-AGP-TR-0856
419,10,PROCESS,Piping & Instrumentation Diagram,5312-10-A1-0011,0,P&ID - NEW GRANULE COLLECTING CONVEYOR (10-CV-0001A),IFT,,1005312-WOR-AGP-TR-1046
420,10,PROCESS,Piping & Instrumentation Diagram,5312-10-A1-0012,0,P&ID - NEW GRANULE COLLECTING CONVEYOR (10-CV-0001B),IFT,,1005312-WOR-AGP-TR-1046
421,10,PROCESS,Piping & Instrumentation Diagram,5312-10-A1-0013,0,P&ID - NEW TRANSFER CONVEYOR 10-CV-0002),IFT,,1005312-WOR-AGP-TR-1046
422,10,PROCESS,Piping & Instrumentation Diagram,5312-10-A1-0014,0,P&ID - TRANSFER CONVEYOR (10-CV-0005),IFT,,1005312-WOR-AGP-TR-1046
423,10,PROCESS,Piping & Instrumentation Diagram,5312-10-A1-0015,0,P&ID - TRANSFER CONVEYOR (10-CV-0006),IFT,,1005312-WOR-AGP-TR-1046
424,10,PROCESS,Piping & Instrumentation Diagram,5312-10-A1-0016,0,P&ID - NEW DIRECT HIT CONVEYOR (10-CV-0004),IFT,,1005312-WOR-AGP-TR-1046
425,10,PROCESS,Piping & Instrumentation Diagram,5312-10-A1-0017,0,P&ID - LINEAR STORAGE NEW STACKING CONVEYOR (10-CV-0003),IFT,,1005312-WOR-AGP-TR-1046
426,10,PROCESS,Piping & Instrumentation Diagram,5312-10-A1-0018,0,P&ID - NEW SHIP LOADER FEED CONVEYOR (10-CV-0007),IFT,,1005312-WOR-AGP-TR-1046
427,10,PROCESS,Piping & Instrumentation Diagram,5312-10-A1-0019,0,P&ID - NEW QUADRANT TYPE SHIP LOADER 10-SL-0001,IFT,,1005312-WOR-AGP-TR-1046
428,10,PROCESS,Piping & Instrumentation Diagram,5312-10-A1-0020,0,P&ID - NEW WET SCRUBBER UNITS 10-ME-0002 & 10-ME-0003,IFT,,1005312-WOR-AGP-TR-1046
429,10,PROCESS,Piping & Instrumentation Diagram,5312-10-A1-0021,0,P&ID - NEW FEEDER AT NEW DOME 10-FD-0001,IFT,,1005312-WOR-AGP-TR-1046
430,10,PROCESS,Piping & Instrumentation Diagram,5312-10-A1-0022,0,P&ID - NEW FEEDER AT NEW DOME 10-FD-0002,IFT,,1005312-WOR-AGP-TR-1046
431,10,PROCESS,Piping & Instrumentation Diagram,5312-10-A1-0023,0,P&ID - NEW FEEDER AT TT2 (10-FD-0003),IFT,,1005312-WOR-AGP-TR-1046
432,10,PROCESS,Piping & Instrumentation Diagram,5312-10-A1-0167,0,P&ID CONVEYOR MODIFICATIONS COLLECTING CONVEYOR 30-CV-001 - DEMOLITION,IFT,,1005312-WOR-AGP-TR-0923
433,10,PROCESS,Piping & Instrumentation Diagram,5312-10-A1-0171,0,P&ID OLD BULK STORAGE (MODIFIED) - DEMOLITION,IFT,,1005312-WOR-AGP-TR-0923
434,10,PROCESS,Piping & Instrumentation Diagram,5312-10-A1-0172,0,P&ID TRANSFER POINT WET SCRUBBER 54110-ME-4006 (UNIT NO. 11) - DEMOLITION,IFT,,1005312-WOR-AGP-TR-0923
435,10,PROCESS,Piping & Instrumentation Diagram,5312-10-A1-0173,0,P&ID SULPHUR TRANSFER CONVEYOR (MODIFIED) - DEMOLITION,IFT,,1005312-WOR-AGP-TR-0923
436,10,PROCESS,Piping & Instrumentation Diagram,5312-10-A1-0174,0,P&ID SULPHUR RECLAIM CONVEYOR (MODIFIED) - DEMOLITION,IFT,,1005312-WOR-AGP-TR-0923
437,10,PROCESS,Piping & Instrumentation Diagram,5312-10-A1-0175,0,P&ID NEW STORAGE DOME RECLAIM CONVEYOR 54110-CV-4003 54110-CV-4006 (UNIT NO. 11) - DEMOLITION,IFT,,1005312-WOR-AGP-TR-0923
438,10,PROCESS,Piping & Instrumentation Diagram,5312-10-A1-0176,0,P&ID TRANSFER POINT WET SCRUBBER 54110-ME-4006 (UNIT NO. 11) - DEMOLITION,IFT,,1005312-WOR-AGP-TR-0923
439,10,PROCESS,Piping & Instrumentation Diagram,5312-10-A1-0178,0,P&ID FOR SHIPLOADING (MODIFIED) - 1 OF 2 - DEMOLITION,IFT,,1005312-WOR-AGP-TR-0923
440,10,PROCESS,Piping & Instrumentation Diagram,5312-10-A1-0179,0,P&ID FOR SHIPLOADING (MODIFIED) - 2 OF 2 - DEMOLITION,IFT,,1005312-WOR-AGP-TR-0923
441,10,PROCESS,Piping & Instrumentation Diagram,5312-10-A1-0180,0,P&ID BULK PRODUCT RECEIVING CONVEYOR (MODIFIED) - DEMOLITION,IFT,,1005312-WOR-AGP-TR-0923
442,10,PROCESS,Piping & Instrumentation Diagram,5312-10-A1-0182,0,P&ID TRANSFER POINT WET SCRUBBER 54110-ME-4006 (UNIT NO. 11) - DEMOLITION,IFT,,1005312-WOR-AGP-TR-0923
443,10,PROCESS,Piping & Instrumentation Diagram,5312-10-A1-0183,0,P&ID CONVEYOR MODIFICATIONS STACKING/RECLAIM CONVEYOR 5210-CV-1002 - DEMOLITION,IFT,,1005312-WOR-AGP-TR-0923
444,10,PROCESS,Piping & Instrumentation Diagram,5312-10-A1-0184,0,P&ID TRANSFER POINT WET SCRUBBER 54110-ME-4006 (UNIT NO. 11) - DEMOLITION,IFT,,1005312-WOR-AGP-TR-0923
445,10,PROCESS,Piping & Instrumentation Diagram,5312-10-A1-0185,0,P&ID TRANSFER POINT WET SCRUBBER 54110-ME-4006 (UNIT NO. 11) - DEMOLITION,IFT,,1005312-WOR-AGP-TR-0923
446,10,PROCESS,Piping & Instrumentation Diagram,5312-10-A1-0187,0,P&ID TRANSFER POINT WET SCRUBBER 54110-ME-4006 (UNIT NO. 11) - DEMOLITION,IFT,,1005312-WOR-AGP-TR-0923
447,10,PROCESS,Piping & Instrumentation Diagram,5312-10-A1-0188,0,P&ID TRANSFER POINT WET SCRUBBER 54110-ME-4006 (UNIT NO. 11) - DEMOLITION,IFT,,1005312-WOR-AGP-TR-0923
448,10,PROCESS,Piping & Instrumentation Diagram,5312-10-A1-0189,0,P&ID TRANSFER POINT WET SCRUBBER 54110-ME-4006 (UNIT NO. 11) - DEMOLITION,IFT,,1005312-WOR-AGP-TR-0923
449,10,PROCESS,Piping & Instrumentation Diagram,5312-10-A1-0190,0,P&ID TRANSFER POINT WET SCRUBBER 54110-ME-4006 (UNIT NO. 11) - DEMOLITION,IFT,,1005312-WOR-AGP-TR-0923
450,10,PROCESS,Piping & Instrumentation Diagram,5312-10-A1-0192,0,P&ID SULPHUR COLLECTING CONVEYOR (MODIFIED) - DEMOLITION,IFT,,1005312-WOR-AGP-TR-0923
451,10,PROCESS,Piping & Instrumentation Diagram,5312-10-A1-0271,0,P&ID OLD BULK STORAGE (MODIFIED),IFT,,1005312-WOR-AGP-TR-0997
452,10,PROCESS,Piping & Instrumentation Diagram,5312-10-A1-0274,0,P&ID SULPHUR RECLAIM CONVEYOR (MODIFIED),IFT,,1005312-WOR-AGP-TR-0997
453,10,PROCESS,Piping & Instrumentation Diagram,5312-10-A1-0275,0,P&ID NEW STORAGE DOME RECLAIM CONVEYOR 54110-CV-4003,IFT,,1005312-WOR-AGP-TR-0997
454,10,PROCESS,Piping & Instrumentation Diagram,5312-10-A1-0276,0,P&ID SHIPLOADER FEED CONVEYOR 54110-CV-4004,IFT,,1005312-WOR-AGP-TR-0997
455,10,PROCESS,Piping & Instrumentation Diagram,5312-10-A1-0280,0,P&ID BULK PRODUCT RECEIVING CONVEYOR (MODIFIED),IFT,,1005312-WOR-AGP-TR-0997
456,10,PROCESS,Piping & Instrumentation Diagram,5312-10-A1-0282,0,P&ID NEW STORAGE DOME FEED CONVEYOR 54110-CV-4002,IFT,,1005312-WOR-AGP-TR-0997
457,10,PROCESS,Piping & Instrumentation Diagram,5312-10-A1-0283,0,P&ID CONVEYOR MODIFICATIONS STACKING/RECLAIM CONVEYOR 5210-CV-1002,IFT,,1005312-WOR-AGP-TR-0997
458,10,PROCESS,Piping & Instrumentation Diagram,5312-10-A1-0284,0,P&ID STACKER RECLAIMER SHEET 1 OF 6 STACKER BOOM CONVEYOR/RECLAIMER CHAIN,IFT,,1005312-WOR-AGP-TR-0997
459,10,PROCESS,Piping & Instrumentation Diagram,5312-10-A1-0287,0,P&ID MODIFICATIONS TO EXISTING CONVEYOR 5210-CV-1003,IFT,,1005312-WOR-AGP-TR-0997
460,10,PROCESS,Piping & Instrumentation Diagram,5312-10-A1-0289,0,P&ID CONVEYOR MODIFICATIONS RECEIVING CONVEYOR 101-X-2,IFT,,1005312-WOR-AGP-TR-0997
461,10,PROCESS,Piping & Instrumentation Diagram,5312-10-A1-0290,0,P&ID TRANSFER POINT WET SCRUBBER 54110-ME-4006 (UNIT NO. 11),IFT,,1005312-WOR-AGP-TR-0997
462,10,PROCESS,Piping & Instrumentation Diagram,5312-10-A1-0291,0,P&ID STACKER RECLAIMER SHEET 1 OF 6 STACKER BOOM CONVEYOR/RECLAIMER CHAIN,IFT,,1005312-WOR-AGP-TR-0997
463,10,PROCESS,Drawing,5312-10-A1-0304,0,PROCESS SAFEGUARDING FLOW SCHEME - GRANULATED SULPHUR TRANSFER,IFT,,1005312-WOR-AGP-TR-1217
,,,,,,UNIT-20,,,
,,,,,,ELECTRICAL,,,
464,20,ELECTRICAL,Drawing,5312-20-A0-6058,0,LIGHTING LAYOUT SHIPLOADING AND MARINE WORKS,IFT,,1005312-WOR-AGP-TR-1753
465,20,ELECTRICAL,Drawing,5312-20-A0-6087,0,EARTHING LAYOUT - GRANULATED SULPHUR SHIPLOADING AND MARINE WORKS,IFT,,1005312-WOR-AGP-TR-1655
466,20,ELECTRICAL,Drawing,5312-20-A0-6088,0,ELECTRICAL CABLE ROUTING LAYOUT - GRANULATED SULPHUR SHIPLOADING AND MARINE WORKS,IFT,,1005312-WOR-AGP-TR-1520
467,20,ELECTRICAL,Drawing,5312-20-A1-6033,0,ELECTRICAL DEMOLITION LAYOUT FOR GRANULATED SULPHUR SHIPLOADING AND MARINE WORKS,IFT,,1005312-WOR-AGP-TR-1704
,,,,,,MARINE,,,
468,20,MARINE,Drawing - General Arrangement,5312-20-A1-0500,0,SULPHUR HANDLING TERMINAL-1 BERTH-1 NEW GENERAL ARRANGEMENT - PLAN AND SECTIONS,IFT,,1005312-WOR-AGP-TR-1546
469,20,MARINE,Drawing,5312-20-A1-0501,1,SULPHUR HANDLING TERMINAL-1 SHIPLOADING BERTH 1 DEMOLITION PLAN,IFT,,1005312-WOR-AGP-TR-1153
470,20,MARINE,Drawing - General Arrangement,5312-20-A1-1000,0,"SULPHUR HANDLING TERMINAL-1 BERTH-1 NEW, GENERAL ARRANGEMENT, PLAN, SECTIONS, DETAILS AND SCHEDULE",IFT,,1005312-WOR-AGP-TR-1480
471,20,MARINE,Drawing - General Arrangement,5312-20-A1-2000,0,"SULPHUR HANDLING TERMINAL-1 BERTH-1 NEW, GENERAL ARRANGEMENT, PLAN, SECTIONS AND DETAILS",IFT,,1005312-WOR-AGP-TR-1644
,,,,,,MATERIAL & CORROSION,,,
472,20,MATERIALS AND CORROSION,Drawing,5312-20-A1-0401,0,MATERIAL SELECTION DIAGRAM - GRANULATED SULPHUR STORAGE SHIPLOADING AND MARINE WORKS,IFT,,1005312-WOR-AGP-TR-0845
,,,,,,PROCESS,,,
473,20,PROCESS,Process Flow Diagram,5312-20-A1-0005,0,PROCESS FLOW DIAGRAM - GRANULATED SULPHUR STORAGE SHIPLOADING AND MARINE WORKS,IFT,,1005312-WOR-AGP-TR-0856
474,20,PROCESS,Drawing,5312-20-A1-0305,0,PROCESS SAFEGUARDING FLOW SCHEME - GRANULATED SULPHUR STORAGE SHIPLOADING AND MARINE WORKS,IFT,,1005312-WOR-AGP-TR-1217
,,,,,,SAFETY & RISK,,,
475,20,SAFETY,Drawing,5312-20-A3-9003,0,FIRE & GAS DETECTION LAYOUT EXISTING AREA (EXISTING & NEW EQUIPMENT),IFT,,1005312-WOR-AGP-TR-1698
,,,,,,UNIT-30,,,
,,,,,,ARCHITECTURAL/CIVIL/STRUTURAL,,,
476,30,CIVIL,Drawing,5312-30-A1-3001,1,GRANULATOR COVERING SHELTER ARCHITECTURAL GROUND LEVEL PLAN,IFT,,1005312-WOR-AGP-TR-1740
477,30,CIVIL,Drawing,5312-30-A1-3002,1,GRANULATOR COVERING SHELTER ARCHITECTURAL ROOF PLAN,IFT,,1005312-WOR-AGP-TR-1740
478,30,CIVIL,Drawing,5312-30-A1-3003,1,GRANULATOR COVERING SHELTER ARCHITECTURAL ELEVATIONS,IFT,,1005312-WOR-AGP-TR-1740
479,30,CIVIL,Drawing,5312-30-A1-3004,1,GRANULATOR COVERING SHELTER ARCHITECTURAL ELEVATIONS,IFT,,1005312-WOR-AGP-TR-1740
480,30,CIVIL,Drawing,5312-30-A1-1011,0,SULPHUR REMELTER PACKAGE 30-ME-0014 - FOUNDATION LAYOUT & DETAILS,IFT,,1005312-WOR-AGP-TR-1352
481,30,CIVIL,Drawing,5312-30-A1-1021,0,ZERO DISCHARGE SETTLEMENT POND - PLAN AND SECTION,IFT,,1005312-WOR-AGP-TR-1403
482,30,CIVIL,Drawing,5312-30-A1-1031,0,FOUNDATION PLAN OF GRANULATORS,IFT,,1005312-WOR-AGP-TR-1773
483,30,CIVIL,Drawing,5312-30-A1-1032,0,FOUNDATION PLAN OF GRANULATORS,IFT,,1005312-WOR-AGP-TR-1773
484,30,CIVIL,Drawing,5312-30-A1-1033,0,FOUNDATION DETAIL OF GRANULATOR,IFT,,1005312-WOR-AGP-TR-1773
485,30,CIVIL,Drawing - General Arrangement,5312-30-A1-1041,1,DECANTING SPACE GENERAL ARRANGEMENT DRAWING,IFT,,1005312-WOR-AGP-TR-1723
486,30,CIVIL,Drawing,5312-30-A1-1042,1,LIQUID SULPHUR DAY VESSEL FOUNDATION DETAILS,IFT,,1005312-WOR-AGP-TR-1637
487,30,CIVIL,Drawing,5312-30-A1-1043,1,WASTE WATER COLLECTION PIT 30-P-0021 DETAILS,IFT,,1005312-WOR-AGP-TR-1833
488,30,CIVIL,Drawing,5312-30-A1-1052,1,TANK FARM TO GRANULATING UNITS PIPEBRIDGE 30-PR-01B - FOUNDATION PLAN AND DETAILS,IFT,,1005312-WOR-AGP-TR-1770
489,30,CIVIL,Drawing,5312-30-A1-1061,1,GRANULATOR COVERING SHELTER - FOUNDATION LAYOUT & DETAILS,IFT,,1005312-WOR-AGP-TR-1529
490,30,CIVIL,Drawing,5312-30-A1-1062,1,GRANULATOR COVERING SHELTER - BASE PLATE LAYOUT & DETAILS,IFT,,1005312-WOR-AGP-TR-1529
491,30,CIVIL,Drawing,5312-30-A1-1063,1,GRANULATOR COVERING SHELTER - STEEL TOP CHORD PLAN,IFT,,1005312-WOR-AGP-TR-1529
492,30,CIVIL,Drawing,5312-30-A1-1064,1,GRANULATOR COVERING SHELTER - STEEL BOTTOM CHORD PLAN,IFT,,1005312-WOR-AGP-TR-1529
493,30,CIVIL,Drawing,5312-30-A1-1065,1,GRANULATOR COVERING SHELTER - STEEL PURLIN LAYOUT,IFT,,1005312-WOR-AGP-TR-1529
494,30,CIVIL,Drawing,5312-30-A1-1066,1,GRANULATOR COVERING SHELTER - STEEL CROSS SECTIONS,IFT,,1005312-WOR-AGP-TR-1529
495,30,CIVIL,Drawing,5312-30-A1-1067,1,GRANULATOR COVERING SHELTER - STEEL LONGITUDINAL SECTIONS,IFT,,1005312-WOR-AGP-TR-1529
496,30,CIVIL,Drawing,5312-30-A1-1541,0,GRANULATOR GX-1 TO GX-5 STRUCTURE DEMOLITION DRAWING,IFT,,1005312-WOR-AGP-TR-0636
497,30,CIVIL,Drawing,5312-30-A1-1545,0,GRANULATOR GX-6 TO GX-9 STRUCTURE DEMOLITION DRAWING,IFT,,1005312-WOR-AGP-TR-0636
498,30,CIVIL,Drawing,5312-30-A1-2045,0,DAY VESSEL PLATFORM STRUCTURAL & FOUNDATION LAYOUT & DETAIL,IFT,,1005312-WOR-AGP-TR-1732
499,30,CIVIL,Drawing,5312-30-A1-2056,1,TANK FARM TO GRANULATING UNITS PIPEBRIDGE 30-PR-01B - STRUCTURAL PLANS,IFT,,1005312-WOR-AGP-TR-1770
500,30,CIVIL,Drawing,5312-30-A1-2057,1,TANK FARM TO GRANULATING UNITS PIPEBRIDGE 30-PR-01B - STRUCTURAL ELEVATIONS,IFT,,1005312-WOR-AGP-TR-1770
501,30,CIVIL,Drawing,5312-30-A1-2058,1,TANK FARM TO GRANULATING UNITS PIPEBRIDGE 30-PR-01B - STRUCTURAL ELEVATION,IFT,,1005312-WOR-AGP-TR-1770
,,,,,,ELECTRICAL,,,
502,30,ELECTRICAL,Drawing,5312-30-A0-6097,0,LIGHTING LAYOUT NEW GRANULATOR AREA,IFT,,1005312-WOR-AGP-TR-1630
503,30,ELECTRICAL,Drawing,5312-30-A0-6098,0,"EARTHING LAYOUT - GRANULATOR SHED BUILDING, CONVEYOR BELT, TRANSFER TOWER-10, 11, 12",IFT,,1005312-WOR-AGP-TR-1658
504,30,ELECTRICAL,Single Line Diagrams,5312-30-A0-6102,0,OVERALL DEMOLITION SINGLE LINE DIAGRAM,IFT,,1005312-WOR-AGP-TR-1630
505,30,ELECTRICAL,Drawing,5312-30-A0-6105,0,LIGHTING LAYOUT - NEW PIPE RACKS,IFT,,1005312-WOR-AGP-TR-1593
506,30,ELECTRICAL,Drawing,5312-30-A0-6107,0,ELECTRICAL CABLE ROUTING LAYOUT EXISTING AREA 30 AND NEW OPERATIONS BUILDING,IFT,,ADNOCGP-WTRAN-007540
507,30,ELECTRICAL,Drawing,5312-30-A0-6108,0,"ELECTRICAL CABLE ROUTING LAYOUT - SUBSTATION-5, NEW SULPHUR TANK AND GRANULATION AREA",IFT,,1005312-WOR-AGP-TR-1563
508,30,ELECTRICAL,Drawing,5312-30-A1-6050,0,LIGHTING LAYOUT GRANULATOR SHADE BUILDING,IFT,,1005312-WOR-AGP-TR-1630
509,30,ELECTRICAL,Drawing,5312-30-A1-6099,0,"ELECTRICAL DEMOLITION LAYOUT - EXISTING GRANULATORS GX-6, 7, 8 AND 9",IFT,,1005312-WOR-AGP-TR-1704
510,30,ELECTRICAL,Drawing,5312-30-A1-6100,0,"ELECTRICAL DEMOLITION LAYOUT - EXISTING GRANULATORS GX-1, 2, 3, 4 & 5",IFT,,1005312-WOR-AGP-TR-1704
511,30,ELECTRICAL,Drawing,5312-30-A1-6101,0,ELECTRICAL DEMOLITION LAYOUT EXISTING FACILITIES,IFT,,1005312-WOR-AGP-TR-1704
512,30,ELECTRICAL,Drawing,5312-30-A1-6104,0,ELECTRICAL DEMOLITION LAYOUT TT-2 AND CONVEYORS,IFT,,1005312-WOR-AGP-TR-1649
513,30,ELECTRICAL,Drawing,5312-30-A1-6106,0,EARTHING LAYOUT - EXISTING AREA 30 REMELTER PACKAGE,IFT,,1005312-WOR-AGP-TR-1314
514,30,ELECTRICAL,Single Line Diagrams,5312-30-A3-6053,0,SMALL POWER DISTRIBUTION BOARD (30-COP-5002) SINGLE LINE DIAGRAM - GRANULATOR SHADE,IFT,,1005312-WOR-AGP-TR-1322
515,30,ELECTRICAL,Drawing,5312-30-A3-6055,0,NORMAL LIGHTING DISTRIBUTION BOARD - 30-LP-5002 GRANULATOR SHADE,IFT,,1005312-WOR-AGP-TR-1322
516,30,ELECTRICAL,Single Line Diagrams,5312-30-A3-6056,0,EMERGENCY LIGHTING DISTRIBUTION BOARD SINGLE LINE DIAGRAM GRANULATOR SHADE,IFT,,1005312-WOR-AGP-TR-1630
517,30,ELECTRICAL,Single Line Diagrams,5312-30-A3-6057,0,SINGLE LINE DIAGRAM FOR MOV DISTRIBUTION BOARD 30-MOVDB-5001 & 40-MOVBD-6001,IFT,,1005312-WOR-AGP-TR-1630
518,30,ELECTRICAL,Single Line Diagrams,5312-30-A3-6096,0,SMALL POWER DISTRIBUTION BOARD (30-COP-5003) SINGLE LINE DIAGRAM GRANULATOR SHADE,IFT,,1005312-WOR-AGP-TR-1322
,,,,,,INSTRUMENTATION & CONTROL,,,
519,30,INSTRUMENTATION,Drawing,5312-30-A1-7080,0,INSTRUMENT & JB LOCATION LAYOUT SULPHUR GRANULATOR BUILDING,IFT,,1005312-WOR-AGP-TR-1794
520,30,INSTRUMENTATION,Lists & Schedules,5312-30-A3-7030,0,INSTRUMENT INDEX - SULPHUR GRANULATION (UNIT-30),IFT,,1005312-WOR-AGP-TR-1455
521,30,INSTRUMENTATION,Lists & Schedules,5312-30-A3-7031,0,F&G INSTRUMENT INDEX - SULPHUR GRANULATION (UNIT-30),IFT,,1005312-WOR-AGP-TR-1718
522,30,INSTRUMENTATION,Input / Output List,5312-30-A3-7040,0,INPUT OUTPUT LIST (DCS & ESD) - SULPHUR GRANULATION (UNIT-30),IFT,,1005312-WOR-AGP-TR-1455
523,30,INSTRUMENTATION,Input / Output List,5312-30-A3-7041,0,INPUT OUTPUT LIST (FGS) - SULPHUR GRANULATION (UNIT-30),IFT,,1005312-WOR-AGP-TR-1820
524,30,INSTRUMENTATION,Block Diagram,5312-30-A3-7050,1,INSTRUMENT CABLE BLOCK DIAGRAM (UNIT 30 - SULPHUR GRANULATION),IFT,,1005312-WOR-AGP-TR-1519
525,30,INSTRUMENTATION,Block Diagram,5312-30-A3-7051,0,FIRE & GAS CABLE BLOCK DIAGRAM - UNIT 30-SULPHUR GRANULATION,IFT,,1005312-WOR-AGP-TR-1821
526,30,INSTRUMENTATION,Cable Schedule,5312-30-A3-7060,0,INSTRUMENT CABLE SCHEDULE - UNIT 30 (SULPHUR GRANULATION),IFT,,1005312-WOR-AGP-TR-1551
527,30,INSTRUMENTATION,Lists & Schedules,5312-30-A3-7070,0,JUNCTION BOX SCHEDULE - UNIT 30,IFT,,1005312-WOR-AGP-TR-1794
,,,,,,MATERIAL & CORROSION,,,
528,30,MATERIALS AND CORROSION,Drawing,5312-30-A1-0403,0,MATERIAL SELECTION DIAGRAM - SULPHUR FORMING (GRANULATION),IFT,,1005312-WOR-AGP-TR-0845
529,30,MATERIALS AND CORROSION,Drawing,5312-30-A1-0404,0,MATERIAL SELECTION DIAGRAM - TYPICAL GRANULATION PACKAGE,IFT,,1005312-WOR-AGP-TR-0845
,,,,,,MECHANICAL,,,
530,30,MECHANICAL,Drawing,5312-30-A1-4500,0,PRELIMINARY G.A. DRAWING FOR GRANULATION AREA AND NEW GRANULATORS,IFT,,1005312-WOR-AGP-TR-0932
,,,,,,PIPING,,,
531,30,PIPING,Drawing - General Arrangement,5312-30-A0-5001,0,PIPING GENERAL ARRANGEMENT NORTH GRANULATION AREA (DEMOLITION),IFT,,1005312-WOR-AGP-TR-1209
532,30,PIPING,Drawing - General Arrangement,5312-30-A0-5002,0,PIPING GENERAL ARRANGEMENT SOUTH GRANULATION AREA (DEMOLITION),IFT,,1005312-WOR-AGP-TR-1209
533,30,PIPING,Drawing - General Arrangement,5312-30-A0-5003,0,PIPING GENERAL ARRANGEMENT SOUTH GRANULATION AREA (DEMOLITION),IFT,,1005312-WOR-AGP-TR-1209
534,30,PIPING,Drawing - General Arrangement,5312-30-A0-5004,0,PIPING GENERAL ARRANGEMENT CONDENSATE RECOVERY VESSEL (DEMOLITION),IFT,,1005312-WOR-AGP-TR-1209
535,30,PIPING,Drawing - General Arrangement,5312-30-A0-5005,0,PIPING GENERAL ARRANGEMENT PROCESS WATER TANK (DEMOLITION),IFT,,1005312-WOR-AGP-TR-1209
536,30,PIPING,Drawing - General Arrangement,5312-30-A0-5006,0,PIPING GENERAL ARRANGEMENT SULPHUR DAY PITS 30-TK-001 / 30-TK-002 (DEMOLITION),IFT,,1005312-WOR-AGP-TR-1209
537,30,PIPING,Drawing - General Arrangement,5312-30-A0-5007,0,PIPING GENERAL ARRANGEMENT SULPHUR DAY PIT 5230-TK-1001 (DEMOLITION),IFT,,1005312-WOR-AGP-TR-1209
538,30,PIPING,Drawing - General Arrangement,5312-30-A0-5008,0,PIPING GENERAL ARRANGEMENT NITROGEN PACKAGE (DEMOLITION),IFT,,1005312-WOR-AGP-TR-1209
539,30,PIPING,Drawing - General Arrangement,5312-30-A0-5009,0,PIPING GENERAL ARRANGEMENT CONVEYOR 5310-CV-1005 (DEMOLITION),IFT,,1005312-WOR-AGP-TR-1209
540,30,PIPING,Drawing - General Arrangement,5312-30-A0-5010,0,PIPING GENERAL ARRANGEMENT CONVEYOR 5310-CV-1005 (DEMOLITION),IFT,,1005312-WOR-AGP-TR-1209
541,30,PIPING,Drawing - General Arrangement,5312-30-A0-5011,0,PIPING GENERAL ARRANGEMENT NORTH GRANULATION AREA (CONSTRUCTION),IFT,,1005312-WOR-AGP-TR-1726
542,30,PIPING,Drawing - General Arrangement,5312-30-A0-5012,0,PIPING GENERAL ARRANGEMENT SOUTH GRANULATION AREA (CONSTRUCTION),IFT,,1005312-WOR-AGP-TR-1726
543,30,PIPING,Drawing - General Arrangement,5312-30-A0-5013,0,PIPING GENERAL ARRANGEMENT SOUTH GRANULATION AREA (CONSTRUCTION),IFT,,1005312-WOR-AGP-TR-1726
544,30,PIPING,Drawing - General Arrangement,5312-30-A0-5014,0,PIPING GENERAL ARRANGEMENT CONDENSATE RECOVERY VESSEL (CONSTRUCTION),IFT,,1005312-WOR-AGP-TR-1726
545,30,PIPING,Drawing - General Arrangement,5312-30-A0-5015,0,PIPING GENERAL ARRANGEMENT PROCESS WATER TANK (CONSTRUCTION),IFT,,1005312-WOR-AGP-TR-1726
546,30,PIPING,Drawing - General Arrangement,5312-30-A0-5016,0,PIPING GENERAL ARRANGEMENT SULPHUR DAY PITS 30-TK-001 AND 30-TK-002 (CONSTRUCTION),IFT,,1005312-WOR-AGP-TR-1726
547,30,PIPING,Drawing - General Arrangement,5312-30-A0-5017,0,PIPING GENERAL ARRANGEMENT SULPHUR DAY PIT 5230-TK-1001 (CONSTRUCTION),IFT,,1005312-WOR-AGP-TR-1726
548,30,PIPING,Drawing - General Arrangement,5312-30-A0-5018,0,PIPING GENERAL ARRANGEMENT NITROGEN PACKAGE (CONSTRUCTION),IFT,,1005312-WOR-AGP-TR-1726
549,30,PIPING,Drawing - General Arrangement,5312-30-A0-5019,0,PIPING GENERAL ARRANGEMENT CONVEYOR 5310-CV-1005 (CONSTRUCTION),IFT,,1005312-WOR-AGP-TR-1726
550,30,PIPING,Drawing - General Arrangement,5312-30-A0-5020,0,PIPING GENERAL ARRANGEMENT CONVEYOR 5310-CV-1005 (CONSTRUCTION),IFT,,1005312-WOR-AGP-TR-1726
551,30,PIPING,Drawing - General Arrangement,5312-30-A0-5021,0,PIPING GENERAL ARRANGEMENT NEW SULPHUR GRANULATON GX-1/GX-4/GX-5,IFT,,1005312-WOR-AGP-TR-1726
552,30,PIPING,Drawing - General Arrangement,5312-30-A0-5022,0,PIPING GENERAL ARRANGEMENT NEW SULPHUR GRANULATON GX-2/GX-3/GX-6,IFT,,1005312-WOR-AGP-TR-1726
553,30,PIPING,Drawing - General Arrangement,5312-30-A0-5023,0,PIPING GENERAL ARRANGEMENT NEW SULPHUR GRANULATON GX-7/GX-8/GX-9,IFT,,1005312-WOR-AGP-TR-1726
554,30,PIPING,Drawing - General Arrangement,5312-30-A0-5024,0,PIPING GENERAL ARRANGEMENT NEW SULPHUR GRANULATON GX-10/GX-11/GX-12/GX-13,IFT,,1005312-WOR-AGP-TR-1726
555,30,PIPING,Drawing - General Arrangement,5312-30-A0-5025,0,PIPING GENERAL ARRANGEMENT NEW SULPHUR GRANULATON V-0004/30-V-0005,IFT,,1005312-WOR-AGP-TR-1726
556,30,PIPING,Drawing - General Arrangement,5312-30-A0-5026,0,PIPING GENERAL ARRANGEMENT CONDENSATE RECOVERY VESSEL,IFT,,1005312-WOR-AGP-TR-1726
557,30,PIPING,Drawing - General Arrangement,5312-30-A0-5027,0,PIPING GENERAL ARRANGEMENT NEW SULPHUR GRANULATION SECTION,IFT,,1005312-WOR-AGP-TR-1726
558,30,PIPING,Drawing - General Arrangement,5312-30-A0-5028,0,PIPING GENERAL ARRANGEMENT NEW LIQUID SULPHUR DAY VESSEL SECTION,IFT,,1005312-WOR-AGP-TR-1726
559,30,PIPING,Drawing - General Arrangement,5312-30-A0-5029,0,PIPING GENERAL ARRANGEMENT NORTH GRANULATON AREA (DEMOLITION),IFT,,1005312-WOR-AGP-TR-1726
560,30,PIPING,Drawing - General Arrangement,5312-30-A0-5030,0,PIPING GENERAL ARRANGEMENT NORTH GRANULATON AREA (CONSTRUCTION),IFT,,1005312-WOR-AGP-TR-1726
561,30,PIPING,Drawing - General Arrangement,5312-30-A0-5031,0,PIPING GENERAL ARRANGEMENT NEW SULPHUR GRANULATON GX-4/GX-5/GX-6,IFT,,1005312-WOR-AGP-TR-1726
562,30,PIPING,Drawing - General Arrangement,5312-30-A0-5032,0,PIPING GENERAL ARRANGEMENT NEW SULPHUR GRANULATON GX-1/GX-2/GX-3,IFT,,1005312-WOR-AGP-TR-1726
563,30,PIPING,Drawing - General Arrangement,5312-30-A0-5033,0,PIPING GENERAL ARRANGEMENT NEW SULPHUR GRANULATON GX-7/GX-8/GX-9,IFT,,1005312-WOR-AGP-TR-1726
564,30,PIPING,Drawing - General Arrangement,5312-30-A0-5034,0,PIPING GENERAL ARRANGEMENT NEW SULPHUR GRANULATON GX-10/GX-11/GX-12/GX-13,IFT,,1005312-WOR-AGP-TR-1726
565,30,PIPING,Drawing - General Arrangement,5312-30-A0-5035,0,PIPING GENERAL ARRANGEMENT NEW SULPHUR GRANULATON V-0004/30-V-0005,IFT,,1005312-WOR-AGP-TR-1726
,,,,,,PROCESS,,,
566,30,PROCESS,Process Flow Diagram,5312-30-A1-0003,0,PROCESS FLOW DIAGRAM - SULPHUR FORMING (GRANULATION) AND TYPICAL GRANULATION PACKAGE,IFT,,1005312-WOR-AGP-TR-0856
567,30,PROCESS,Piping & Instrumentation Diagram,5312-30-A1-0047,0,P&ID - SULPHUR GRANULATION UNIT UTILITY DISTRIBUTION 30-ME-0001 & 30-ME-0002,IFT,,1005312-WOR-AGP-TR-1046
568,30,PROCESS,Piping & Instrumentation Diagram,5312-30-A1-0048,0,P&ID - SULPHUR GRANULATION UNIT UTILITY DISTRIBUTION 30-ME-0003 & 30-ME-0004,IFT,,1005312-WOR-AGP-TR-1046
569,30,PROCESS,Piping & Instrumentation Diagram,5312-30-A1-0049,0,P&ID - SULPHUR GRANULATION UNIT UTILITY DISTRIBUTION 30-ME-0005 & 30-ME-0006,IFT,,1005312-WOR-AGP-TR-1046
570,30,PROCESS,Piping & Instrumentation Diagram,5312-30-A1-0050,0,P&ID - SULPHUR GRANULATION UNIT UTILITY DISTRIBUTION 30-ME-0007 & 30-ME-0008,IFT,,1005312-WOR-AGP-TR-1046
571,30,PROCESS,Piping & Instrumentation Diagram,5312-30-A1-0051,0,P&ID - SULPHUR GRANULATION UNIT UTILITY DISTRIBUTION 30-ME-0009 & 30-ME-0010,IFT,,1005312-WOR-AGP-TR-1046
572,30,PROCESS,Piping & Instrumentation Diagram,5312-30-A1-0052,0,P&ID - SULPHUR GRANULATION UNIT UTILITY DISTRIBUTION 30-ME-0011 & 30-ME-0012,IFT,,1005312-WOR-AGP-TR-1046
573,30,PROCESS,Piping & Instrumentation Diagram,5312-30-A1-0053,0,P&ID - SULPHUR GRANULATION UNIT UTILITY DISTRIBUTION 30-ME-0013,IFT,,1005312-WOR-AGP-TR-1046
574,30,PROCESS,Piping & Instrumentation Diagram,5312-30-A1-0066,0,P&ID - LIQUID SULPHUR FILTER 30-F-0001A/S AND 30-F-0002AS,IFT,,1005312-WOR-AGP-TR-1046
575,30,PROCESS,Piping & Instrumentation Diagram,5312-30-A1-0067,0,P&ID - LIQUID SULPHUR FILTER 30-F-0003A/S,IFT,,1005312-WOR-AGP-TR-1046
576,30,PROCESS,Piping & Instrumentation Diagram,5312-30-A1-0068,0,P&ID - LIQUID SULPHUR FILTER 30-F-0004A/S & 30-F-0005A/S,IFT,,1005312-WOR-AGP-TR-1046
577,30,PROCESS,Piping & Instrumentation Diagram,5312-30-A1-0069,0,P&ID - LIQUID SULPHUR DAY VESSEL 30-V-0001,IFT,,1005312-WOR-AGP-TR-1046
578,30,PROCESS,Piping & Instrumentation Diagram,5312-30-A1-0070,0,P&ID - LIQUID SULPHUR DAY VESSEL 30-V-0002,IFT,,1005312-WOR-AGP-TR-1046
579,30,PROCESS,Piping & Instrumentation Diagram,5312-30-A1-0071,0,P&ID - LIQUID SULPHUR DAY VESSEL 30-V-0003,IFT,,1005312-WOR-AGP-TR-1046
580,30,PROCESS,Piping & Instrumentation Diagram,5312-30-A1-0072,0,P&ID - LIQUID SULPHUR DAY VESSEL 30-V-0004,IFT,,1005312-WOR-AGP-TR-1046
581,30,PROCESS,Piping & Instrumentation Diagram,5312-30-A1-0073,0,P&ID - LIQUID SULPHUR DAY VESSEL 30-V-0005,IFT,,1005312-WOR-AGP-TR-1046
582,30,PROCESS,Piping & Instrumentation Diagram,5312-30-A1-0074,0,P&ID - SULPHUR GRANULATION UNIT 30-ME-0001 (GX-1),IFT,,1005312-WOR-AGP-TR-1046
583,30,PROCESS,Piping & Instrumentation Diagram,5312-30-A1-0075,0,P&ID - SULPHUR GRANULATION UNIT 30-ME-1000 (GX-1) WET SCRUBBER SYSTEM,IFT,,1005312-WOR-AGP-TR-1046
584,30,PROCESS,Piping & Instrumentation Diagram,5312-30-A1-0076,0,P&ID - SULPHUR GRANULATION UNIT 30-ME-0001 (GX-1) PROCESS WATER SYSTEM,IFT,,1005312-WOR-AGP-TR-1046
585,30,PROCESS,Piping & Instrumentation Diagram,5312-30-A1-0077,0,P&ID - SULPHUR GRANULATION UNIT 30-ME-0004 (GX-4),IFT,,1005312-WOR-AGP-TR-1046
586,30,PROCESS,Piping & Instrumentation Diagram,5312-30-A1-0078,0,P&ID - SULPHUR GRANULATION UNIT 30-ME-0004 WET SCRUB,IFT,,1005312-WOR-AGP-TR-1046
587,30,PROCESS,Piping & Instrumentation Diagram,5312-30-A1-0079,0,P&ID - SULPHUR GRANULATION UNIT 30-ME-2000 (GX-1) PROCESS WATER SYSTEM,IFT,,1005312-WOR-AGP-TR-1046
588,30,PROCESS,Piping & Instrumentation Diagram,5312-30-A1-0080,0,P&ID - SULPHUR GRANULATION UNIT 30-ME-0005 (GX-5),IFT,,1005312-WOR-AGP-TR-1046
589,30,PROCESS,Piping & Instrumentation Diagram,5312-30-A1-0081,0,P&ID - SULPHUR GRANULATION UNIT 30-ME-0005 WET SCRUBBER SYSTEM,IFT,,1005312-WOR-AGP-TR-1046
590,30,PROCESS,Piping & Instrumentation Diagram,5312-30-A1-0082,0,P&ID - SULPHUR GRANULATION UNIT 30-ME-5000 (GX-5) PROCESS WATER SYSTEM,IFT,,1005312-WOR-AGP-TR-1046
591,30,PROCESS,Piping & Instrumentation Diagram,5312-30-A1-0083,0,P&ID - SULPHUR GRANULATION UNIT 30-ME-0010 (GX-10),IFT,,1005312-WOR-AGP-TR-1046
592,30,PROCESS,Piping & Instrumentation Diagram,5312-30-A1-0084,0,P&ID - SULPHUR GRANULATION UNIT 30-ME-0010 (GX-10) WET SCRUBBER SYSTEM,IFT,,1005312-WOR-AGP-TR-1046
593,30,PROCESS,Piping & Instrumentation Diagram,5312-30-A1-0085,0,P&ID - SULPHUR GRANULATION UNIT 30-ME-0010 (GX-10) PROCESS WATER SYSTEM,IFT,,1005312-WOR-AGP-TR-1046
594,30,PROCESS,Piping & Instrumentation Diagram,5312-30-A1-0086,0,P&ID - SULPHUR GRANULATION UNIT 30-ME-0011 (GX-11),IFT,,1005312-WOR-AGP-TR-1046
595,30,PROCESS,Piping & Instrumentation Diagram,5312-30-A1-0087,0,P&ID - SULPHUR GRANULATION UNIT 30-ME-0011 (GX-11) WET SCRUBBER SYSTEM,IFT,,1005312-WOR-AGP-TR-1046
596,30,PROCESS,Piping & Instrumentation Diagram,5312-30-A1-0088,0,P&ID - SULPHUR GRANULATION UNIT 30-ME-0011 (GX-11) PROCESS WATER SYSTEM,IFT,,1005312-WOR-AGP-TR-1046
597,30,PROCESS,Piping & Instrumentation Diagram,5312-30-A1-0089,0,P&ID - SULPHUR GRANULATION UNIT 30-ME-0012 (GX-12),IFT,,1005312-WOR-AGP-TR-1046
598,30,PROCESS,Piping & Instrumentation Diagram,5312-30-A1-0090,0,P&ID - SULPHUR GRANULATION UNIT 30-ME-0012 (GX-12) WET SCRUBBER SYSTEM,IFT,,1005312-WOR-AGP-TR-1046
599,30,PROCESS,Piping & Instrumentation Diagram,5312-30-A1-0091,0,P&ID - SULPHUR GRANULATION UNIT 30-ME-0012 (GX-12) PROCESS WATER SYSTEM,IFT,,1005312-WOR-AGP-TR-1046
600,30,PROCESS,Piping & Instrumentation Diagram,5312-30-A1-0092,0,P&ID - SULPHUR GRANULATION UNIT 30-ME-0013 (GX-13),IFT,,1005312-WOR-AGP-TR-1046
601,30,PROCESS,Piping & Instrumentation Diagram,5312-30-A1-0093,0,P&ID - SULPHUR GRANULATION UNIT 30-ME-0013 (GX-13) WET SCRUBBER SYSTEM,IFT,,1005312-WOR-AGP-TR-1046
602,30,PROCESS,Piping & Instrumentation Diagram,5312-30-A1-0094,0,P&ID - SULPHUR GRANULATION UNIT 30-ME-0013 (GX-13) PROCESS WATER SYSTEM,IFT,,1005312-WOR-AGP-TR-1046
603,30,PROCESS,Piping & Instrumentation Diagram,5312-30-A1-0095,0,P&ID - REMELTER (30-ME-0014),IFT,,1005312-WOR-AGP-TR-1046
604,30,PROCESS,Piping & Instrumentation Diagram,5312-30-A1-0119,0,P&ID TRANSFER POINT WET SCRUBBER 54110-ME-4006 (UNIT NO. 11) - DEMOLITION,IFT,,1005312-WOR-AGP-TR-0923
605,30,PROCESS,Piping & Instrumentation Diagram,5312-30-A1-0121,0,P&ID NEW SULPHUR REMELT PIT (MODIFIED) - DEMOLITION,IFT,,1005312-WOR-AGP-TR-0923
606,30,PROCESS,Piping & Instrumentation Diagram,5312-30-A1-0131,0,P&ID NEW SULPHUR DAY PIT (MODIFIED) - 1 OF 2 - DEMOLITION,IFT,,1005312-WOR-AGP-TR-0923
607,30,PROCESS,Piping & Instrumentation Diagram,5312-30-A1-0134,0,P&ID NEW SULPHUR DAY PIT (MODIFIED) - 2 OF 2 - DEMOLITION,IFT,,1005312-WOR-AGP-TR-0923
608,30,PROCESS,Piping & Instrumentation Diagram,5312-30-A1-0136,0,P&ID SULPHUR FORMING PLANT GX-1 SETTLING TANK - DEMOLITION,IFT,,1005312-WOR-AGP-TR-0923
609,30,PROCESS,Piping & Instrumentation Diagram,5312-30-A1-0137,0,P&ID SULPHUR FORMING PLANT GX-1 - 1 OF 2 - DEMOLITION,IFT,,1005312-WOR-AGP-TR-0923
610,30,PROCESS,Piping & Instrumentation Diagram,5312-30-A1-0138,0,P&ID SULPHUR FORMING PLANT GX-1 - 2 OF 2 - DEMOLITION,IFT,,1005312-WOR-AGP-TR-0923
611,30,PROCESS,Piping & Instrumentation Diagram,5312-30-A1-0139,0,P&ID SULPHUR GRANULATION UNIT 54130-ME-2000 (GX-2) WET SCRUBBER SYSTEM - DEMOLITION,IFT,,1005312-WOR-AGP-TR-0923
612,30,PROCESS,Piping & Instrumentation Diagram,5312-30-A1-0140,0,P&ID SULPHUR GRANULATION UNIT 54130-ME-2000 (GX-2) GX & SOLID SULPHUR HANDLING - DEMOLITION,IFT,,1005312-WOR-AGP-TR-0923
613,30,PROCESS,Piping & Instrumentation Diagram,5312-30-A1-0141,0,P&ID SULPHUR GRANULATION UNIT 54130-ME-2000 (GX-2) PROCESS WATER SYSTEM - DEMOLITION,IFT,,1005312-WOR-AGP-TR-0923
614,30,PROCESS,Piping & Instrumentation Diagram,5312-30-A1-0142,0,P&ID SULPHUR GRANULATION UNIT 54130-ME-3000 (GX-X) WET SCRUBBER SYSTEM - DEMOLITION,IFT,,1005312-WOR-AGP-TR-0923
615,30,PROCESS,Piping & Instrumentation Diagram,5312-30-A1-0143,0,P&ID SULPHUR GRANULATION UNIT 54130-ME-3000 (GX-X) PROCESS WATER SYSTEM - DEMOLITION,IFT,,1005312-WOR-AGP-TR-0923
616,30,PROCESS,Piping & Instrumentation Diagram,5312-30-A1-0144,0,P&ID SULPHUR GRANULATION UNIT 54130-ME-3000 (GX-X) GX & SOLID SULPHUR HANDLING - DEMOLITION,IFT,,1005312-WOR-AGP-TR-0923
617,30,PROCESS,Piping & Instrumentation Diagram,5312-30-A1-0145,0,P&ID SULPHUR FORMING PLANT GX#4 PART 2 (MODIFIED) - DEMOLITION,IFT,,1005312-WOR-AGP-TR-0923
618,30,PROCESS,Piping & Instrumentation Diagram,5312-30-A1-0146,0,P&ID SULPHUR FORMING PLANT GX#4 PART 1 - DEMOLITION,IFT,,1005312-WOR-AGP-TR-0923
619,30,PROCESS,Piping & Instrumentation Diagram,5312-30-A1-0147,0,P&ID SULPHUR FORMING PLANT GX-4 SETTLING TANK - DEMOLITION,IFT,,1005312-WOR-AGP-TR-0923
620,30,PROCESS,Piping & Instrumentation Diagram,5312-30-A1-0148,0,P&ID SULPHUR FORMING PLANT GX#5 PART 1 - DEMOLITION,IFT,,1005312-WOR-AGP-TR-0923
621,30,PROCESS,Piping & Instrumentation Diagram,5312-30-A1-0149,0,P&ID SULPHUR FORMING PLANT GX-5 SETTLING TANK - DEMOLITION,IFT,,1005312-WOR-AGP-TR-0923
622,30,PROCESS,Piping & Instrumentation Diagram,5312-30-A1-0151,0,P&ID SULPHUR GRANULATION UNIT UTILITY DISTRIBUTION - SHEET 1 - DEMOLITION,IFT,,1005312-WOR-AGP-TR-0923
623,30,PROCESS,Piping & Instrumentation Diagram,5312-30-A1-0152,0,P&ID SULPHUR GX UNIT 5330-ME-6000 (GX#6) GX & SOLID SULPHUR HANDLING  - DEMOLITION,IFT,,1005312-WOR-AGP-TR-0923
624,30,PROCESS,Piping & Instrumentation Diagram,5312-30-A1-0153,0,P&ID SULPHUR GX UNIT 5330-ME-6000 (GX#6) WET SCRUBBER SYSTEM - DEMOLITION,IFT,,1005312-WOR-AGP-TR-0923
625,30,PROCESS,Piping & Instrumentation Diagram,5312-30-A1-0154,0,P&ID SULPHUR GX UNIT 5330-ME-6000 (GX#6) PROCESS WATER SYSTEM - DEMOLITION,IFT,,1005312-WOR-AGP-TR-0923
626,30,PROCESS,Piping & Instrumentation Diagram,5312-30-A1-0155,0,P&ID SULPHUR GX UNIT 5330-ME-7000 (GX#7) GX & SOLID SULPHUR HANDLING - DEMOLITION,IFT,,1005312-WOR-AGP-TR-0923
627,30,PROCESS,Piping & Instrumentation Diagram,5312-30-A1-0156,0,P&ID SULPHUR GX UNIT 5330-ME-7000 (GX#7) WET SCRUBBER SYSTEM - DEMOLITION,IFT,,1005312-WOR-AGP-TR-0923
628,30,PROCESS,Piping & Instrumentation Diagram,5312-30-A1-0157,0,P&ID SULPHUR GX UNIT 5330-ME-7000 (GX#7) PROCESS WATER SYSTEM - DEMOLITION,IFT,,1005312-WOR-AGP-TR-0923
629,30,PROCESS,Piping & Instrumentation Diagram,5312-30-A1-0158,0,P&ID SULPHUR GRANULATION UNIT UTILITY DISTRIBUTION - SHEET 2 - DEMOLITION,IFT,,1005312-WOR-AGP-TR-0923
630,30,PROCESS,Piping & Instrumentation Diagram,5312-30-A1-0159,0,P&ID SULPHUR GX UNIT 5330-ME-8000 (GX#8) WET SCRUBBER SYSTEM - DEMOLITION,IFT,,1005312-WOR-AGP-TR-0923
631,30,PROCESS,Piping & Instrumentation Diagram,5312-30-A1-0160,0,P&ID SULPHUR GX UNIT 5330-ME-8000 (GX#8) GX & SOLID SULPHUR HANDLING - DEMOLITION,IFT,,1005312-WOR-AGP-TR-0923
632,30,PROCESS,Piping & Instrumentation Diagram,5312-30-A1-0161,0,P&ID SULPHUR GX UNIT 5330-ME-8000 (GX#8) PROCESS WATER SYSTEM - DEMOLITION,IFT,,1005312-WOR-AGP-TR-0923
633,30,PROCESS,Piping & Instrumentation Diagram,5312-30-A1-0162,0,P&ID SULPHUR GRANULATION UNIT UTILITY DISTRIBUTION DISTRIBUTION - SHEET 2 - DEMOLITION,IFT,,1005312-WOR-AGP-TR-0923
634,30,PROCESS,Piping & Instrumentation Diagram,5312-30-A1-0163,0,P&ID SULPHUR GX UNIT 5330-ME-9000 (GX#9) GX & SOLID SULPHUR HANDLING - DEMOLITION,IFT,,1005312-WOR-AGP-TR-0923
635,30,PROCESS,Piping & Instrumentation Diagram,5312-30-A1-0164,0,P&ID SULPHUR GX UNIT 5330-ME-9000 (GX#9) WET SCRUBBER SYSTEM - DEMOLITION,IFT,,1005312-WOR-AGP-TR-0923
636,30,PROCESS,Piping & Instrumentation Diagram,5312-30-A1-0165,0,P&ID SULPHUR GX UNIT 5330-ME-9000 (GX#9) PROCESS WATER SYSTEM - DEMOLITION,IFT,,1005312-WOR-AGP-TR-0923
637,30,PROCESS,Piping & Instrumentation Diagram,5312-30-A1-0194,0,P&ID SULPHUR FORMING PLANT (MODIFIED) - DEMOLITION,IFT,,1005312-WOR-AGP-TR-0923
638,30,PROCESS,Piping & Instrumentation Diagram,5312-30-A1-0195,0,P&ID SULPHUR FORMING PLANT GX-3 (MODIFIED) - DEMOLITION,IFT,,1005312-WOR-AGP-TR-0923
639,30,PROCESS,Piping & Instrumentation Diagram,5312-30-A1-0197,0,P&ID NORTH SIDE SULPHUR COOLER - DEMOLITION,IFT,,1005312-WOR-AGP-TR-1499
640,30,PROCESS,Piping & Instrumentation Diagram,5312-30-A1-0231,0,P&ID NEW SULPHUR DAILY PIT (MODIFIED),IFT,,1005312-WOR-AGP-TR-0997
641,30,PROCESS,Piping & Instrumentation Diagram,5312-30-A1-0238,0,P&ID SULPHUR FORMING PLANT GX-1,IFT,,1005312-WOR-AGP-TR-0997
642,30,PROCESS,Piping & Instrumentation Diagram,5312-30-A1-0239,0,P&ID SULPHUR GRANULATION UNIT 30-ME-0002 (GX-2) WET SCRUBBER SYSTEM,IFT,,1005312-WOR-AGP-TR-0997
643,30,PROCESS,Piping & Instrumentation Diagram,5312-30-A1-0240,0,P&ID SULPHUR GRANULATION UNIT 30-ME-0002 (GX-2) GX & SOLID SULPHUR HANDLING,IFT,,1005312-WOR-AGP-TR-0997
644,30,PROCESS,Piping & Instrumentation Diagram,5312-30-A1-0241,0,P&ID SULPHUR GRANULATION UNIT 30-ME-0002 (GX-2) PROCESS WATER,IFT,,1005312-WOR-AGP-TR-0997
645,30,PROCESS,Piping & Instrumentation Diagram,5312-30-A1-0242,0,P&ID SULPHUR GRANULATION UNIT 30-ME-0003 (GX-3) WET SCRUBBER SYSTEM,IFT,,1005312-WOR-AGP-TR-0997
646,30,PROCESS,Piping & Instrumentation Diagram,5312-30-A1-0243,0,P&ID SULPHUR GRANULATION UNIT 30-ME-0003 (GX-3) PROCESS WATER SYSTEM,IFT,,1005312-WOR-AGP-TR-0997
647,30,PROCESS,Piping & Instrumentation Diagram,5312-30-A1-0244,0,P&ID SULPHUR GRANULATION UNIT 30-ME-0003 (GX-3) GX & SOLID SULPHUR HANDLING,IFT,,1005312-WOR-AGP-TR-0997
648,30,PROCESS,Piping & Instrumentation Diagram,5312-30-A1-0252,0,P&ID SULPHUR GX UNIT 30-ME-0006 (GX#6) GX & SOLID SULPHUR HANDLING,IFT,,1005312-WOR-AGP-TR-0997
649,30,PROCESS,Piping & Instrumentation Diagram,5312-30-A1-0253,0,P&ID SULPHUR GX UNIT 30-ME-0006 (GX#6) WET SCRUBBER SYSTEM,IFT,,1005312-WOR-AGP-TR-0997
650,30,PROCESS,Piping & Instrumentation Diagram,5312-30-A1-0254,0,P&ID SULPHUR GX UNIT 30-ME-0006 (GX#6) PROCESS WATER SYSTEM,IFT,,1005312-WOR-AGP-TR-0997
651,30,PROCESS,Piping & Instrumentation Diagram,5312-30-A1-0255,0,P&ID SULPHUR GX UNIT 30-ME-0007 (GX#7) GX & SOLID SULPHUR HANDLING,IFT,,1005312-WOR-AGP-TR-0997
652,30,PROCESS,Piping & Instrumentation Diagram,5312-30-A1-0256,0,P&ID SULPHUR GX UNIT 30-ME-0007 (GX#7) WET SCRUBBER SYSTEM,IFT,,1005312-WOR-AGP-TR-0997
653,30,PROCESS,Piping & Instrumentation Diagram,5312-30-A1-0257,0,P&ID SULPHUR GX UNIT 30-ME-0007 (GX#7) PROCESS WATER SYSTEM,IFT,,1005312-WOR-AGP-TR-0997
654,30,PROCESS,Piping & Instrumentation Diagram,5312-30-A1-0259,0,P&ID SULPHUR GX UNIT 30-ME-0008 (GX#8) WET SCRUBBER SYSTEM,IFT,,1005312-WOR-AGP-TR-0997
655,30,PROCESS,Piping & Instrumentation Diagram,5312-30-A1-0260,0,P&ID SULPHUR GX UNIT 30-ME-0008 (GX#8) GX & SOLID SULPHUR HANDLING,IFT,,1005312-WOR-AGP-TR-0997
656,30,PROCESS,Piping & Instrumentation Diagram,5312-30-A1-0261,0,P&ID SULPHUR GX UNIT 30-ME-0008 (GX#8) PROCESS WATER SYSTEM,IFT,,1005312-WOR-AGP-TR-0997
657,30,PROCESS,Piping & Instrumentation Diagram,5312-30-A1-0263,0,P&ID SULPHUR GX UNIT 30-ME-0009 (GX#9) GX & SOLID SULPHUR HANDLING,IFT,,1005312-WOR-AGP-TR-0997
658,30,PROCESS,Piping & Instrumentation Diagram,5312-30-A1-0264,0,P&ID SULPHUR GX UNIT 30-ME-0009 (GX#9) WET SCRUBBER SYSTEM,IFT,,1005312-WOR-AGP-TR-0997
659,30,PROCESS,Piping & Instrumentation Diagram,5312-30-A1-0265,0,P&ID SULPHUR GX UNIT 30-ME-0009 (GX#9) PROCESS WATER SYSTEM,IFT,,1005312-WOR-AGP-TR-0997
660,30,PROCESS,Drawing,5312-30-A1-0303,0,PROCESS SAFEGUARDING FLOW SCHEME - SULPHUR FORMING (GRANULATION) AND TYPICAL GRANULATION PACKAGE,IFT,,1005312-WOR-AGP-TR-1217
,,,,,,UNIT-40,,,
,,,,,,CIVIL/STRUCTURAL,,,
661,40,CIVIL,Drawing,5312-40-A1-0565,1,TANK FARM AREA SOIL IMPROVEMENT AND OVERALL SOIL IMPROVEMENT BY CMC / RIGID INCLUSION,IFT,,1005312-WOR-AGP-TR-1783
662,40,CIVIL,Drawing,5312-40-A1-1001,0,SULPHUR UNLOADING PIT (40-PT-101) REFURBISHMENT CONCRETE WORKS,IFT,,1005312-WOR-AGP-TR-1719
663,40,CIVIL,Drawing,5312-40-A1-1002,0,SULPHUR UNLOADING PIT (5240-PT-1001) REFURBISHMENT CONCRETE WORKS,IFT,,1005312-WOR-AGP-TR-1719
664,40,CIVIL,Drawing,5312-40-A1-1003,0,TRUCK UNLOADING PIT (54140-PT-4001) REFURBISHMENT CONCRETE WORKS,IFT,,1005312-WOR-AGP-TR-1719
665,40,CIVIL,Drawing,5312-40-A1-1011,0,MOLTEN SULPHUR TANK (40-TK-101) REFURBISHMENT CIVIL WORKS,IFT,,1005312-WOR-AGP-TR-1790
666,40,CIVIL,Drawing,5312-40-A1-1012,0,LIQUID SULPHUR STORAGE (54140-TK-4002) REFURBISHMENT CIVIL WORKS,IFT,,1005312-WOR-AGP-TR-1790
667,40,CIVIL,Drawing,5312-40-A1-1021,1,PIG RECEIVER AREA PIPE BRIDGE - PR-10 FOUNDATION PLAN AND DETAILS,IFT,,1005312-WOR-AGP-TR-1768
668,40,CIVIL,Drawing,5312-40-A1-1031,1,RECEIVER AREA PIPERACK 40-PR-07 - FOUNDATION PLAN AND DETAILS,IFT,,1005312-WOR-AGP-TR-1769
669,40,CIVIL,Drawing,5312-40-A1-1032,1,INTERCONNECTING PIPERACK 40-PR-14 FOUNDATION PLAN AND DETAILS,IFT,,1005312-WOR-AGP-TR-1767
670,40,CIVIL,Drawing,5312-40-A1-1041,1,LIQUID SULPHUR STORAGE TANK (40-TK-0001/0002/0003) FOUNDATION DETAILS,IFT,,1005312-WOR-AGP-TR-1735
671,40,CIVIL,Drawing,5312-40-A1-1042,1,BUND WALL DETAILS,IFT,,1005312-WOR-AGP-TR-1734
672,40,CIVIL,Drawing,5312-40-A1-1050,0,TRANSFER PUMP (40-P-0001A/B/C/S) SHELTER DETAILS,IFT,,1005312-WOR-AGP-TR-1722
673,40,CIVIL,Drawing,5312-40-A1-1051,1,BUND WALL LAYOUT,IFT,,1005312-WOR-AGP-TR-1734
674,40,CIVIL,Drawing,5312-40-A1-1061,0,INTERCONNECTING PIPE BRIDGE 40-PR-16 - FOUNDATION PLAN AND DETAILS,IFT,,1005312-WOR-AGP-TR-1639
675,40,CIVIL,Drawing,5312-40-A1-1071,0,TRUCK UNLOADING BAY REFURBISHMENT CONCRETE WORKS,IFT,,1005312-WOR-AGP-TR-1790
676,40,CIVIL,Drawing,5312-40-A1-1072,0,UTILITY PIPERACK 40-STR-01 MODIFICATION FOUNDATION LAYOUT,IFT,,1005312-WOR-AGP-TR-1776
677,40,CIVIL,Drawing,5312-40-A1-1171,0,PIPERACK FOUNDATION MODIFICATION LAYOUT TK-4002 TANK FARM RACK,IFT,,1005312-WOR-AGP-TR-1776
678,40,CIVIL,Drawing,5312-40-A1-1501,0,TANK TK-102 STRUCTURAL DEMOLITION DRAWING,IFT,,1005312-WOR-AGP-TR-0897
679,40,CIVIL,Drawing,5312-40-A1-1502,0,TANK TK-1001 STRUCTURAL DEMOLITION DRAWING,IFT,,1005312-WOR-AGP-TR-0897
680,40,CIVIL,Drawing,5312-40-A1-1503,0,TANK TK-1002 STRUCTURAL DEMOLITION DRAWING,IFT,,1005312-WOR-AGP-TR-0897
681,40,CIVIL,Drawing,5312-40-A1-2001,1,RECEIVER AREA PIPERACK 40-PR-07 - STRUCTURAL PLANS,IFT,,1005312-WOR-AGP-TR-1769
682,40,CIVIL,Drawing,5312-40-A1-2002,1,RECEIVER AREA PIPERACK 40-PR-07 - STRUCTURAL ELEVATIONS,IFT,,1005312-WOR-AGP-TR-1769
683,40,CIVIL,Drawing,5312-40-A1-2006,1,INTERCONNECTING PIPERACK 40-PR-14 STRUCTURAL PLANS,IFT,,1005312-WOR-AGP-TR-1767
684,40,CIVIL,Drawing,5312-40-A1-2007,1,INTERCONNECTING PIPERACK 40-PR-14 STRUCTURAL ELEVATION,IFT,,1005312-WOR-AGP-TR-1767
685,40,CIVIL,Drawing,5312-40-A1-2011,0,TRUCK UNLOADING BAY REFURBISHMENT STEEL WORKS,IFT,,1005312-WOR-AGP-TR-1790
686,40,CIVIL,Drawing,5312-40-A1-2051,0,INTERCONNECTING PIPE BRIDGE 40-PR-16 - STRUCTURAL PLANS,IFT,,1005312-WOR-AGP-TR-1639
687,40,CIVIL,Drawing,5312-40-A1-2052,0,INTERCONNECTING PIPE BRIDGE 40-PR-16 - STRUCTURAL ELEVATION,IFT,,1005312-WOR-AGP-TR-1639
688,40,CIVIL,Drawing,5312-40-A1-2053,0,INTERCONNECTING PIPE BRIDGE 40-PR-16 - STRUCTURAL ELEVATION,IFT,,1005312-WOR-AGP-TR-1639
689,40,CIVIL,Drawing,5312-40-A1-2061,1,NEW TANK FARM AREA - PIPERACK 40-PR-01 STRUCTURAL PLANS,IFT,,1005312-WOR-AGP-TR-1741
690,40,CIVIL,Drawing,5312-40-A1-2062,1,NEW TANK FARM AREA - PIPERACK 40-PR-01 STRUCTURAL ELEVATIONS,IFT,,1005312-WOR-AGP-TR-1741
691,40,CIVIL,Drawing,5312-40-A1-2063,1,NEW TANK FARM AREA - PIPERACK 40-PR-01 FOUNDATION PLAN AND DETAILS,IFT,,1005312-WOR-AGP-TR-1741
692,40,CIVIL,Drawing,5312-40-A1-2071,0,TANK FARM PIPE RACK NEAR 54140-TK-4002 MODIFICATIONS DETAILS STRUCTURAL PLANS,IFT,,1005312-WOR-AGP-TR-1776
693,40,CIVIL,Drawing,5312-40-A1-2072,0,TANK FARM PIPERACK NEAR 54140-TK-4002 MODIFICATIONS DETAILS STRUCTURAL ELEVATIONS,IFT,,1005312-WOR-AGP-TR-1776
694,40,CIVIL,Drawing,5312-40-A1-2073,0,TANK FARM PIPERACK NEAR 54140-TK-4002 MODIFICATIONS DETAILS STRUCTURAL ELEVATIONS,IFT,,1005312-WOR-AGP-TR-1776
695,40,CIVIL,Drawing,5312-40-A1-2074,0,UTILITY PIPERACK 40-STR-01  MODIFICATION STRUCTURAL PLANS,IFT,,1005312-WOR-AGP-TR-1776
696,40,CIVIL,Drawing,5312-40-A1-2075,0,UTILITY PIPERACK 40-STR-01  MODIFICATION STRUCTURAL ELEVATIONS,IFT,,1005312-WOR-AGP-TR-1776
697,40,CIVIL,Drawing,5312-40-A1-2081,1,PIG RECEIVER AREA PIPE BRIDGE - PR-10 STRUCTURAL PLANS,IFT,,1005312-WOR-AGP-TR-1768
698,40,CIVIL,Drawing,5312-40-A1-2082,1,PIG RECEIVER AREA PIPE BRIDGE - PR-10 STRUCTURAL ELEVATION,IFT,,1005312-WOR-AGP-TR-1768
699,40,CIVIL,Drawing,5312-40-A1-2083,1,PIG RECEIVER AREA PIPE BRIDGE - PR-10 STRUCTURAL ELEVATION,IFT,,1005312-WOR-AGP-TR-1768
,,,,,,ELECTRICAL,,,
700,40,ELECTRICAL,Drawing,5312-40-A0-6089,0,ELECTRICAL CABLE ROUTING LAYOUT EXISTING AREA 40,IFT,,1005312-WOR-AGP-TR-1520
701,40,ELECTRICAL,Drawing,5312-40-A0-6090,0,EARTHING LAYOUT - NEW LIQUID SULPHUR STORAGE AREA,IFT,,1005312-WOR-AGP-TR-1704
702,40,ELECTRICAL,Drawing,5312-40-A0-6092,0,LIGHTING LAYOUT - CONVEYOR 10-CV-0005 AND TT-3 EXTENSION,IFT,,1005312-WOR-AGP-TR-1563
703,40,ELECTRICAL,Drawing,5312-40-A0-6094,0,LIGHTING LAYOUT NEW LIQUID SULPHUR STORAGE AREA,IFT,,1005312-WOR-AGP-TR-1630
704,40,ELECTRICAL,Drawing,5312-40-A1-6093,0,LIQUID SULPHUR STORAGE TANK AREA ELECTRICAL PANEL SCHEDULES - UPDATED,IFT,,1005312-WOR-AGP-TR-1614
705,40,ELECTRICAL,Drawing,5312-40-A1-6095,0,EARTHING LAYOUT - EXISTING AREA 40,IFT,,1005312-WOR-AGP-TR-1561
,,,,,,INSTRUMENTATION & CONTROL,,,
706,40,INSTRUMENTATION,Drawing,5312-40-A1-7080,0,"INSTRUMENT & JB LOCATION LAYOUT LIQUID SULPHUR STORAGE TANK 40-TK-0001/0002/0003, LIQUID SULPHUR TRANSFER PUMPS 40-P-0001A/B/C/S AND SUBSTATION-05 BUILDING",IFT,,1005312-WOR-AGP-TR-1794
707,40,INSTRUMENTATION,Instrumentation Index,5312-40-A3-7030,0,INSTRUMENT INDEX - LIQUID SULPHUR STORAGE (UNIT-40),IFT,,1005312-WOR-AGP-TR-1455
708,40,INSTRUMENTATION,Lists & Schedules,5312-40-A3-7031,0,F&G INSTRUMENT INDEX - LIQUID SULPHUR STORAGE (UNIT-40),IFT,,1005312-WOR-AGP-TR-1718
709,40,INSTRUMENTATION,Input / Output List,5312-40-A3-7040,0,INPUT OUTPUT LIST (DCS & ESD) - LIQUID SULPHUR STORAGE (UNIT-40),IFT,,1005312-WOR-AGP-TR-1455
710,40,INSTRUMENTATION,Lists & Schedules,5312-40-A3-7041,0,INPUT OUTPUT LIST (FGS) - LIQUID SULPHUR STORAGE (UNIT-40),IFT,,1005312-WOR-AGP-TR-1820
711,40,INSTRUMENTATION,Block Diagram,5312-40-A3-7050,0,INSTRUMENT CABLE BLOCK DIAGRAM (UNIT 40),IFT,,1005312-WOR-AGP-TR-1446
712,40,INSTRUMENTATION,Block Diagram,5312-40-A3-7051,0,FIRE & GAS CABLE BLOCK DIAGRAM (UNIT 40 - LIQUID SULPHUR STORAGE),IFT,,1005312-WOR-AGP-TR-1831
713,40,INSTRUMENTATION,Cable Schedule,5312-40-A3-7061,0,INSTRUMENT CABLE SCHEDULE - UNIT 40 (LIQUID SULPHUR STORAGE),IFT,,1005312-WOR-AGP-TR-1551
714,40,INSTRUMENTATION,Lists & Schedules,5312-40-A3-7070,0,JUNCTION BOX SCHEDULE - UNIT 40,IFT,,1005312-WOR-AGP-TR-1794
,,,,,,MATERIAL & CORROSION,,,
715,40,MATERIALS AND CORROSION,Drawing,5312-40-A1-0405,0,MATERIAL SELECTION DIAGRAM - LIQUID SULPHUR RECEIVING,IFT,,1005312-WOR-AGP-TR-0845
716,40,MATERIALS AND CORROSION,Drawing,5312-40-A1-0406,0,MATERIAL SELECTION DIAGRAM - LIQUID SULPHUR STORAGE,IFT,,1005312-WOR-AGP-TR-0845
717,40,MATERIALS AND CORROSION,Drawing,5312-40-A1-0407,0,MATERIAL SELECTION DIAGRAM - PROCESS WATER SYSTEM,IFT,,1005312-WOR-AGP-TR-0845
718,40,MATERIALS AND CORROSION,Drawing,5312-40-A1-0408,0,MATERIAL SELECTION DIAGRAM - POTABLE WATER SYSTEM,IFT,,1005312-WOR-AGP-TR-0845
719,40,MATERIALS AND CORROSION,Drawing,5312-40-A1-0409,0,MATERIAL SELECTION DIAGRAM - NITROGEN,IFT,,1005312-WOR-AGP-TR-0845
720,40,MATERIALS AND CORROSION,Drawing,5312-40-A1-0410,0,MATERIAL SELECTION DIAGRAM - INSTRUMENT & UTILITY AIR SYSTEM,IFT,,1005312-WOR-AGP-TR-0845
721,40,MATERIALS AND CORROSION,Drawing,5312-40-A1-0411,0,MATERIAL SELECTION DIAGRAM - STEAM & CONDENSATE SYSTEM,IFT,,1005312-WOR-AGP-TR-0845
722,40,MATERIALS AND CORROSION,Drawing,5312-40-A1-0412,0,MATERIAL SELECTION DIAGRAM - WASTE WATER TREATMENT SYSTEM,IFT,,1005312-WOR-AGP-TR-0845
,,,,,,PIPING,,,
723,40,PIPING,Drawing - General Arrangement,5312-40-A0-5001,0,PIPING GENERAL ARRANGEMENT - EXISTING MOLTEN SULPHUR STORAGE TANK 40-TK-101 (DEMOLITION),IFT,,1005312-WOR-AGP-TR-1676
724,40,PIPING,Drawing - General Arrangement,5312-40-A0-5002,0,PIPING GENERAL ARRANGEMENT - EXISTING MOLTEN SULPHUR STORAGE TANK 40-TK-102 (DEMOLITION),IFT,,1005312-WOR-AGP-TR-1676
725,40,PIPING,Drawing - General Arrangement,5312-40-A0-5003,0,PIPING GENERAL ARRANGEMENT - EXISTING MOLTEN SULPHUR STORAGE TANK 5240-TK-1001 (DEMOLITION),IFT,,1005312-WOR-AGP-TR-1676
726,40,PIPING,Drawing - General Arrangement,5312-40-A0-5004,0,PIPING GENERAL ARRANGEMENT - EXISTING MOLTEN SULPHUR STORAGE TANK 5340-TK-1002 (DEMOLITION),IFT,,1005312-WOR-AGP-TR-1676
727,40,PIPING,Drawing - General Arrangement,5312-40-A0-5005,0,PIPING GENERAL ARRANGEMENT PIPE SLEEPERS (DEMOLITION),IFT,,1005312-WOR-AGP-TR-1726
728,40,PIPING,Drawing - General Arrangement,5312-40-A0-5006,0,PIPING GENERAL ARRANGEMENT PIPE SLEEPERS (DEMOLITION),IFT,,1005312-WOR-AGP-TR-1726
729,40,PIPING,Drawing - General Arrangement,5312-40-A0-5007,0,PIPING GENERAL ARRANGEMENT - PUMPS 54140-P-4103A/S (DEMOLITION),IFT,,1005312-WOR-AGP-TR-1676
730,40,PIPING,Drawing - General Arrangement,5312-40-A0-5008,0,PIPING GENERAL ARRANGEMENT - PUMPS 5340-P-1003A/S (DEMOLITION),IFT,,1005312-WOR-AGP-TR-1676
731,40,PIPING,Drawing - General Arrangement,5312-40-A0-5009,0,PIPING GENERAL ARRANGEMENT - TRUCK UNLOADING PIT 5340-PT-101 (DEMOLITION),IFT,,1005312-WOR-AGP-TR-1676
732,40,PIPING,Drawing - General Arrangement,5312-40-A0-5010,0,PIPING GENERAL ARRANGEMENT - EXISTING LIQUID SULPHUR STORAGE TANK 54140-TK-4002 (DEMOLITION),IFT,,1005312-WOR-AGP-TR-1676
733,40,PIPING,Drawing - General Arrangement,5312-40-A0-5011,0,PIPING GENERAL ARRANGEMENT EXISTING MOLTEN SULPHUR STORAGE TANK 40-TK-101 (CONSTRUCTION),IFT,,1005312-WOR-AGP-TR-1726
734,40,PIPING,Drawing - General Arrangement,5312-40-A0-5012,0,PIPING GENERAL ARRANGEMENT - EXISTING MOLTEN SULPHUR STORAGE TANK 40-TK-102 (CONSTRUCTION),IFT,,1005312-WOR-AGP-TR-1676
735,40,PIPING,Drawing - General Arrangement,5312-40-A0-5013,0,PIPING GENERAL ARRANGEMENT - EXISTING MOLTEN SULPHUR STORAGE TANK 5240-TK-1001 (CONSTRUCTION),IFT,,1005312-WOR-AGP-TR-1676
736,40,PIPING,Drawing - General Arrangement,5312-40-A0-5014,0,PIPING GENERAL ARRANGEMENT - EXISTING MOLTEN SULPHUR STORAGE TANK 5340-TK-1002 (CONSTRUCTION),IFT,,1005312-WOR-AGP-TR-1676
737,40,PIPING,Drawing - General Arrangement,5312-40-A0-5015,0,PIPING GENERAL ARRANGEMENT PIPE SLEEPERS (CONSTRUCTION),IFT,,1005312-WOR-AGP-TR-1726
738,40,PIPING,Drawing - General Arrangement,5312-40-A0-5016,0,PIPING GENERAL ARRANGEMENT PIPE SLEEPERS (CONSTRUCTION),IFT,,1005312-WOR-AGP-TR-1726
739,40,PIPING,Drawing - General Arrangement,5312-40-A0-5017,0,PIPING GENERAL ARRANGEMENT - PUMPS 54140-P-4103A/S (CONSTRUCTION),IFT,,1005312-WOR-AGP-TR-1726
740,40,PIPING,Drawing - General Arrangement,5312-40-A0-5018,0,PIPING GENERAL ARRANGEMENT - PUMPS 5340-P-1003A/S (CONSTRUCTION),IFT,,1005312-WOR-AGP-TR-1676
741,40,PIPING,Drawing - General Arrangement,5312-40-A0-5019,0,PIPING GENERAL ARRANGEMENT - TRUCK UNLOADING PIT 5340-PT-101 (CONSTRUCTION),IFT,,1005312-WOR-AGP-TR-1726
742,40,PIPING,Drawing - General Arrangement,5312-40-A0-5020,0,PIPING GENERAL ARRANGEMENT EXISTING LIQUID SULPHUR STORAGE TANK 54140-TK-4002 (CONSTRUCTION),IFT,,1005312-WOR-AGP-TR-1726
743,40,PIPING,Drawing - General Arrangement,5312-40-A0-5021,0,PIPING GENERAL ARRANGEMENT NEW LIQUID STORAGE TANK 40-TK-0001,IFT,,1005312-WOR-AGP-TR-1676
744,40,PIPING,Drawing - General Arrangement,5312-40-A0-5022,0,PIPING GENERAL ARRANGEMENT NEW LIQUID STORAGE TANK 40-TK-0001,IFT,,1005312-WOR-AGP-TR-1726
745,40,PIPING,Drawing - General Arrangement,5312-40-A0-5023,0,PIPING GENERAL ARRANGEMENT NEW LIQUID STORAGE TANK 40-TK-0001,IFT,,1005312-WOR-AGP-TR-1726
746,40,PIPING,Drawing - General Arrangement,5312-40-A0-5024,0,PIPING GENERAL ARRANGEMENT NEW LIQUID STORAGE TANK 40-TK-0001,IFT,,1005312-WOR-AGP-TR-1726
747,40,PIPING,Drawing - General Arrangement,5312-40-A0-5025,0,PIPING GENERAL ARRANGEMENT NEW LIQUID STORAGE TANK 40-TK-0002,IFT,,1005312-WOR-AGP-TR-1726
748,40,PIPING,Drawing - General Arrangement,5312-40-A0-5026,0,PIPING GENERAL ARRANGEMENT NEW LIQUID STORAGE TANK 40-TK-0002,IFT,,1005312-WOR-AGP-TR-1726
749,40,PIPING,Drawing - General Arrangement,5312-40-A0-5027,0,PIPING GENERAL ARRANGEMENT NEW LIQUID STORAGE TANK 40-TK-0002,IFT,,1005312-WOR-AGP-TR-1726
750,40,PIPING,Drawing - General Arrangement,5312-40-A0-5028,0,PIPING GENERAL ARRANGEMENT NEW LIQUID STORAGE TANK 40-TK-0002,IFT,,1005312-WOR-AGP-TR-1726
751,40,PIPING,Drawing - General Arrangement,5312-40-A0-5029,0,PIPING GENERAL ARRANGEMENT NEW LIQUID STORAGE TANK 40-TK-0003,IFT,,1005312-WOR-AGP-TR-1726
752,40,PIPING,Drawing - General Arrangement,5312-40-A0-5030,0,PIPING GENERAL ARRANGEMENT NEW LIQUID STORAGE TANK 40-TK-0003,IFT,,1005312-WOR-AGP-TR-1726
753,40,PIPING,Drawing - General Arrangement,5312-40-A0-5031,0,PIPING GENERAL ARRANGEMENT NEW LIQUID STORAGE TANK 40-TK-0003,IFT,,1005312-WOR-AGP-TR-1726
754,40,PIPING,Drawing - General Arrangement,5312-40-A0-5032,0,PIPING GENERAL ARRANGEMENT LIQUID SULPHUR STORAGE TANK SECTION (40-TK-0001),IFT,,1005312-WOR-AGP-TR-1726
755,40,PIPING,Drawing - General Arrangement,5312-40-A0-5033,0,PIPING GENERAL ARRANGEMENT LIQUID SULPHUR TRANSFER PUMPS 40-P-0001A/B,IFT,,1005312-WOR-AGP-TR-1726
756,40,PIPING,Drawing - General Arrangement,5312-40-A0-5034,0,PIPING GENERAL ARRANGEMENT LIQUID SULPHUR TRANSFER PUMPS 40-P-0001C/D,IFT,,1005312-WOR-AGP-TR-1726
757,40,PIPING,Drawing - General Arrangement,5312-40-A0-5035,0,PIPING GENERAL ARRANGEMENT PIPE BRIDGE NEAR GRANULATION,IFT,,1005312-WOR-AGP-TR-1757
758,40,PIPING,Drawing - General Arrangement,5312-40-A0-5036,0,PIPING GENERAL ARRANGEMENT - 10-ME-0001,IFT,,1005312-WOR-AGP-TR-1726
759,40,PIPING,Drawing - General Arrangement,5312-40-A0-5037,0,PIPING GENERAL ARRANGEMENT - 10-ME-0002,IFT,,1005312-WOR-AGP-TR-1726
760,40,PIPING,Drawing - General Arrangement,5312-40-A0-5038,0,PIPING GENERAL ARRANGEMENT EXISTING TRUCK UNLOADING PIT 54140-PT-4001 (CONSTRUCTION),IFT,,1005312-WOR-AGP-TR-1726
761,40,PIPING,Drawing - General Arrangement,5312-40-A0-5039,0,PIPING GENERAL ARRANGEMENT EXISTING TRUCK UNLOADING PIT 54140-PT-4001 (DEMOLITION),IFT,,1005312-WOR-AGP-TR-1726
762,40,PIPING,Drawing - General Arrangement,5312-40-A0-5048,0,PIPING GENERAL ARRANGEMENT EXISTING LIQUID SULPHUR STORAGE TANK 54140-TK-4002 AT EL.17.5M,IFT,,1005312-WOR-AGP-TR-1726
763,40,PIPING,Drawing - General Arrangement,5312-40-A0-5049,0,PIPING GENERAL ARRANGEMENT AREA 411 (DEMOLITION),IFT,,1005312-WOR-AGP-TR-1726
764,40,PIPING,Drawing - General Arrangement,5312-40-A0-5050,0,PIPING GENERAL ARRANGEMENT AREA 411 (CONSTRUCTION),IFT,,1005312-WOR-AGP-TR-1726
765,40,PIPING,Drawing - General Arrangement,5312-40-A0-5051,0,PIPING GENERAL ARRANGEMENT - 10-ME-0003,IFT,,1005312-WOR-AGP-TR-1726
766,40,PIPING,Drawing - General Arrangement,5312-40-A0-5052,0,PIPING GENERAL ARRANGEMENT - 10-ME-0005,IFT,,1005312-WOR-AGP-TR-1726
,,,,,,PROCESS,,,
767,40,PROCESS,Process Flow Diagram,5312-40-A1-0001,0,PROCESS FLOW DIAGRAM - LIQUID SULPHUR RECEIVING,IFT,,1005312-WOR-AGP-TR-0856
768,40,PROCESS,Process Flow Diagram,5312-40-A1-0002,0,PROCESS FLOW DIAGRAM - LIQUID SULPHUR STORAGE,IFT,,1005312-WOR-AGP-TR-0856
769,40,PROCESS,Piping & Instrumentation Diagram,5312-40-A1-0061,0,P&ID - LIQUID SULPHUR BATTERY LIMIT,IFT,,1005312-WOR-AGP-TR-1046
770,40,PROCESS,Piping & Instrumentation Diagram,5312-40-A1-0062,0,P&ID - LIQUID SULPHUR STORAGE TANK 40-TK-0001),IFT,,1005312-WOR-AGP-TR-1046
771,40,PROCESS,Piping & Instrumentation Diagram,5312-40-A1-0063,0,P&ID - LIQUID SULPHUR STORAGE TANK TK-0002,IFT,,1005312-WOR-AGP-TR-1046
772,40,PROCESS,Piping & Instrumentation Diagram,5312-40-A1-0064,0,P&ID - LIQUID SULPHUR STORAGE TANK TK-0003,IFT,,1005312-WOR-AGP-TR-1046
773,40,PROCESS,Piping & Instrumentation Diagram,5312-40-A1-0065,0,P&ID - LIQUID SULPHUR TRASNFER PUMP,IFT,,1005312-WOR-AGP-TR-1046
774,40,PROCESS,Piping & Instrumentation Diagram,5312-40-A1-0096,0,P&ID - LOW PRESSURE STEAM DISTRIBUTION,IFT,,1005312-WOR-AGP-TR-1046
775,40,PROCESS,Piping & Instrumentation Diagram,5312-40-A1-0097,0,P&ID - LOW PRESSURE STEAM CONDENSATE RECOVERY SYSTEM AND CONDENSATE RECOVERY SYSTEM SOUTH SIDE,IFT,,1005312-WOR-AGP-TR-1046
776,40,PROCESS,Piping & Instrumentation Diagram,5312-40-A1-0098,0,P&ID - UTILITY AIR & INSTRUMENT AIR DISTRIBUTION,IFT,,1005312-WOR-AGP-TR-1046
777,40,PROCESS,Piping & Instrumentation Diagram,5312-40-A1-0099,0,P&ID - PROCESS WATER/POTABLE SYSTEM UTILITY WATER,IFT,,1005312-WOR-AGP-TR-1046
778,40,PROCESS,Utility Flow Diagram,5312-40-A1-0100,0,UTILITY FLOW DIAGRAM - PROCESS WATER SYSTEM,IFT,,1005312-WOR-AGP-TR-0960
779,40,PROCESS,Utility Flow Diagram,5312-40-A1-0101,0,UTILITY FLOW DIAGRAM - POTABLE WATER SYSTEM,IFT,,1005312-WOR-AGP-TR-1216
780,40,PROCESS,Utility Flow Diagram,5312-40-A1-0102,0,UTILITY FLOW DIAGRAM - NITROGEN,IFT,,1005312-WOR-AGP-TR-0960
781,40,PROCESS,Utility Flow Diagram,5312-40-A1-0103,0,UTILITY FLOW DIAGRAM - INSTRUMENT & UTILITY AIR SYSTEM,IFT,,1005312-WOR-AGP-TR-0960
782,40,PROCESS,Utility Flow Diagram,5312-40-A1-0104,0,UTILITY FLOW DIAGRAM - STEAM & CONDENSATE SYSTEM,IFT,,1005312-WOR-AGP-TR-0960
783,40,PROCESS,Utility Flow Diagram,5312-40-A1-0105,0,UTILITY FLOW DIAGRAM - WASTE WATER TREATMENT SYSTEM,IFT,,1005312-WOR-AGP-TR-0960
784,40,PROCESS,Piping & Instrumentation Diagram,5312-40-A1-0111,0,P&ID LIQUID SULPHUR STORAGE TANK 54140-TK-4002 - DEMOLITION,IFT,,1005312-WOR-AGP-TR-0923
785,40,PROCESS,Piping & Instrumentation Diagram,5312-40-A1-0112,0,P&ID LIQUID SULPHUR STORAGE AND TRANSFER SYSTEM (MODIFIED)  - DEMOLITION,IFT,,1005312-WOR-AGP-TR-0923
786,40,PROCESS,Piping & Instrumentation Diagram,5312-40-A1-0113,0,P&ID NEW SULPHUR STORAGE AND TRANSFER SYSTEM (MODIFIED) - 1 OF 2 - DEMOLITION,IFT,,1005312-WOR-AGP-TR-0923
787,40,PROCESS,Piping & Instrumentation Diagram,5312-40-A1-0114,0,P&ID NEW SULPHUR STORAGE AND TRANSFER SYSTEM (MODIFIED) - 2 OF 2 - DEMOLITION,IFT,,1005312-WOR-AGP-TR-0923
788,40,PROCESS,Piping & Instrumentation Diagram,5312-40-A1-0115,0,P&ID SULPHUR HANDLING FACILITIES EXI. SULPHUR STO. AND TRANSFER SYSTEM - 2 OF 3 - DEMOLITION,IFT,,1005312-WOR-AGP-TR-0923
789,40,PROCESS,Piping & Instrumentation Diagram,5312-40-A1-0116,0,P&ID SULPHUR HANDLING FACILITIES EXI. SULPHUR STO. AND TRANSFER SYSTEM - 1 OF 3 - DEMOLITION,IFT,,1005312-WOR-AGP-TR-0923
790,40,PROCESS,Piping & Instrumentation Diagram,5312-40-A1-0117,0,P&ID LIQUID SULPHUR STORAGE AND TRANSFER SYSTEM (MODIFIED) - 2 OF 2 - DEMOLITION,IFT,,1005312-WOR-AGP-TR-0923
791,40,PROCESS,Piping & Instrumentation Diagram,5312-40-A1-0118,0,P&ID SULPHUR HANDLING FACILITIES EXI. SULPHUR STO. AND TRANSFER SYSTEM - 3 OF 3 - DEMOLITION,IFT,,1005312-WOR-AGP-TR-0923
792,40,PROCESS,Piping & Instrumentation Diagram,5312-40-A1-0120,0,P&ID TRANSFER POINT WET SCRUBBER 54110-ME-4006 (UNIT NO. 11) - DEMOLITION,IFT,,1005312-WOR-AGP-TR-0923
793,40,PROCESS,Piping & Instrumentation Diagram,5312-40-A1-0122,0,P&ID TRANSFER POINT WET SCRUBBER 54110-ME-4006 (UNIT NO. 11) - DEMOLITION,IFT,,1005312-WOR-AGP-TR-0923
794,40,PROCESS,Piping & Instrumentation Diagram,5312-40-A1-0123,0,P&ID SULPHUR EXPORT AT RUWAIS SULPHUR HAND. TERMINAL NEW SULPHUR LOAD. PUMP - DEMOLITION,IFT,,1005312-WOR-AGP-TR-0923
795,40,PROCESS,Piping & Instrumentation Diagram,5312-40-A1-0124,1,P&ID SULPHUR HANDLING FACILITIES POTABLE WATER SYSTEM - 1 OF 2 - DEMOLITION,IFT,,1005312-WOR-AGP-TR-1214
796,40,PROCESS,Piping & Instrumentation Diagram,5312-40-A1-0125,0,P&ID SULPHUR HANDLING FACILITIES NITROGEN SYSTEM - DEMOLITION,IFT,,1005312-WOR-AGP-TR-0923
797,40,PROCESS,Piping & Instrumentation Diagram,5312-40-A1-0126,0,P&ID SULPHUR HANDLING FACILITIES POTABLE WATER SYSTEM - 2 OF 2 - DEMOLITION,IFT,,1005312-WOR-AGP-TR-0923
798,40,PROCESS,Piping & Instrumentation Diagram,5312-40-A1-0127,1,P&ID SULPHUR HANDLING FACILITIES PROCESS WATER AND POTABLE WATER SYSTEM - DEMOLITION,IFT,,1005312-WOR-AGP-TR-1214
799,40,PROCESS,Piping & Instrumentation Diagram,5312-40-A1-0128,0,P&ID SULPHUR HANDLING FACILITIES STEAM REDUCTION AND DESUPERHEATING SYSTEM - 1 OF 2 - DEMOLITION,IFT,,1005312-WOR-AGP-TR-0923
800,40,PROCESS,Piping & Instrumentation Diagram,5312-40-A1-0129,0,P&ID SULPHUR HANDLING FACILITIES STEAM REDUCTION AND DESUPERHEATING SYSTEM - 2 OF 2 - DEMOLITION,IFT,,1005312-WOR-AGP-TR-0923
801,40,PROCESS,Piping & Instrumentation Diagram,5312-40-A1-0130,0,P&ID CONDENSATE RECOVERY SYSTEM SOUTH SIDE - DEMOLITION,IFT,,1005312-WOR-AGP-TR-0926
802,40,PROCESS,Piping & Instrumentation Diagram,5312-40-A1-0132,0,P&ID WASTE WATER TREATMENT (MODIFIED) - DEMOLITION,IFT,,1005312-WOR-AGP-TR-0923
803,40,PROCESS,Piping & Instrumentation Diagram,5312-40-A1-0177,0,P&ID SULPHUR HANDLING FACILITIES SULPHUR TRUCK UNLOADING SYSTEM - DEMOLITION,IFT,,1005312-WOR-AGP-TR-0923
804,40,PROCESS,Piping & Instrumentation Diagram,5312-40-A1-0193,0,P&ID SULPHUR TRUCK UNLOADING PART 2 (MODIFIED) - DEMOLITION,IFT,,1005312-WOR-AGP-TR-0923
805,40,PROCESS,Piping & Instrumentation Diagram,5312-40-A1-0196,0,P&ID SULPHUR HANDLING FACILITIES CONDENSATE RECOVERY SYSTEM - DEMOLITION,IFT,,1005312-WOR-AGP-TR-0923
806,40,PROCESS,Piping & Instrumentation Diagram,5312-40-A1-0211,0,P&ID LIQUID SULPHUR STORAGE TANK 54140-TK-4002,IFT,,1005312-WOR-AGP-TR-0997
807,40,PROCESS,Piping & Instrumentation Diagram,5312-40-A1-0212,0,P&ID LIQUID SULPHUR STORAGE AND TRANSFER SYSTEM (MODIFIED),IFT,,1005312-WOR-AGP-TR-0997
808,40,PROCESS,Piping & Instrumentation Diagram,5312-40-A1-0216,0,P&ID SULPHUR HANDLING FACILITIES EXI. SULPHUR STO. AND TRANSFER SYSTEM,IFT,,1005312-WOR-AGP-TR-0997
809,40,PROCESS,Piping & Instrumentation Diagram,5312-40-A1-0217,0,P&ID LIQUID SULPHUR STORAGE AND TRANSFER SYSTEM (MODIFIED),IFT,,1005312-WOR-AGP-TR-0997
810,40,PROCESS,Piping & Instrumentation Diagram,5312-40-A1-0218,0,P&ID SULPHUR HANDLING FACILITIES EXI. SULPHUR STO. AND TRANSFER SYSTEM,IFT,,1005312-WOR-AGP-TR-0997
811,40,PROCESS,Piping & Instrumentation Diagram,5312-40-A1-0220,0,P&ID LIQUID SULPHUR TRANSFER PUMPS 54140-P-4003 A/S,IFT,,1005312-WOR-AGP-TR-0997
812,40,PROCESS,Piping & Instrumentation Diagram,5312-40-A1-0222,0,P&ID TRUCK UNLOADING PIT 54140-PT-4001,IFT,,1005312-WOR-AGP-TR-0997
813,40,PROCESS,Piping & Instrumentation Diagram,5312-40-A1-0223,0,P&ID SULPHUR EXPORT AT RUWAIS SULPHUR HAND. TERMINAL NEW SULPHUR LOAD. PUMP,IFT,,1005312-WOR-AGP-TR-0997
814,40,PROCESS,Piping & Instrumentation Diagram,5312-40-A1-0224,1,P&ID SULPHUR HANDLING FACILITIES POTABLE WATER SYSTEM,IFT,,1005312-WOR-AGP-TR-1214
815,40,PROCESS,Piping & Instrumentation Diagram,5312-40-A1-0225,0,P&ID SULPHUR HANDLING FACILITIES NITROGEN SYSTEM,IFT,,1005312-WOR-AGP-TR-0997
816,40,PROCESS,Piping & Instrumentation Diagram,5312-40-A1-0226,0,P&ID SULPHUR HANDLING FACILITIES POTABLE WATER SYSTEM,IFT,,1005312-WOR-AGP-TR-0997
817,40,PROCESS,Piping & Instrumentation Diagram,5312-40-A1-0227,1,P&ID SULPHUR HANDLING FACILITIES PROCESS WATER AND POTABLE WATER SYSTEM,IFT,,1005312-WOR-AGP-TR-1214
818,40,PROCESS,Piping & Instrumentation Diagram,5312-40-A1-0228,0,P&ID SULPHUR HANDLING FACILITIES STEAM REDUCTION AND DESUPERHEATING SYSTEM,IFT,,1005312-WOR-AGP-TR-0997
819,40,PROCESS,Piping & Instrumentation Diagram,5312-40-A1-0229,0,P&ID SULPHUR HANDLING FACILITIES STEAM REDUCTION AND DESUPERHEATING SYSTEM,IFT,,1005312-WOR-AGP-TR-0997
820,40,PROCESS,Piping & Instrumentation Diagram,5312-40-A1-0230,0,P&ID CONDENSATE RECOVERY SYSTEM SOUTH SIDE,IFT,,1005312-WOR-AGP-TR-0997
821,40,PROCESS,Piping & Instrumentation Diagram,5312-40-A1-0232,0,P&ID WASTE WATER TREATMENT (MODIFIED),IFT,,1005312-WOR-AGP-TR-0997
822,40,PROCESS,Piping & Instrumentation Diagram,5312-40-A1-0277,0,P&ID SULPHUR HANDLING FACILITIES SULPHUR TRUCK UNLOADING SYSTEM,IFT,,1005312-WOR-AGP-TR-0997
823,40,PROCESS,Piping & Instrumentation Diagram,5312-40-A1-0293,0,P&ID SULPHUR TRUCK UNLOADING PART 2 (MODIFIED),IFT,,1005312-WOR-AGP-TR-0997
824,40,PROCESS,Piping & Instrumentation Diagram,5312-40-A1-0296,0,P&ID SULPHUR HANDLING FACILITIES CONDENSATE RECOVERY SYSTEM,IFT,,1005312-WOR-AGP-TR-0997
825,40,PROCESS,Drawing,5312-40-A1-0301,0,PROCESS SAFEGUARDING FLOW SCHEME - LIQUID SULPHUR RECEIVING,IFT,,1005312-WOR-AGP-TR-1217
826,40,PROCESS,Drawing,5312-40-A1-0302,0,PROCESS SAFEGUARDING FLOW SCHEME - LIQUID SULPHUR RECEIVING,IFT,,1005312-WOR-AGP-TR-1217
827,40,PROCESS,Drawing,5312-40-A1-0306,0,UTILITY SAFEGUARDING FLOW SCHEME - PROCESS WATER SYSTEM,IFT,,1005312-WOR-AGP-TR-1217
828,40,PROCESS,Drawing,5312-40-A1-0307,0,UTILITY SAFEGUARDING FLOW SCHEME - POTABLE WATER SYSTEM,IFT,,1005312-WOR-AGP-TR-1217
829,40,PROCESS,Drawing,5312-40-A1-0308,0,UTILITY SAFEGUARDING FLOW SCHEME - NITROGEN,IFT,,1005312-WOR-AGP-TR-1217
830,40,PROCESS,Drawing,5312-40-A1-0309,0,UTILITY SAFEGUARDING FLOW SCHEME - INSTRUMENT & UTILITY AIR SYSTEM,IFT,,1005312-WOR-AGP-TR-1217
831,40,PROCESS,Drawing,5312-40-A1-0310,0,UTILITY SAFEGUARDING FLOW SCHEME - STEM & CONDENSATE SYSTEM,IFT,,1005312-WOR-AGP-TR-1217
832,40,PROCESS,Drawing,5312-40-A1-0311,0,UTILITY SAFEGUARDING FLOW SCHEME - WASTE WATER TREATMENT SYSTEM,IFT,,1005312-WOR-AGP-TR-1217
,,,,,,SAFETY & RISK,,,
833,40,SAFETY,Piping & Instrumentation Diagram,5312-40-A1-9020,1,P&ID - FIREWATER DISTRIBUTION SYSTEM (GRANULATION AREA-1),IFT,,1005312-WOR-AGP-TR-1657
834,40,SAFETY,Piping & Instrumentation Diagram,5312-40-A1-9021,1,P&ID - FIREWATER DISTRIBUTION SYSTEM (GRANULATION AREA-2),IFT,,1005312-WOR-AGP-TR-1657
835,40,SAFETY,Piping & Instrumentation Diagram,5312-40-A1-9022,1,P&ID - FIREWATER DISTRIBUTION SYSTEM SGP 1 & 2 (MODIFIED),IFT,,1005312-WOR-AGP-TR-1657
836,40,SAFETY,Piping & Instrumentation Diagram,5312-40-A1-9023,0,P&ID - FIREWATER DISTRIBUTION SYSTEM SGP 1 & 2 (EXISTING AREA-1),IFT,,1005312-WOR-AGP-TR-1657
837,40,SAFETY,Piping & Instrumentation Diagram,5312-40-A1-9024,0,P&ID - FIREWATER DISTRIBUTION SYSTEM SGP 1 & 2 (EXISTING AREA-2),IFT,,1005312-WOR-AGP-TR-1657
838,40,SAFETY,Piping & Instrumentation Diagram,5312-40-A1-9025,0,P&ID - FIREWATER DISTRIBUTION SYSTEM SGP 1 & 2 (EXISTING AREA-3),IFT,,1005312-WOR-AGP-TR-1657
839,40,SAFETY,Piping & Instrumentation Diagram,5312-40-A1-9026,0,P&ID - DELUGE SYSTEM,IFT,,1005312-WOR-AGP-TR-1657
840,40,SAFETY,Piping & Instrumentation Diagram,5312-40-A1-9027,0,P&ID - FIRE WATER PUMP STATION SGP 1 & 2,IFT,,1005312-WOR-AGP-TR-1657
841,40,SAFETY,Piping & Instrumentation Diagram,5312-40-A1-9028,0,P&ID - WATER BASED FIRE PROTECTION SYSTEM,IFT,,1005312-WOR-AGP-TR-1657
842,40,SAFETY,Piping & Instrumentation Diagram,5312-40-A1-9029,0,P&ID - FIRE WATER PUMP SYSTEM SGP 3,IFT,,1005312-WOR-AGP-TR-1657
843,40,SAFETY,Piping & Instrumentation Diagram,5312-40-A1-9030,0,P&ID - TRANSFER CONVEYOR (54110-CV-4001),IFT,,1005312-WOR-AGP-TR-1657
844,40,SAFETY,Piping & Instrumentation Diagram,5312-40-A1-9031,0,P&ID - SULPHUR COLLECTION CONVEYOR (54110-CV-1007),IFT,,1005312-WOR-AGP-TR-1657
845,40,SAFETY,Piping & Instrumentation Diagram,5312-40-A1-9032,0,P&ID - SULPHUR COLLECTION CONVEYOR (5310-CV-1008),IFT,,1005312-WOR-AGP-TR-1657
846,40,SAFETY,Piping & Instrumentation Diagram,5312-40-A1-9033,0,P&ID - COLLECTION CONVEYOR (30-CV-001),IFT,,1005312-WOR-AGP-TR-1657
847,40,SAFETY,Piping & Instrumentation Diagram,5312-40-A1-9034,0,P&ID - TYPICAL GRANULATOR CONVEYOR (54130-CV-4201 & 54130-CV-4301),IFT,,1005312-WOR-AGP-TR-1657
848,40,SAFETY,Piping & Instrumentation Diagram,5312-40-A1-9035,0,P&ID - TYPICAL GRANULATOR CONVEYOR (54130-CV-4202 & 54130-CV-4302),IFT,,1005312-WOR-AGP-TR-1657
849,40,SAFETY,Piping & Instrumentation Diagram,5312-40-A1-9036,1,P&ID - FIRE WATER DISTRIBUTION SYSTEM SGP 1 & 2 (DEMOLITION),IFT,,1005312-WOR-AGP-TR-1657
850,40,SAFETY,Piping & Instrumentation Diagram,5312-40-A1-9037,0,P&ID - FIRE WATER SPRAY SYSTEM FOR TRANSFER CONVEYORS-II & III,IFT,,1005312-WOR-AGP-TR-1657
851,40,SAFETY,Piping & Instrumentation Diagram,5312-40-A1-9038,0,P&ID - FIRE WATER SPRAY SYSTEM FOR TRANSFER CONVEYOR-I,IFT,,1005312-WOR-AGP-TR-1657
852,40,SAFETY,Piping & Instrumentation Diagram,5312-40-A1-9039,0,P&ID - FIRE WATER SPRAY SYSTEM FOR COLLECTING CONVEYOR,IFT,,1005312-WOR-AGP-TR-1657
853,40,SAFETY,Piping & Instrumentation Diagram,5312-40-A1-9040,1,P&ID - FIRE WATER DISTRIBUTION SYSTEM SGP-3 (DEMOLITION),IFT,,1005312-WOR-AGP-TR-1657
854,40,SAFETY,Piping & Instrumentation Diagram,5312-40-A1-9041,0,P&ID - FIRE WATER PUMP STATION SGP 1 & 2 (MODIFIED),IFT,,1005312-WOR-AGP-TR-1657
855,40,SAFETY,Piping & Instrumentation Diagram,5312-40-A1-9042,0,P&ID - FIRE WATER PUMP SYSTEM SGP 3 (MODIFIED),IFT,,1005312-WOR-AGP-TR-1657
856,40,SAFETY,Piping & Instrumentation Diagram,5312-40-A1-9043,0,P&ID - FIRE WATER DISTRIBUTION SYSTEM SGP 3 (MODIFIED),IFT,,1005312-WOR-AGP-TR-1657
857,40,SAFETY,Piping & Instrumentation Diagram,5312-40-A1-9044,0,P&ID - WATER BASED FIRE PROTECTION SYSTEM (MODIFIED),IFT,,1005312-WOR-AGP-TR-1657
858,40,SAFETY,Piping & Instrumentation Diagram,5312-40-A1-9045,0,P&ID CONVEYOR 101-X2 (DEMOLITION),IFT,,1005312-WOR-AGP-TR-1657
859,40,SAFETY,Piping & Instrumentation Diagram,5312-40-A1-9046,0,P&ID CONVEYOR 101-X2 (MODIFIED),IFT,,1005312-WOR-AGP-TR-1657
860,40,SAFETY,Drawing,5312-40-A3-9012,0,OPERATIONS BUILDING FIREFIGHTING & SAFETY EQUIPMENT LAYOUT,IFT,,1005312-WOR-AGP-TR-0901
,,,,,,,,,
,,,,,,,,,
** ,,,,,,,,,
** ,,,,,,,,,
,,,,,,,,,
