SL. No,"Item No
(As per Bidder)",Discipline,EPC Package Identification,Enquiry Package Reference,Reference Document / Drawing,"Classification (Legal, Technical &/or Commercial)",Exception / Query,Company's Response ,TENDER BULLETIN NO.,"APPLICABLE to RSHT2 
(High level assessment)","WISON REPLY ON JULY 31, 2025","COMPANY RESPONSE ON AUG 01,2025","WISON REPLY ON AUG 04, 2025",
1,1,,,,,,,"Bidder to consider the attached Exhibit A.07_Rev.01 (AGREEMENT PRICE, INVOICING & PAYMENT AND RATES FOR VARIATIONS) of RFT  ",TB1,NOT APPLICABLE (separately issued for RSHT2 TB),Confirmed,,,
2,2,Schedule,,,,,,Bidder to consider the attached Appendix 7.4.1 Rev.01 and its attachments (PROJECT CONTROL REQUIREMENT) of RFT  ,TB1,PARTIALLY APPLICABLE (Bidder to update Project Control requirement for RSHT2 implementation  ),Confirmed,,,
3,3,Schedule,,,,,,Bidder to consider the attached Exhibit A.06 Rev.01 of RFT (PROJECT COMPLETION SCHEDULE) ,TB1,"PARTIALLY APPLICABLE (Bidder to update Exhibit A.06 along with Attachment 2, and all other Project Control requirement for RSHT2 implementation  )",Confirmed,,,
4,4,,,,,,,Bidder to consider the attached Exhibit A.09_Rev.01 (LIQUIDATED DAMAGES),TB1,NOT APPLICABLE (separately issued for RSHT2 TB),Confirmed,,,
5,1,Mechanical/ Rotating Equipment,,"Liquid Sulphur Transfer Pump - 
Design Code - API 610 11th Edition","Relevant Data Sheet, MR & TBE",,"During TBE stage all the Pump Vendors has Complied with deviation as per API 610, 11th Edition.
However, latest Pump Design Code Edition is now 12th Edition since January 2021. 
So, during Detail Engg stage whuch edition shall be followed.","API 610,12th Edition shall be followed.
Bidder to note that As per exhibit B11 EPC CONTRACTOR shall use latest  International codes and standard available at the time of award for EPC.",TB2,APPLICABLE ,Confirmed,,,
6,2,Mechanical/ Rotating Equipment,,"Clause 4.1 - 
Common Requirements
Pump Casing  - MOC","
SP-5312-40-ME-003 Rev 0
Specification for Liquid Sulphur Feed and Transfer Pumps
",,"In reference clause in Point Number 21, Casing MOC is specified as Carbon Steel. However, in relevant data sheet it is specified as SS316L. 
Since during TBE stage most of the Pump Vendors has complied Casing MOC as 316L, we understandard that MOC specified in referenced Spec is not governing and not valid. Please confirm whether CONTRACTOR understanding is correct?","Bidder to note that Casing MOC as SS 316L is specified in Liquid Sulphur Transfer pumps Datasheet (DS-5312-40-P-0001) and not  FEED Pumps ( DS-5312-30-P-1001). Therefore this clarification is only for Transfer pumps.
Bidder has to consider CS casing material in the base offer, and has to provide an optional price considering SS 316L as the casing material which will be studied/ reviewed further during EPC design.",TB2,NOT APPLICABLE,Confirmed,,,
7,3,General,,Open points in TBEs,TBEs,,"During FEED stage, Many TBEs are shared for various mechanical equipment and packages along with the tender document.
These TBEs are having certain open points with respect to the vendors. 
EPC CONTRACTOR would like to know the status of these open points and what is the action assigned to EPC CONTRACTOR for these open points? ","Material requisation and TBEs was issued for few equipments during Define stage (FEED),for budget purpose only, and shared with EPC contractor for information  . 
Sucessful EPC Contractor shall develop his own Material requisation and receive new offers from bidders and issue new TBE for these new offers ,   during detail engineering as per the project scope and schedule",TB2,APPLICABLE ,Confirmed,,,
8,4,General,,NEED LIST,General,,"Doc Availability for below listed items in Unit 40 
1) MR & TBE for Process Water Pumps
2) MR & TBE for Condensate Recovery Pumps 
3) MR & TBE for Liquid Sulphur Storage Tanks
If it is available with FEED Consultant COMPANY to share the same.","Please refer to item 3 above
Please also note that, List of all deliverables prepared during FEED has been submitted with RFT. Any other technical document shall be developed by EPC Contractor   during detailed engineering as per the project scope of work.",TB2,APPLICABLE ,Confirmed,,,
9,5,General,,NEED LIST,General,,"Doc Availability for below listed items in Unit 30 
1) TBE for Granular Feed Pumps
2) TBE for Liq Sulphur Day Vessel
3) TBE for Liq Sulphur Filter
If it is available with FEED Consultant COMPANY to share the same.","Please refer to item 3 above
Please also note that, List of all deliverables prepared during FEED has been submitted with RFT. Any other technical document shall be developed by EPC Contractor   during detailed engineering as per the project scope of work.",TB2,APPLICABLE ,Confirmed,,,
10,6,General,,NEED LIST,General,,"Doc Availability for below listed items in Unit 10 
1) TBE for New Dust Collection Units
2) TBE for New Dust Suppression Unit
If it is available with FEED Consultant COMPANY to share the same.","Please refer to item 3 above
Please also note that, List of all deliverables prepared during FEED has been submitted with RFT. Any other technical document shall be developed by EPC Contractor   during detailed engineering as per the project scope of work.",TB2,APPLICABLE ,Confirmed,,,
11,7,General,,NEED LIST,General,,"Doc Availability for below listed items in Unit 00 
1) MR for HVAC
2) TBE for HVAC
If it is available with FEED Consultant COMPANY to share the same.","Please refer to item 3 above
Please also note that, List of all deliverables prepared during FEED has been submitted with RFT. Any other technical document shall be developed by EPC Contractor   during detailed engineering as per the project scope of work.",TB2,APPLICABLE ,Confirmed,,,
12,1,Procurement,,,,,,"Bidder to note that, JSONs Foundry Pvt Ltd. and Western Foundry Pvt Ltd. in India shall be considered as excluded from approved vendor list. ",TB3,APPLICABLE ,Confirmed,,,
13,1,,,,,,,Bidder to include following documents in the technical submission,TB4,NOT APPLICABLE,Confirmed,,,
14,2,,,,,,,Technical proposal from OEMs. ,TB4,NOT APPLICABLE,Confirmed,,,
15,3,,,,,,,Delivery duration for LLIs. ,TB4,NOT APPLICABLE,Confirmed,,,
16,4,,,,,,,"Control system block diagram including packages (ship loader, loading arm, stacker reclaimers etc..) and interfaces (building F&G, IPCS, Hail & Ghasha etc..)"" ",TB4,NOT APPLICABLE,Confirmed,,,
17,5,,,,,,,"List of major electrical works (demolition, refurbishment, and new installation) in substations and process buildings (E-rooms) ",TB4,NOT APPLICABLE,Confirmed,,,
18,1,Water Process/  Rotating Equipment,,Waste water treatment pumps,"DWG. 5312-40-A1-0105
 (Utility flow diagram for waste water treatment system)",,"For pump 40-P-0012 A/S and pump tag 30-P-0021 A/S kindly confirm if this pump tag in our scope or not , if yes kindly provide us with date sheet ","The pumps mentioned are new, and in EPC Contractor’s scope. Bidder to read these PFDs in conjunction with P&ids 5312-40-A1-0232, 5312-30-A1-0053. 
Bidder to note that pump tag 30-P-0021 is a typo error and should be read as 30-P-0051.
 
Bidder to also note that, List of all deliverables prepared during FEED has been submitted with RFT. Any other technical document shall be developed by EPC Contractor   during detailed engineering as per the project scope of work.",TB5,Applicable,"Not applicable, new collection and treatment system for SGP.",Confirmed,,
19,2,Process/ Rotating Equipment,,Waste water treatment pumps,"
DWG.NO. 5312-40-A1-0311 Utility Safeguarding Flow Scheme - Waste Water Treatment System",,"For pump 40-P-0012 A/S and pump tag 30-P-0051 A/S kindly confirm if this pump tag in our scope or not , if yes kindly provide us with date sheet .",Refer reply to point 1,TB5,Applicable,"Not applicable, new collection and treatment system for SGP.",Confirmed,,
20,3,Process/ Mechanical/ Rotating Equipment,,Waste water treatment pumps,"
DWG.NO. 5312-40-A1-0311",,"For pump 30-P-0051 A/S kindly confirm if this pump tag in our scope or not , if yes kindly provide us with date sheet .",Refer reply to point 1,TB5,Applicable,"Not applicable, new collection and treatment system for SGP.",Confirmed,,
21,4, Mechanical,,"A1.3
Biocide application system"," 
EXHIBIT-A.01",,"Kindly Provide us with Datasheet and specification of Biocide Injection Package 
","Bidder shall refer to Exhibit A.01, P&ID 5312-10-A1-0011, and MR for dust suppression package MR-5312-10-ME-003 for Biocide package’s preliminary information. 
It is the responsibility of EPC Contractor to develop necessary documents during detailed engineering to fulfill the project scope.Bidder to note that, List of all deliverables prepared during FEED has been submitted with RFT",TB5,APPLICABLE,"APPLICABLE

Mechanical confirmed, Biocide injection system shall be part of Dust Suppression system, refer to MR for dust suppression system MR-5312-4000-ME-0003 for preliminary information (because there are no detailed FEED deliverables for the system), further, will request vendor to develop more deliverables",Noted,,
22,1,Mechanical,,Waste Water Pump (40-P-0012 A/S),,,Data Sheet of new Waste Water Pump (40-P-0012 A/S) is missing in the FEED Package. We request COMPANY to provide the missing document.,Bidder to note that List of all deliverables prepared during FEED has been submitted with RFT. Any other technical document shall be developed by EPC Contractor   during detailed engineering as per the project scope of work.,TB6,Applicable,"Not applicable, new collection and treatment system for SGP.",Confirmed,,
23,2,Mechanical,,New Granulation Area Floor Sump Pump (30-P-0051 A/S),,,Data Sheet of New Granulation Area Floor Sump Pump (30-P-0051 A/S) is missing in the FEED Package. We request COMPANY to provide the missing document.,Refer reply to point 1 above,TB6,Applicable,"Not applicable, new collection and treatment system for SGP.",Confirmed,,
24,3,Mechanical,,Equipment List (RP-5312-00-PR-002)-Page 13 of 23,Equipment List (RP-5312-00-PR-002),,Data Sheet of Biocide System (10-ME-0005) is missing in the FEED Package. We request COMPANY to provide the missing document.,"Partially Applicable to RSHT-2
The quantity of dust suppression system depends on the layout of sulphur handling system (i.e quantity of transfor towers / storage buildings / shiploaders etc.), hence quantity of dust suppression system to be determined based on the layout of new SGP.
Quantity of Dust suppression system located in SGP is 2. there are no berth (shiploader) in SGP.
",TB6,APPLICABLE to RSHT2,Confirmed,,,
25,4,Mechanical,,Granulator FEED Pumps,,,"Granulator FEED Pumps Tag Nos: 30-P-0001 A/B/C/S, 30-P-0002 A/B/C/S, 30-P-0003 A/B/C/S, 30-P-0004 A/B/S & 30-P-0005 A/B/S. 

Sump Depth for above mentioned vertical pumps is not available. This information is critical and we request COMPANY to provide the same.","Bidder to note that based on pump MDS (DS-5312-30-P-1001) provided as part of the FEED RFT package, the relevant sump depth data needs to be confirmed with pump supplier based on the pump parameters provided.",TB6,APPLICABLE to RSHT2,Confirmed,,,
26,5,PROJECT MANAGEMENT,,Replacement of Ship Loader,,,We request COMPANY to advise if the new ship loader will be installed exactly at the same location as the existing ship loader or the new ship loader will be installed at a dfferent location after marine upgrade works (that will be executed by COMPANY under a separate CONTRACT),Bidder to note that new ship loader is at the same location with minor difference in coordinates. ,TB6,N/A,Confirmed,,,
27,6,PROJECT MANAGEMENT,,No. of Days allowed for replacement of Ship loader,,,We request COMPANY to advise how many days COMPANY will allow to demolish existing ship loader and install the new one.,"Bidder to note that replacement of ship loader with complete activity as highlighted below is 120days.

 Dismantling/Demolition of Existing Shiploader with all associated assemblies, Existing Foundation, MCC Room, Dust Supression System and all associated facilities, 
AND 
Installation of  New Equipments/Shiploader with all associated assemblies/ facilities , Piling, New Foundation, including Electrical, E&I, F&G , MC, PC ,  Commissioning, and Test Run to be completed well with in KPI - 120 DAYS",TB6,N/A,Confirmed,,,
28,7,PROJECT MANAGEMENT,,PR-5312-00-GE-015 (OVERALL CONSTRUCTION PLAN & PHASING STRATEGY),,,"As mentioned in OVERALL CONSTRUCTION PLAN & PHASING STRATEGY (Page 63/86), ""Transportation and Heavy Lift Study will be found in the addendums"". This study is crucial in terms of preparing of project execution strategy.  We request COMPANY to provide the addendums containing Transportation and Heavy Lift Study. ","Bidder to refer to FEED Document "" MATERIALS HANDLING DESIGN BASIS - NEW AND MODIFIED EQUIPMENT"". It is EPC Contractor's responsibility to develop it further as required during detailed engineering. ",TB6,APPLICABLE to RSHT2,Confirmed,,,
29,8,Mechanical,,Equipment List (RP-5312-00-PR-002)-Page 12 of 23,Equipment List (RP-5312-00-PR-002),,"Data Sheets of below listed equipment are missing in the FEED Package. We request COMPANY to provide the missing data sheets:
•	10-X-0001
•	10-X-0002
•	10-X-0003
•	10-SC-0001
•	10-SC-0002
•	10-SC-0003
•	10-SC-0004
","Bidder to note that all these components are part of bulk material handling package. Refer to FEED documents for bulk material handling package provided as part of RFT package.
 It is EPC Contractor's responsibility to develop it further as required during detailed engineering. ",TB6,APPLICABLE to RSHT2,Confirmed,,,
30,9,Mechanical,,Equipment List (RP-5312-00-PR-002)-Page 13 of 23,,,"Data Sheets of below listed equipment are missing in the FEED Package. We request COMPANY to provide the missing data sheets:
•	10-BM-0001
•	10-DH-0001","Bidder to note that all these components are part of bulk material handling package.Refer to FEED documents for bulk material handling package provided as part of RFT package.
It is EPC Contractor's responsibility to develop it further as required during detailed engineering. ",TB6,APPLICABLE to RSHT2,Confirmed,,,
31,10,Mechanical,,Equipment List (RP-5312-00-PR-002)-Page 13 of 23,,,"Dust Suppression System Equipment No. 10-ME-0001 & 10-ME-0004 are listed in the Equipment List i.e. 2 Nos. Dust Suppression Skids. However, as per the DATA SHEET FOR DUST SUPPRESSION SYSTEM (DS-5312-10-DC-1001) only 1 skid is required. Please clarify whether the required quantity for Dust Suppression Skids is 1 or 2.  ","1. Bidder to note that as per equipment list (RP-5312-00-PR-002) & PFD (5312-20-A1-0005) , dust suppression package (10-ME-0004) requirement is envisaged in Transfer tower (TT-2). Hence Bidder requested to consider ME-0004 skid requirement  in the scope.
 2. Refer to Exhibit B.11, under sec.B.11.2.6,page 32 of 167- There is one additional  Dust suppression package requirement  at reclaim end of new Stacker Reclaimer machine in Linear storage area. Hence Bidder requested to consider this skid  also in the scope.

Therefore Bidder shall consider 3 dust suppression packages in the EPC scope.

The dust suppression packages shall be designed & supply in accordance with Design Basis for New Dust Suppression Unit (document number DB-5312-10-ME-002). However It is EPC Contractor's responsibility to develop it further as required during detailed engineering. ",TB6,APPLICABLE,"Partially Applicable to RSHT-2
1&2: the quantity of dust suppression system depends on the layout of sulphur handling system (i.e quantity of transfor towers / storage buildings / shiploaders etc.), hence quantity of dust suppression system to be determined based on the layout of new SGP.
dust suppression system for Stacker Reclaimer in SGP has already been considered.",Confirmed,,
32,11,Mechanical,,Equipment List (RP-5312-00-PR-002)-Page 13 of 23,,,"in continuation to above clarificatin regarding Dust Suppression System, in case the required quantity is 2 Nos. please confirm that the DATA SHEET FOR DUST SUPPRESSION SYSTEM (DS-5312-10-DC-1001) will be applicable to both the skids.","Refer to the reply in point.no.10  .
",TB6,APPLICABLE,"Partially Applicable to RSHT-2
1&2: The quantity of dust suppression system depends on the layout of sulphur handling system (i.e quantity of transfor towers / storage buildings / shiploaders etc.), hence quantity of dust suppression system to be determined based on the layout of new SGP.
Dust suppression system for Stacker Reclaimer in SGP has already been considered.",Confirmed,,
33,12,Mechanical,,Equipment List (RP-5312-00-PR-002)-Page 14 of 23,,,Liquid Sulphur Transfer Pumps 54140-P-40003A/S & 54140-P-4103A/S are to be refurbished. We request COMPANY to provide the details of Scope of Work that needs to be performed in terms of refurbishment.,Bidder to note that  there is no refurbishment scope required in these existing liquid transfer pumps (54140-P-4003A/S & 54140-P-4103A/S). Hence Bidder requested to disregard this refurbishment scope.,TB6,N/A,Confirmed,,,
34,13,Mechanical,,Equipment List (RP-5312-00-PR-002)-Page 20 of 23,,,"Below listed equipments are to be refurbished. We request COMPANY to provide the details of Scope of Work that needs to be performed in terms of refurbishment:
•	101-X2
•	101-X3
•	101-Z2-X1
•	101-X5
•	5210-CV-1002
•	5210-X-1005 (CV3)
•	5410-X-4004","Bidder to  note that all these items refurbishment scope are part of existing bulk material handling package. For further information, refer to FEED documents for existing bulk material handling package provided as part of RFT package.",TB6,N/A,Confirmed,,,
35,14,Mechanical,,Equipment List (RP-5312-00-PR-002)-Page 14 of 23,,,Day Pit 5230-TK-1001 is to be refurbished. We request COMPANY to provide the details of Scope of Work that needs to be performed in terms of refurbishment.,"Bidder to refer to Exhibit A.01, 5312-30-A1-0131 (P&ID NEW SULPHUR DAY PIT ) , 5312-30-A1-0231 (P&ID NEW SULPHUR DAILY PIT, MODIFIED)",TB6,N/A,Confirmed,,,
36,15,Mechanical,,TECHNICAL BID EVALUATION FOR NEW GRANULATOR (GXM1) UNITS (TE-5312-30-ME-001),,,"Reference to article 3.2 (Page 6 of 154), our understanding is that ENERSUL is the single source vendor for Granulator Packages. Please confirm if our understanding is correct.","Bidder's understanding is correct. 

However Bidder to note that all TBEs  provided along with RFT are just for information.  It is bidder's responsiblity to develop Material requisition/TBE for all project material.",TB6,Applicable,"NOT APPLICABLE to RSHT2
Granulation package has been purchased by COMPANY.",Confirmed,,
37,16,General,,Existing Ship Loader,,,We request COMPANY to provide GA drawings of existing ship loader so as to prepare rigging strategy.,Drawings attached for reference  alongwith reply,TB6,N/A,Confirmed,,,
38,17,General,,Existing Ship Loader,,,"We request COMPANY to provide respective weights of below listed sections of existing ship loader. These details are required for prepare the rigging strategy:
•	Pivot Tower
•	Slew Travel Gear
•	Main Bridge Size
•	Shuttle
•	Boom
•	Loading Chute Arrangement","Bidder to refer to - DOCUMENT No.: PR-5312-00-GE-015 OVERALL CONSTRUCTION PLAN & PHASING STRATEGY), Section 24.1 for Existing shiploader indicative weights.",TB6,N/A,Confirmed,,,
39,18,General,,Existing Ship Loader,,,We request COMPANY to advise the disposal location for old shiploader after its demolition,Contractor to consider Company's storage yard at Ruwais for disposal,TB6,N/A,Confirmed,,,
40,19,General,,Existing Ship Loader,,,We request COMPANY to confirm that COMPANY will allow to cut the old shiploader into pieces in order to facilitate rigging / demolition operation,"Contractor is not allowed to  cut the shiploader to pieces.Refer to  Marine Constructability Review Report (RP-5312-20-ST-003) for understanding demolition activity of shiploader.
Dismantling shall be as per Company procedures. Bidder shall also refer to FEED documents for  Demolition philosophy, Exhibit B11 and  B57",TB6,N/A,Confirmed,,,
41,20,General,,Existing Ship Loader,,,"1.  Since COMPANY will execute Marine upgrade works under a separate CONTRACT, we request COMPANY to provide the proposed plot plan after executing the marine upgrade works. 

2.We also request COMPANY to advise the tentative date of completion of marine upgrade. This information will be useful in terms of planning the position of crane and demolition activities of existing ship loader.","1. Bidder to note that piping plot plan and marine GAs are already provided with FEED Documents include marine work. 
Company will share the updated marine works drawing as Package 2 design progresses. 

2. MARINE UPGRADE COMPLETION : DEC 2026

Intermediate Milestone
 - QUADRANT BEAM COMPLETION : AUG 2026",TB6,N/A,Confirmed,,,
42,21,PROJECT MANAGEMENT,,"PR-5312-00-GE-015 (OVERALL CONSTRUCTION PLAN & PHASING STRATEGY)
& 
TE-5312-10-ME-001 (TBE FOR BULK MATERIAL HANDLING PACKAGE (NEW BELT CONVEYOR SYSTEM, STACKER/RECLAIMER AND SHIPLOADER))",,,"as per article 24.1 of PR-5312-00-GE-015 (OVERALL CONSTRUCTION PLAN & PHASING STRATEGY) - page 63/86, ship loader is to be installed in sections (Pivot Tower: 27 Tons, Slew Travel Gear: 89 Tons, Main Bridge Size: (LxWxH) 90M x 7M x 6M, 425 Tons (VTC), Shuttle: 174 Tons, Boom: 60M Long, 136 Tons, Loading Chute Arrangement: 15 Tons) 

whereas, As per article 4.1.11 page 9/341 ""Ship loader installation will be from the seaside using appropriate ship capacity. Ship loader will be fully preassembled and tested at the Vendor shops and then moved by sea to reach destination (Site)""

these two are contradicting information. We request COMPANY to advise whether the ship loader is to be installed in sections or as a fully assembled single item.","The statements are not contradicting since PR-5312-00-GE-015 (OVERALL CONSTRUCTION PLAN & PHASING STRATEGY) - page 63/86 refers to individual item weight and not delivery requirement.

It is not mandated to supply ship loader as a single assembled item. Ship loader can be supplied in 2-5 pieces provided it is meeting the EPC Schedule as replied in point 6 above.

NOTE Reference to Addendum to Annexure 3, Scope of Works (Package-1) Clause F
 The complete EPC scope of berth 1 ship loader replacement shall be part of package 1 (granulation plant upgrade) scope and is reimbursable. The cost for the same shall not be included within the project lump sum proposal.  Bidder to refer to Addendum to Annexure 3, Scope of Works (Package-1)Clause F ",TB6,N/A,Confirmed,,,
43,1,General,,"File: SHIPLOADER
EXISTING SHIPLOADER DATA","Tender Bulletin-6
Attachment 2 to TB-006_shiploader 
File: SHIPLOADER",,Most of the contents of the File “SHIPLOADER” are not readable. Below is a specimen of the content that this file contains. We request COMPANY to provide a file that is legible. ,"Bidder to refer to Attachment -2 with this Tender Bulletin (TB-007).
Bidder to note that shiploader drawings/ document from M/S KONE and ROSON are attached. Kone drawings are original vendor drawings and modified by ROXON and therefore both drawings should be referred to for clarity.
 ",TB7,N/A,Confirmed,,,
44,2,General,,"File: DW3210-5320-101-Z1-001 ASS_Y DWG-Shiploader 1100TH 
EXISTING SHIPLOADER DRAWING","Tender Bulletin-6 
Attachment 2 to TB-006_shiploader
",,"The file (DW3210-5320-101-Z1-001 ASS_Y DWG-Shiploader 1100TH) provided by COMPANY is not scanned completely. As a result, critical information e.g. total weight is not captured in the shared file (the same file is attached for reference). We request COMPANY to provide the complete drawing that contains all the information.","Refer reply to point no 1 above. 
Refer reply to point no 7 below for weight concern.",TB7,N/A,Confirmed,,,
45,3,General,,COMPANY's response to Sr. No. 1 (Waste Water Pump (40-P-0012 A/S),"Attachment-1 to Tender Bulletin-6 
",,We would like to highlight that there is absolutely no information available regarding Waste Water Pump (40-P-0012 A/S). We request COMPANY to provide at least some basic parameters for this equipment so as to base our proposal upon.  ,"Bidder to note that the basic information related to pump parameters and other information are available in the following FEED documents provided as part of RFT package. Kindly consider the same for your proposal purpose.
a) PFD : 5312-40-A1-0105
b) P&ID : 5312-40-A1-0232
c) MSD : 5312-40-A1-0412
d) Hydraulic calc.report : RP-5312-00-PR-022
",TB7,Applicable,"Not applicable, new collection system for SGP.",Confirmed,,
46,4,General,,COMPANY's response to Sr. No. 2 (New Granulation Area Floor Sump Pump (30-P-0051 A/S),"Attachment-1 to Tender Bulletin-6 
",,We would like to highlight that there is absolutely no information available regarding New Granulation Area Floor Sump Pump (30-P-0051 A/S). We request COMPANY to provide at least some basic parameters for this equipment so as to base our proposal upon.  ,"Bidder to note that the basic information related to pump parameters and other information are available in the following FEED documents provided as part of RFT package. Kindly consider the same for your proposal purpose.
a) PFD : 5312-40-A1-0105
b) P&ID : 5312-30-A1-0053
c) Equipment List : RP-5312-00-PR-002
c) Process Sizing cal. for equipments: RP-5312-00-PR-023
",TB7,Applicable to RSHT-2,Confirmed,,,
47,5,General,,COMPANY's response to Sr. No. 7 (Transportation and Heavy Lift Study),"Attachment-1 to Tender Bulletin-6 
",,"The document referred-to in COMPANY's response (MATERIALS HANDLING DESIGN BASIS - NEW AND MODIFIED EQUIPMENT) is about the basis of design of material handling equipment. It does not address the aspects related to Transportation and Heavy Lifting. Therefore, we request COMPANY to provide ""Transportation and Heavy Lift Study"" as mentioned in OVERALL CONSTRUCTION PLAN & PHASING STRATEGY (Page 63/86)","Bidder to refer to TB - 006, Point 3. 
It is the responsibility of EPC Contractor to undertake  Transportation and Heavy Lift Study  under detailed engineering",TB7,Applicable to RSHT-2,Confirmed,,,
48,6,General,,COMPANY's response to Sr. No. 10 (Dust Suppression System),"Attachment-1 to Tender Bulletin-6 
",,"from COMPANY's response, BIDDER's understanding is that 3 Nos. dust suppression systems are required as per below list:

1) 1 Dust Suppression System at TT-2
2) 1 Dust Suppression System at reclaim end of new Stacker Reclaimer machine in Linear storage    area
3) 1 Dust Suppression System at Berth-1 Ship loader

DS-5312-10-DC-1001_0 (Data Sheet DUST SUPPRESSION) will be applicable to all the 3 Dust Suppression Systems. Please confirm if BIDDER's understanding is correct. ","Bidder undertsanding is correct to consider 3 No's dust suppression package quantity.
Further Bidder to note that, based on Exhibit B.11, under sec.B.11.2.6,page 32 of 167,for new DS packages identified, the below shall be followed; 
a)Design& supply shall be in accordance with FEED Design Basis document (Doc.No.DB-5312-10-ME-002).           
b)Design basis and Typical datasheet prepared for other dust collection packages for transfer tower may be used as basis for typical parameters.    
c) All detail engineering related to this package
shall be carried out by CONTRACTOR.
It is EPC Contractor's responsibility to develop the datasheets further, as required during detailed engineering.",TB7,APPLICABLE,"Partially Applicable to RSHT-2
The quantity of dust suppression system depends on the layout of sulphur handling system (i.e quantity of transfor towers / storage buildings / shiploaders etc.), hence quantity of dust suppression system to be determined based on the layout of new SGP.
Quantity of Dust suppression system located in SGP is 2. there are no berth (shiploader) in SGP.
",Confirmed,,
49,7,General,,COMPANY's response to Sr. No. 17 (Weight of existing shiploader),"Attachment-1 to Tender Bulletin-6 
",,"BIDDER's understanding is that the indicative weights mentioned at Section 24.1 of DOCUMENT No.: PR-5312-00-GE-015 (OVERALL CONSTRUCTION PLAN & PHASING STRATEGY) are for the new shiploader, that is bigger in size than the existing shiploader. If BIDDER is to assume that the weight of old shiploader is the same as the weight of new shiploader, it will lead to consideration of heavy lifting equipment of higher capacity. It will potentially inflate the cost of this job. Therefore, it is important to know the actual weight of existing shiploader so that appropriate heavy lifting equpment can be mobilized accordingly.","Bidder shall consider shiploader weight between 530T to 800T for Bidding purpose. 
Bidder shall also refer  reply to point no 1 for existing drawings and shiploader weight breakup.
Bidder to note that weights provided in Kone documents are increased due to modification by ROXON.",TB7,N/A,Confirmed,,,
50,8,General,,COMPANY's response to Sr. No. 18 (Company's storage yard at Ruwais),"Attachment-1 to Tender Bulletin-6 
",,We request COMPANY to provide location map of Company's storage yard at Ruwais so that the same can be considered for preparation of transportation strategy for demolished shiploader.,"Location of company storage yard (for demolished material handover to company) will be provided to technical successful bidders, in stage 2 of tender (commercial stage),",TB7,N/A,Confirmed,,,
51,1,Instrumentation,,"Doc. No. RP-5312-00-IN-010
Doc. No. RP-5312-00-IN-011","Doc. No. RP-5312-00-IN-010
Doc. No. RP-5312-00-IN-011",,"Bidder request COMPANY to confirm the Purging Option

* Opt -1 - Control room with postive pressure.
* Opt-2 - Cabinets with purging. 

For opt-2 Bidder/ OEM shall offer cabinets with purging facility at SS-04 and SS-05.",Option-1 is confirmed,TB8,Applicable to RSHT-2,Confirmed,,,
52,2,Instrumentation,,"I/O List (DCS & ESD), Doc. No. 5312-10-A3-7040, Sheet No. 003","I/O List (DCS & ESD), Doc. No. 5312-10-A3-7040, Sheet No. 003",,"Bidder/ OEM understands that IOs mentioned under ""Following I/O to be reused in New Dome S/R : DCS (54000-DS-665-01/02) P&ID: 5312-10-A1-0284"" are additional to the IOs given for New Dome S/R. Kindly confirm bidder understanding.","Please refer Scope of work for modification in existing bulk material handling equipment (Belt conveyor, stacker reclaimer) doc. no. RP-5312-00-ME-008 for details. The cabinets 54000-DS-665-01/02 will be retained and modified to accommodate the required changes.",TB8,N/A,Confirmed,,,
53,3,Instrumentation,,"Doc. No. RP-5312-00-IN-010
Doc. No. RP-5312-00-IN-011","Doc. No. RP-5312-00-IN-010
Doc. No. RP-5312-00-IN-011",,Bidder/ OEM understands that only 1 link (IPCS) is needed for third party communication over MODBUS TCP/IP. Kindly confirm bidder understanding.,Bidder understanding is not correct. Please refer IPCS architecture (5312-00-A0-6054) for details. Communication links over Modbus TCP/IP are redundant.,TB8,Applicable to RSHT-2,Confirmed,,,
54,4,Instrumentation,,"Doc. No. RP-5312-00-IN-010
Doc. No. RP-5312-00-IN-011","Doc. No. RP-5312-00-IN-010
Doc. No. RP-5312-00-IN-011",,Bidder/ OEM requests to provide the Serial IO count for interface with PLC-05 at SS-04. Also provide the Make and model no. of the PLC.,"Please note that PLC-5 (now obsolete) was replaced with Allen Bradley Control logix 5571 controller in SS-04. PLC-5 is out of scope for this project. The interface between PLC-05 and DCS will remain unchanged. However, if there is a need of serial mapping at the DCS end, list will be provided during detailed engineering",TB8,N/A,Confirmed,,,
55,5,Instrumentation,,"Doc. No. RP-5312-00-IN-010
Doc. No. RP-5312-00-IN-011","Doc. No. RP-5312-00-IN-010
Doc. No. RP-5312-00-IN-011",,"For FGS at SS-04, Bidder/ OEM understands that FGS system is required only for Field IO and not for Building IO. Kindly confirm bidder understanding.",Bidder understanding is correct. Building F&G I/Os in SS-04 are wired to PLC-05 which is connected to local FACP panel.,TB8,N/A,Confirmed,,,
56,6,Instrumentation,,Doc. No. RP-5312-00-EL-021,Doc. No. RP-5312-00-EL-021,,"Bidder/ OEM understands that IO count for Ship Loader Berth-2 is similar to Ship Loader Berth-1, as IO count for Ship Loader Berth-2 is not provided. Kindly confirm bidder understanding.","Ship Loader at berth-2 is not in project scope. Therefore, Bidder understanding is not correct",TB8,N/A,Confirmed,,,
57,7,Instrumentation,,Doc. No. RP-5312-00-EL-021,Doc. No. RP-5312-00-EL-021,,Bidder/ OEM understands that Demolition of tags is referred to reduction in given IO count. Kindly confirm bidder understanding.,"Bidder understanding is only partially correct. The demolished tag in case of equipment which is no longer used will result in reduction to I/O count. However, for the relocated equipment, demolition does not mean that the I/O count is reduced.",TB8,N/A,Confirmed,,,
58,8,Instrumentation,,"Doc. No. RP-5312-00-IN-010
Doc. No. RP-5312-00-IN-011, Clause 10.4.4","Doc. No. RP-5312-00-IN-010
Doc. No. RP-5312-00-IN-011, Clause 10.4.4",,"Please provide the following missing documents for our reference:
1) ADNOC GP PCN Network Security, TE-GU-028 - OT Security Guidelines 2) TE-POL-001- OT Security policy Rev 2",These documents are no longer applicable as these are superseded by OT cyber security specification (AGES-SP-04-013),TB8,Applicable to RSHT-2,Confirmed,,,
59,9,Instrumentation,,"Doc. No. RP-5312-00-IN-010
Doc. No. RP-5312-00-IN-011","Doc. No. RP-5312-00-IN-010
Doc. No. RP-5312-00-IN-011",,Please provide the OEM details of existing Plant Information Management System (PIMS) that need to be engaged to carry out all necessary interface works.,"Please refer to the DCS SYSTEM SUPPLY AND MODIFICATION SOW 
(RP-5312-00-IN-011). See the snapshot attached for details of PIMS.",TB8,Applicable to RSHT-2,Confirmed,,,
60,10,Electrical/instrumentation/telecom,,"IPCS SOW, Doc. No. RP-5312-00-EL-021","IPCS SOW, Doc. No. RP-5312-00-EL-021",,"As per IPCS SOW, All cyber security requirement as per COMPANY procedure Doc. No. TE-POL-001 & TE-PR-016.

Kindly provide the COMPANY procedure Doc. No. TE-POL-001 & TE-PR-016 for our reference and compliance.",These documents are no longer applicable as these are superseded by OT cyber security specification (AGES-SP-04-013),TB8,Applicable to RSHT-2,Confirmed,,,
61,11,Electrical,,"Electrical Equipment List, Doc. No. RP-5312-00-EL-025","Electrical Equipment List, Doc. No. RP-5312-00-EL-025",,"In the Remarks column of Equipment List, it is mentioned as ""Existing DB Replacement (ALEM Scope)"". 

COMPANY to clarify whether all Electrical Equipment with ALEM Scope shall be part of Contractor's scope of work.",Bidder understanding is correct. Also refer Exhibit B.11 for detailed information,TB8,N/A,Confirmed,,,
62,12,Electrical,,"Lighting Layout
Dwg. No. 5312-00-A1-6019
Dwg. No. 5312-00-A1-6016","Lighting Layout
Dwg. No. 5312-00-A1-6019
Dwg. No. 5312-00-A1-6016",,"We presume that Indoor Lighting the following buildings shall be controlled by Lighting Control System (Infra-red Occupancy Detector).
• New Substation-5
• New Operation Building
• New Operation Shelter

COMPANY to confirm.",Bidder understanding is correct,TB8,APPLICABLE,"Partially Applicable to RSHT-2
New substation is replacing Substation-5.",Confirmed,,
63,13,Electrical,,"Lightning Protection Layout - SS-5, Dwg. No. 5312-00-A1-6018","Lightning Protection Layout - SS-5, Dwg. No. 5312-00-A1-6018",,"As per Exhibit-C FEED Dossier, Lightning Protection Layout has been provided for Substation-5 only. 

COMPANY to clarify whether Lightning Protection Layout is also required for New Operation Building and Operator Shelter.

If required, Kindly provide the Basic Design Drawings for the basis of our proposal.",Not required. Refer Exhibit B.11 for detailed information,TB8,Applicable to RSHT-2,Confirmed,,,
64,14,Electrical,,Exhibit-C FEED Dossier,Exhibit-C FEED Dossier,,"As per Exhibit-C FEED Dossier, Lighting Layout has been provided for Substation-5 and Operations Building only. 
Bidder requests COMPANY to provide  Basic Design Drawings for Operator Shelter, such as Lighting & Small Power Layout, Earthing & Lightning Protection Layout, etc. for the basis of our proposal.",It is Bidder's responsibility to develop during EPC stage,TB8,APPLICABLE,"Partially Applicable to RSHT-2
New substation is replacing Substation-5.",Confirmed,,
65,15,Electrical,,EXHIBIT C - PART C - UNIT-20 FOLDER,EXHIBIT C - PART C - UNIT-20 FOLDER,,"1) Please clarify whether UNIT-20 will be part of ""Package-2 for RSHT1 Marine Package"". 
2) COMPANY to confirm that any Electrical, I&C, Telecom and CP System for UNIT-20 are not part of Bidder's scope.","Bidder to note that only marine infrastructure (Dolphins and connecting walkways, quadrant beam, unloading platform ) is excluded from UNIT 20. All other scope within unit 20 is included in Package 1 (this tender)

Bidder to refer to 'addendum to scope of work' for scope break-up.
",TB8,Applicable,Not applicable,Confirmed,,
66,16,Telecommunication,,"Telecom System Modification SOW, Doc. No. RP-5312-00-TE-002","Telecom System Modification SOW, Doc. No. RP-5312-00-TE-002",,Please provide the OEM details of existing CCTV System.,CCTV OEM is Hernis,TB8,N/A,Confirmed,,,
67,17,Telecommunication/Electrical,,"CCTV System Block Diagram, Dwg. No. 5312-00-A3-7700","CCTV System Block Diagram, Dwg. No. 5312-00-A3-7700",,The Existing Single Line Diagram for 240V AC UPS at Substation-02 is not provided in the RFT documents. Bidder requests COMPANY to furnish this Single Line Diagram for our reference.,"As requested, Bidder to refer attached SLD for information only. Bidder to verify and confirm the data during detailed engineering.",TB8,N/A,Confirmed,,,
68,18,Telecommunication/Electrical,,"CCTV System Block Diagram, Dwg. No. 5312-00-A3-7700","CCTV System Block Diagram, Dwg. No. 5312-00-A3-7700",,"We assume that existing 240V AC UPS Distribution Boards at Substation-02 shall also be disconnected, removed and handed over to Company. New UPS Distribution Boards shall be provided to feed the new and existing telecom loads.

COMPANY to confirm.","It is confirmed that the new distribution boards will be EPC Contractor's responsibility to feed the new CCTV system and cameras.  Bidder to note that it is a lump sum project, therefore  all the material and accessories needed for the correct functionality and operation of the CCTV system and cameras are in his scope.",TB8,N/A,Confirmed,,,
69,19,Telecommunication/Electrical,,"CCTV System Block Diagram, Dwg. No. 5312-00-A3-7700","CCTV System Block Diagram, Dwg. No. 5312-00-A3-7700",,"We assume that existing 240V AC UPS Distribution Boards at Old Control Room is adequate to feed the new telecom loads at Ship Loader Berth-1.

COMPANY to confirm.","As per B-11.2.14.2 (Electrical scope in Substation-4): Existing 240V AC UPS distribution boards 5330-IDB-1004A/B and 5330-IDB-1006 shall be replaced with new distribution boards 5330-IDB-1004A/B/C and 5330-IDB-1004A/B/C. 

Bidder to note that the old control room is a part of SS-4",TB8,N/A,Confirmed,,,
70,20,Telecommunication,,"Addedum to AGP DGS, 5312-ADD-1532-011","Addedum to AGP DGS, 5312-ADD-1532-011",,"We assume that all underground fiber optic cable shall be laid directly in the sand/cable trench without using uPVC ducts/conduits for the entire length of the FO cable except in manholes and road crossings.

COMPANY to confirm.",As per the Telecom main cable routing layout (5312-00-A1-7700) and  specification for FO cables,TB8,Applicable to RSHT-2,Confirmed,,,
71,21,Telecommunication,,"SOW for TSI, Doc. No. RP-5312-00-TE-003
Clause 8, Cyber Security Requirements","SOW for TSI, Doc. No. RP-5312-00-TE-003
Clause 8, Cyber Security Requirements",,"Query from Telecom System Integrator
Please elaborate the Cyber Security Requirements and provide more details.
Also, is there any other details/reports that need to be considered for us to quote.","Please follow OT cyber security specification (AGES-SP-04-013)
along with the project scope of work in exhibit-C",TB8,Applicable to RSHT-2,Confirmed,,,
72,22,Telecommunication,,"SOW for TSI, Doc. No. RP-5312-00-TE-003
Clause 8, Cyber Security Requirements","SOW for TSI, Doc. No. RP-5312-00-TE-003
Clause 8, Cyber Security Requirements",,"Query from Telecom System Integrator
Please provide the AVL for COMPANY approved Cyber Security Consultant/ Third-Party to perform the necessary Cyber Security Study and/ or Workshop.","ADNOC latest AVL shall be followed (attached to this tender package).   
Bidder to refer to Annexure-7.4.4 for Company's requirement on  subcontractor's list and select the cyber security consultant accordingly.


",TB8,Applicable to RSHT-2,Confirmed,,,
73,1,Instrumentation,, -,Doc. No. DS-5312-J-062,,"Query from Analyzer Vendor:
Please note that SIL is not applicable for pH and Conductivity Analyzers. Kindly confirm to quote without SIL.","Bidder's understanding is correct. 
Bidder to quote without SIL.",TB9,Applicable to RSHT-2,Confirmed,,,
74,2,Electrical,,"
Clause 2.3 Project References","Doc. No. RP-5312-00-EL-014
",,"Query from Switchgear OEM:
Please provide the following missing drawings:
• Single Line Diagram of LV Switchgear Substation-2, Dwg. No. 5555-000-EE-A1-6102
• Single Line Diagram of 3.3kV Switchgear Substation-2, Dwg. No. 5555-000-EE-A1-6117","As Informed earlier 
Said Drawing is for an old project and have been used as a reference to Develop the FEED of this project 
Bidder to refer to latest developed drawings under RFT package (project 5312)",TB9,N/A,Confirmed,,,
75,3,Electrical,, -,Doc. No. RP-5312-00-EL-014,,"Query from Switchgear OEM:
Please provide the As-Built drawings for 415V Switchgear (54000-PC-4001) in order to provide a proper proposal.",Same reply above (Item 2),TB9,N/A,Confirmed,,,
76,4,Electrical,, -,Doc. No. RP-5312-00-EL-014,,"Query from Switchgear OEM:
Please provide the As-Built drawings for the following switchgears in order to provide a proper proposal.
• 11kV Switchboard (54000-MMS-4001)
• 3.3kV Switchboard (54000-MMS-4002)",Same Reply above (Item 2),TB9,Applicable,Not applicable to SGP,Confirmed,,
77,1,Process,,3.2.2,Process description,,Please advise the function of filters/vessels and pumps within Sulphur granulation area upstream the granulation packages.,"Based on FEED filter datasheet(Doc.No.DS-5312-30-F-0001) Note P8 reference, ""The inlet Sulphur is subjected to contaminants such as dust, Sand and organic material"" hence these filters are provided to remove any foreign particle carry over to further granulation process. As per filter datasheet (DS-5312-30-F-0001),the filters are provided to remove particle size above 500 mircrons
The Day vessels design provided are inline with existing RSHT-1 plant design having day pits and considered as an intermediate buffer. ",TB10,APPLICABLE,"Partially APPLICABLE
Day vessel scheme is applicable",Confirmed,,
78,2,Process,,3.2.2,Process description,,Please advise the total number of granulation units feed pumps (inside the 4 day vessels).,"Based on Package 1 RFT documents references, each Day vessel is provided with 4 No's  granulation units Feed Pumps with (3W +1S) configuration.
For information, Bidder to also refer Exhibit B.11(page 18 of 167), where the required number day vessels and granulators configuration to be followed are mentioned.",TB10,APPLICABLE ,Confirmed,,,
79,3,Process,,B11.2.2,PROCESS ENGINEERING,,Please advise the company approved software.,"Bidder to note that in sec. B11.2.2, Page 21 of 167, for some studies identified like surge analysis, it is mentioned to carry out with PIPENET (or Company approved software). 
Hence for Process Simulations(steady state or transient analysis), software mentioned in Exhibi B.11 or  company approved softwares shall be used. For other process calculations like line sizing…etc., Bidder inhouse approved softwares can be considered.

However, during EPC phase for all softwares, Bidder need to submit the software list for further company approvals.",TB10,Applicable. Bidder to consider the company clarification & close out based on revised TB issued for RSHT-2 design.,Confirmed,,,
80,4,Process,,B11.2.2,PROCESS ENGINEERING,,Company to confirm that updating of safeguarding memorandum to reflect the current actual status at site is out of Contractor scope.,"Noted. 
However during EPC phase and inline with Exhbit B.11.2.2, Bidder shall ""review & update process safeguarding memorandum based on any change.Develop Safeguarding narratives and diagrams for each Unit.narratives and diagrams for each Unit"".",TB10,Applicable. ,Confirmed,,,
81,5,Process,,B11.2.2,PROCESS ENGINEERING,,Company to confirm that updating of C&E and P&IDs to reflect the current actual status at site is out of Contractor scope.,"Noted. 
However during EPC phase and inline with Exhbit B.11.2.2, ""Bidder shall Review / Update C&E & P&ids based on any development / change after FEED and Package vendor input"".",TB10,Applicable. ,Confirmed,,,
82,6,HSE/Projects,,B.11.2.20.3,Fire protection system,,"Reference to Exhibit B.11 clause B.11.2.20.3, where its mentioned that “Confirm during detail design that the capacity & configuration of the proposed firewater arrangements are sufficient for the existing & new facility.“
This means that contractor shall verify all the existing fire water network calculations  which shall require company to provide all firefighting system as built drawings in addition to hydraulic calculations to the existing system along with existing actual fire water pumps curves.
In case the existing fire water pumps are inadequate to provide the required fire water demand for this project, new fire water pumps & tanks might be required, Company to confirm bidder understanding.","Bidder's understanding is correct.
Company will provide  as-built / on-going project's calculations/ drawings/ pump curves.
",TB10,Applicable. ,Confirmed,,,
83,7,Projects/ Piping,,B11.2.20.3,Fire protection system,,"Reference to exhibit B.11 clause B.11.2.20.3, where its mentioned that” As part of Early works, Fire Water Line shall be relocated without compromising the availability of Fire Water Supply to the network. Construction and commissioning philosophy shall be developed for this modification and COMPANY approval shall be obtained. During construction, arrangement involving provision of standby fire tender shall be made, in consultation with COMPANY.
CONTRACTOR shall check and study the impact on the firewater supply due to relocation of FW line and appropriate recommendations shall be suggested and obtain COMPANY approval”.
Contractor understating is that fire water line shall be replaced by new one not relocated, otherwise, relocation shall be subject to the physical state of the piping itself then a decision shall be taken whether to replace or just relocate the piping which shall have a cost impact after awarding the project, company to advise.","Bidder's understanding is correct. New piping material will be used for the relocation.However valves/ instrument, if any shall be reused.",TB10,Not Applicable,Confirmed,,,
84,8,HSE/E&I,,B11.2.20.4,FIRE AND GAS DETECTION & PROTECTION SYSTEMS,,"Reference to exhibit B.11 clause B.11.2.20.4, where its mentioned that” as a minimum, the following detection equipment shall be provided:-
HSSD System (for all critical rooms, such as ITR Rooms & Substations- 01, 03,04 & 05)
Bidder understanding is that HSSD are required to be installed inside the panels while in ambient space inside the building smoke detectors shall be provided, company to confirm bidder understanding.",Bidder understanding is correct,TB10,Not Applicable,Confirmed,,,
85,9,HSE,,B11.2.20.5,Active fire protection system,,"Reference to exhibit B.11 clause B.11.2.20.5, where its mentioned that” Deluge distribution networks downstream of the deluge valve shall be normally dry. Piping upstream of the deluge valve shall be pressurized by the firewater ring main.The firewater demand shall be assessed for each area and detailed hydraulic calculations and surge analysis shall be carried out by CONTRACTOR during detailed engineering.
Bidder understanding is that fire water demand shall be required for each area within this project scope only, company to confirm bidder understanding","Bidder to note that for Deluge valve system, the fire water demand shall be limited to project scope only.",TB10,APPLICABLE,"APPLICABLE to RSHT2
(Pipenet Model shall include the related existing and new network)",Confirmed,,
86,10,HSE,,B11.2.20.5,Active fire protection system,,"Reference to exhibit B.11 clause B.11.2.20.5, where its mentioned that” CONTRACTOR shall carry out Pump performance test with the collaboration of Operation team and CONTRACTOR shall carry out pressure test at remotest point. If Performance Test / Pressure Test fails, the corrective actions to be taken by If Performance Test / Pressure Test fails, the corrective actions to be taken by CONTRACTOR to ensure that Fire water system is adequate to meet the worst case scenario.
Please note that incase of test failure, new fire water pump and/or tank shall be required and shall have a cost impact this is for company concurrence",Bidder shall recommend the feasible corrective actions for Company evaluation and approval during detail engineering.,TB10,APPLICABLE to RSHT2,Confirmed,,,
87,11,HSE,,B11.2.20.5,Active fire protection system,,"Please advise the fire water quality available at site.

Provide fire water analysis","Refer Material selection report for Fire water quality.

Bidder to refer to RFT Documents (Exhibit C)  for all studies conducted during FEED. It is the responsibility of EPC contractor to develop it further during detailed engineering to meet project scope.",TB10,APPLICABLE to RSHT2,Confirmed,,,
88,12,Process,,,P&IDs,,Please submit the P&IDs for the demolish scope within unit-20.,"Bidder shall refer to  ""Addendum to Annexure 3, Scope of Works (Package-1) provided as part of RFT package for the scope within Unit-20, and preliminary P&ID mark-up.
All P&IDs referenced in the Addendum are attached again with the Tender Bulletin for ease of reference. ",TB10,Not Applicable,Confirmed,,,
89,13,Process,,,Scope of work,,Please confirm that pig traps for new 12” pipelines are out of project scope,Confirmed,TB10,Applicable,Confirmed,,,
90,14,Process/Mechanical,,,P&IDs/ tanks Datasheet,,The Sulphur storage tanks does not show nozzles for steam heating coils within the tanks which is not matching the same temp. maintaining temp. technique within the existing Sulphur storage tanks. It is recommended to utilize the same philosophy as the existing storage tanks. Please advise on way forward.,"As per FEED design concluded, for new sulphur storage tanks, external heat tracing design is considered to maintain liquid sulhur temperature inside tank. 

However, Bidder to note that based on P&ID (5312-40-A1-0062/0063/0064) Note-46 reference, it is mentioned that ""HEAT TRACING VENDOR TO CONFIRM REQUIREMENT OF ADDITIONAL INTERNAL HEATING COILS AT LIQUID SULPHUR STORAGE TANK BOTTOM DURING EPC PHASE.""
During EPC, Bidder to review the above requirements.",TB10,Applicable,Confirmed,,,
91,15,Process,,,Sulphur day vessel datasheet,,Please submit the Sulphur day vessel datasheet,"Bidder to refer to RFT documents, Exhibit C.",TB10,Applicable,Confirmed,,,
92,16,Process,,,Line list,,Please confirm that line list for existing plant shall be availed by company after award.,"Bidder to note that as part of  RFT documents, the line list document (Doc.No.RP-5312-00-PR-012) is available for SOW identified in FEED. 
However during EPC phase, existing plant line list can be made availabe upon EPC Contractor request.",TB10,Applicable for RSHT-2 design,Confirmed,,,
93,17,Process,,"DB-5312-00-PR-001, Section 7",Design basis,,"EQUIPMENT DESIGN CRITERIA, Please avail “AGES-GL-08-001, rev.1” & “DGS 0000 023”",The referenced AGES is attached alongwith Tender bulletin.,TB10,Applicable,Confirmed,,,
94,18,Process,,"DB-5312-00-PR-001, Section 7",Design basis,,Please avail the day vessel sizing criteria / calculation sheet,"Refer to company standards mentioned in point 18 above for vessel sizing criteria.

Further Bidder to note that as part of  RFT document, Process sizing calculations report(Doc.No.RP-5312-00-PR-023) & HYDRAULIC CALCULATION REPORT (Doc.No.RP-5312-00-PR-022) are provided to Bidder to understand FEED sizing basis & criteria.
",TB10,Applicable,Confirmed,,,
95,19,Projects,,B.11.16,Engineering data deliverable standard,,Please avail “TT-ST-001” Engineering data deliverable standard ,"TT-ST-001 is superceded by  TE-ST-005. The TE standards/ procedures are available in the RFT documents- Annexure 10F, Annexure 10F-4 Attachemnts.",TB10,Applicable,Confirmed,,,
96,20,Process,,,DS-5312-30-V-0001,,"Referring to Vessel Data Sheet, There Was No Steam Coil Indicated Inside The Vessel To Maintains The Operating Temperature, Which Is Typical To Occur, Company To confirm To Consider The daily sulfur Vessels Shall Be Complete With Internal Steam Coil Rather Than The Current External Body Steam Tracing Design.","As per FEED design concluded, for Sulphur Day Vessels, external heat tracing design is considered to maintain liquid sulhur temperature inside vessel. 
During EPC phase, EPC Contractor can review these requirements similar to liquid storage tanks P&ID Note-46 reference.",TB10,Applicable,Confirmed,,,
97,21,Projects,,,,,Please submit TE-ST-006 Smart plant data deliverable standard ,"The TE standards/ procedures are available in the RFT documents- Annexure 10F, Annexure 10F-4 Attachemnts.",TB10,Applicable,Confirmed,,,
98,22,Projects/SP Team,,"B.11.2.1, General","“Prepare and develop detailed P&IDs, Utility Instrument Diagram (UIDs), Process
Flow Diagram (PFDs), Utility Flow Diagram (UFDs), Process / Utility safety flow schemes (PSFS/USFS) as necessary for process and utility distribution systems.”",,"Company is requested to confirm submitting the SmartPlant P&ID data base including the below after award:
a)      Item 1
        -Reference folder with Project Border templates 
       - The excel template of Equipment list, Line Schedule (Line List),  Instrument List 
        -The ItemTag.dll file and ItemTagFormat.xml
       - Readme file explaining contents/description of files, version of SmartPlant P&ID, SmartPlant Engineering
        Manager, Version of Oracle, Oracle Instance Name, Oracle Character Set, Oracle Table space name if any.

b)      Item 2
         -Company to provide the existing PID drawings to be included in the SmartPlant database folder 
         -Prior of loading or restore the SmartPlant P&ID plant structure
         company to solve all the inconsistency errors and constrain reports should be applied. Contractor will apply inconsistency report as soon as restoring of the SATAH   SmartPlant Project and no correction action will be applied to inconsistency errors findings","a) Company will provide satellite  ""Work-Share"" package to contractor for setup SPPID at there location and use own contractor licenses and company will publish the updation or newly created drawing for contractor to update there scope.
For publishing the drawing in SPF,contractor to bring there own cci file, company will support in setting up the AVD system for contractor to publishing the approved P&IDS and data.
All the refrence folder,template, Item tag, etc  will be shared to contractor 

b) EPC Contractor to resolve the Inconsistency and constraint reports for the modifed and newly created P&IDS in there scope.
Exisiting 'as-is' available P&ID drawings will be available in the Smartplant database folder




",TB10,Applicable,Confirmed,,,
99,23,Process,,Contradiction between documents,contradiction between DS / equipment list / P&ID.,," there is contradiction between DS for new condensate recovery vessel “40-V-0002“, however this vessel is not mentioned in equipment list nor reference P&ID 
5312-40-A1-0097 ","Bidder to ignore the same and note that, there is no requirement of new condensate recovery vessel as part of FEED SOW.",TB10,Applicable for RSHT-2 design,Confirmed,,,
100,24,Projects,,,All FEED documents,,All FEED documents shall be submitted in native & editable format in case of award. Please confirm," Provision of FEED native files will be discussed with successful bidder after project awards. Bidder to note that not all native files will be shared with EPC Contractors; as an example stress caesar files.
	",TB10,Applicable,Confirmed,,,
101,25,Projects,,"B.11.2.1,General","“Prepare and develop detailed P&IDs, Utility Instrument Diagram (UIDs), Process
Flow Diagram (PFDs), Utility Flow Diagram (UFDs), Process / Utility safety flow",,Company is requested to confirm submitting the native/editable smart plant format files of PFDs.,"All the available native files of PFD,UID,UFD,etc will be shared, the final as-built drawings will be in AutoCAD or MicroStation format",TB10,Applicable,Confirmed,,,
102,26,Process,,"DB-5312-00-PR-001
Process Basis of Design, 5.4 ",Feed Specification (Liquid Sulphur).,,"Company shall provide a viscosity curve of Liquid sulphur that contains the contaminants mentioned in the table of feed specification. 
The viscosity curve shall include temperature range from ambient temperature to 200oC as applicable.","Based on FEED MDS provided for Liquid sulphur transfer pumps (Doc.No.DS-5312-40-P-0001), Note-M9 reference, ""Viscosity correction factors for liquid Sulphur shall be estimated based on curves published in AGES-SP-05-001 and HI Standards (Stringent correction factors shall be followed).
Upon EPC post award, successful Bidder shall follow the same for pump design.",TB10,Applicable,Confirmed,,,
103,27,Process,,EXHIBIT - A.01 / ,Sulphur Forming (Granulation) Redundancy Strategy,,"The is mismatching between redundancy strategy of granulators mentioned in EXHIBIT A.01 “GENERAL PROJECT DESCRIPTION” and DB-5312-00-PR-001 “Process Basis of Design”. Accordingly, the company shall advise which strategy shall be considered N+1 or N+2, giving that the total required number of granulators that will be in operation is 11 granulator units as per each graduator capacity 1,100 TPD and total Liquid sulphur feed Flow rate is 12,000 TPD.","Bidder is requested to refer  Exhibit B.11(page 18 of 167) and also  ""Addendum to Annexure 3, Scope of Works (Package-1) provided as part of RFT package where the required number of day vessels and granulators configuration to be followed are mentioned.",TB10,Applicable,Confirmed,,,
104,28,Process,,PFD 5312-40-A1-0002,The pressure of stream 5 and stream 3,,The pressure of stream 5 and stream 3 are not the same which can’t be mixed because the probability of back flow. Company to advise and confirm the operating pressure of stream 5 and 3.,"Bidder to note that, these are existing streams conditions and as part of this FEED scope, there is no interface with respect to these streams for the RHST-1 HGD upgrade FEED scope.",TB10,Applicable,"Not Applicable
New stream will be developed for SGP.",Confirmed,,
105,29,Process,,General,the liquid Sulphur properties.,,"the physical properties of the liquid Sulphur for the following shall be provided:
1-      Feed streams
2-      Missing physical properties in the material balance tables mentioned in the PFDs
3-      In case of unusual conditions (temperature and pressure) that may be happened during start-up, shutdown, any other upset scenario is expected. The company is requested to provide the liquid Sulphur properties at these unusual cases.
Physical properties shall include (molecular weight, specific heat, viscosity, thermal conductivity, and surface tension)","Bidder to note that  existing PFD/ UFD/ Formats  are considered in FEED Design and revised for RSHT-1 HGD upgrades.
Further, the required fluid properties along with conditions are captured in the respective equipment datasheet or specification provided as part RFT Package.",TB10,Applicable for RSHT-2 design,Confirmed,,,
106,30,Process,,,"Process Basis of Design
DB-5312-00-PR-001
&
Utility Study & Adequacy Report
RP-5312-00-PR-005",,"Regarding to the process design basis & Utility Study & Adequacy Report & Equipment List & UFD and P&IDs, There are two existing condensate vessels in present sulphur granulation plant. the first one is Existing condensate recovery vessel (54140-V-4007) will be  reused and relocated to new granulation area, The other existing condensate recovery  vessel (40-V-101) without any change
There is contradiction between DS for new condensate recovery vessel with different dimensions and volume regarding to doc. No. DS-5312-40-V-0002, however this vessel is not mentioned in equipment list nor reference P&ID.
Company to avail and confirm that is only 2 vessels for condensate recovery system. ",Only 2 condensate vessels. Noted and confirmed. ,TB10,Not Applicable,Confirmed,,,
107,31,Process,,,"UFD [Nitrogen]
5312-40-A1-0102",,Stream 1301 is HOLD [Nitrogen to New Granulation Area- Unit 30] Company to provide the instant and average flow [Nm3/hr] to verify the actual demand for Nitrogen.,Bidder to refer UTILITY STUDY & ADEQUACY REPORT (Doc.No. RP-5312-00-PR-005) for the nitrogen consumptions.,TB10,Applicable for RSHT-2 design,Confirmed,,,
108,32,Mechanical,,,Existing plant,,Please advise the supplier of each equipment of the existing plant,Bidder to refer Tender documents (e.g. Condition Inspection and Recommendations SOW etc for different equipment) for OEMs. ,TB10,Not Applicable,Confirmed,,,
109,33,Mechanical,,,Existing plant,,Please advise the cases where contacting the existing equipment supplier is required during the adequacy check of existing equipment and advise the level of details required from supplier. ,"Bidders to note that in case of Granulators OEM Enersul is required to be engaged.
 For other mechanical equipments OEM/  Company approved Vendors may  be engaged.",TB10,Not Applicable,Confirmed,,,
110,34,Projects,,,Demolish scope,,Please confirm that demolish scope of existing equipment mentioned in equipment list (i.e. demolish from existing location not leaving it in location and being un-used),Bidder to refer to RFT Documents along with Decommissioning and Demolition Philosophy RP-5312-00-PR-030 for demolition requirement. ,TB10,Not Applicable,Confirmed,,,
111,35,Process,,"DS-5312-30-F-0001
& 
5312-30-A1-0003_0",Mismatching between flow rates,,"Mass flow rate within filter datasheet “DS-5312-30-F-0001” is not matching the flow rate in PFD “5312-30-A1-0003_0”
Please advise which to be followed","For filter sizing and specifications, follow filter datasheet specified flow.
Also refer to Process sizing calculations report(Doc.No.RP-5312-00-PR-023)/ Liquid sulphur transfer pump calculations for more details.",TB10,Applicable ,Confirmed,,,
112,36,Process,,"DS-5312-30-F-0001 &
DS-5312-30-V-0001",Mismatching between flow rates,,Mass flow rate within filter datasheet “DS-5312-30-F-0001” is not matching the day vessel datasheet “DS-5312-30-V-0001” Please advise which to be followed.,"For filter sizing and specifications, follow filter datasheet specified flow.
Also refer to Process sizing calculations report(Doc.No.RP-5312-00-PR-023), Liquid Sulphur Day Vessel Sizing for more details.",TB10,Applicable ,Confirmed,,,
113,37,Process,,DS-5312-30-V-0001,Sizing criteria/storage time,,Please advise the Sizing criteria & retention/storage time within liquid sulphur day vessel (liquid will be stored from Low liquid level to High liquid level) within the vessel.,"Bidder to refer to Process sizing calculations report(Doc.No.RP-5312-00-PR-023) provided as part of Package #1 FEED RFT documents.
",TB10,Applicable ,Confirmed,,,
114,38,Process ,,DS-5312-30-F-0001,P8,,"“The Sulphur is subjected to contaminates such as dust, Sand and organic material. Organic material at high temp. results in formation of Car-Sul.”
Please submit the solids particle sizes/ shapes required to be filtered as this shall be submitted for LIQUID SULPHUR TRANSFER PUMP supplier to be considered.","Based on filter datasheet (DS-5312-30-F-0001), the filter is sized to remove particle size above 500 mircrons. 
During EPC phase, successful Bidder can request for any additional data from company to complete filter design.",TB10,Applicable ,Confirmed,,,
115,39,Process,,,Design basis,,Please advise the over design factor/design margin for each equipment,"Refer to ADNOC Process Design criteria document ,AGES-GL-08-001, rev.1”. 
The referenced AGES is attached alongwith Tender bulletin.",TB10,Applicable ,Confirmed,,,
116,40,Process,,,,,Please confirm that Day Vessel storage shall be 1 day of 12000T/D splitted into 4 vessels (i.e. 2400 T/D from Low liquid Level to High Liquid Level),Bidder to refer to RFT documents-  Process sizing calc. for equipment report ( Doc.No.RP-5312-00-PR-023).  The Day vessel is sized to hold liquid volume equivalent to 3 granulator flows.,TB10,Applicable for RSHT-2 design,Confirmed,,,
117,41,Process,,"DS-5312-30-F-0001
& 
5312-30-A1-0003_0 & DS-5312-30-V-0001",Mismatching between flow rates,,"Mass flow rate within filter datasheet “DS-5312-30-F-0001” of 240730 kg/hr for each filter (5 filters) is not matching the flow rate in PFD “5312-30-A1-0003_0” stream 1002 of 550,000 kg/hr (i.e. 110,000kg/hr for each filter) is not matching the day vessel datasheet “DS-5312-30-V-0001” of 152040 kg/hr (i.e. 760200 kg/hr).
Please advise.","For filter sizing and specifications, follow filter datasheet specified flow.
For further details refer to FEED Process sizing calculations report (Doc.No.RP-5312-00-PR-023) for Liquid sulphur transfer pump & day vessel sizing basis & calculations.",TB10,Applicable ,Confirmed,,,
118,42,Process,,DS-5312-40-P-0001,Pump datasheet has worst case which is not mentioned in H&MB,,"Pump  40-P-0001A/B/C/S datasheet has worst case which is not mentioned in H&MB as an operating case.
Please confirm that this case shall be discarded and rated flow rate shall be considered as 1.1 * normal case","Bidder shall refer FEED document ""Process sizing calculations report(Doc.No.RP-5312-00-PR-023)""- Liquid sulphur transfer pump calculations for more details to flow basis. ",TB10,Applicable ,Confirmed,,,
119,43,Process,,AGES-GL-08-001_Rev. 1,,,Please submit the document “AGES-GL-08-001_Rev. 1” For design margin/line sizing/vessel sizing sections,"Refer to response provided in point.no.18 above.
",TB10,Applicable ,Confirmed,,,
120,44,Process,,,,,Please submit the project isolation philosophy,"Available as part of Package #1 RFT FEED documents, Exhibit C.",TB10,Applicable ,Confirmed,,,
121,45,Process,,EXHIBIT-B.11,Page 22,,"As per the EXHIBIT-A.01, liquid sulfur pipeline is outside the contractor scope of work. However EXHIBIT-B.11 indicated that “ CONTRACTOR to manage to implement any input from Hail & Ghasha project impacting the design of SHT-1 facility i.e valve closure time based on Hail & Ghasha liquid sulphur pipelines surge analysis”. NO data was received. Therefore Company to kindly avail the FEED flow assurance work conducted for the new H&G sulfur pipeline (steady state and transient surge analysis)","The flow assurance work from Hail & Gasha will be provided to EPC Contractor during detailed engineering.

Bidder shall refer to p&ids 5312-40-A1-0061 and 5312-40-A1-0062/63/64  for valve closure time.",TB10,Applicable ,Confirmed,,,
122,46,Process,,Utility Study & Adequacy Report Rev.0,Utility summary for the existing and new facility Table 6.1,,"For the process water, the mentioned available capacity at GUP is 33.3 m3/h. The required new demand is 60 m3/h, and the future demand of 87 m3/h exceeding the mentioned available demand (33.3 m3/h). 
Therefore, Company to confirm the availability of the water source to cover the new process water demand.","Bidder is requested to refer RFT document ""Utility Study & Adequacy Report (Doc.No.RP-5312-00-PR-005), Sec 6.1(Process water) and also Appendix-1,Sheet-2, 3 for process consumption summary  for existing and new users. 
",TB10,APPLICABLE,Partially Applicable for RSHT-2 design when process water source is from GUP.,Confirmed,,
123,47,Process,,Utility Study & Adequacy Report ,"Utility summary for the existing and new facility, Table 6.1",,"It was mentioned: “Currently process water is coming from GUP via an existing 3-inch header which is scaled and not providing enough flow to existing granulation plant”. 
Company to kindly advise whether there is a mitigative action considered in the FEED to prevent scale blockage again in the new 6-inch pipeline the same happened in the existing 3-inch pipeline (e.g scale inhibitor OR periodic pigging).","Bidder is requested to refer RFT document ""Utility Study & Adequacy Report (Doc.No.RP-5312-00-PR-005), Sec 6.0(UTILITY SUMMARY),Note-2 for the same.
Bidder shall also refer to material corrosion study report in RFT Package",TB10,APPLICABLE,Partially Applicable for RSHT-2 design when process water source is from GUP.,Confirmed,,
124,48,Process,,Hydraulic Calculation Report ,,,Regarding the new process water pipeline from GUP to RSHT-1. The hydraulic calculation mentioned for the new 6-inch pipeline (page 66) is just 26 m so company to kindly confirm that 6-inch pipeline (2 km) is within package-1 scope.,"For Process water interface with GUP, Bidder is requested ro refer Exhibit B.11 sections(11.2.2, page 20 of 167) and B11.2.8.3 (Point 55, interface with GUP, page 63 of 167).",TB10,APPLICABLE,Partially Applicable for RSHT-2 design when process water source is from GUP.,Confirmed,,
125,49,Process,,,,,Company to kindly avail the FEED flow assurance report conducted for the new 6-inch process water pipeline,FEED flow assurance report is not available. Bidder shall perform analysis during detailed Engineering as mentioned in  Exhibit B11; Section B11.2.2 (page 21/166).,TB10,APPLICABLE,"Partially applicable, as per Exhibit B11",Bidder shall perform analysis during detailed Engineering as mentioned in  Exhibit B11; Section B11.2.2 (page 21/166),Accepted,
126,50,Process,,,,,"Regarding the new 6-inch process water pipeline from GUP to RSHT-1, Company to kindly avail the tie-in P&IDs including the pipeline and its tie-in with GUP","Bidder is requested to refer Exhibit B.11 sections(11.2.2, page 20 of 167), where FEED MOM references with tie-in P&ID mark-up's are mentioned. The respective MOM's are provided as TB Attachment.",TB10,Applicable,"Not applicable, these are related to RHST-1.",CONFIRMED,,
127,51,Process,,Utility Study & Adequacy Report / P&IDs,Table 5.1/ 5312-40-A1-0227 ,,"Company to kindly advise, There is a contradiction between the design pressure indicated for the 6-inch process water pipeline at RSHT-1 as following:
-          The design pressure indicated in the P&IDs drawing no. 5312-40-A1-0227 is 10 kg/cm2.g 
The design pressure indicated in Table 5.1 utilities study and adequacy report is 11.4 kg/cm2.g.","Bidder to note the design pressure indicated in FEED Utility Study & Adequacy Report (Doc.No.RP-5312-00-PR-005) is inline with design pressure estimation in FEED Process sizing calculations report (Doc.No.RP-5312-00-PR-023)"" for Process Water Pumps.",TB10,Applicable,"Not applicable, these are related to RHST-1.",CONFIRMED,,
128,52,Process,,,Utility Study & Adequacy Report,,"It was mentioned. “Currently process water is coming from GUP via an existing 3-inch header which is scaled and not providing enough flow to existing granulation plant. Hence, the COMPANY is using costly potable water to meet the deficiency of process water. For RSHT-1 upgrade, all new process consumers are supplied by process water hence the demand is increased. In future when all the existing potable water users are shifted to process water then the demand shall be 87 m3/hour”
Company to kindly confirm whether there is a new 6-inch process water pipeline within the Package-1 scope.","Confirmed.  6"" new process water pipeline is within RSHT-1 Package-1 scope. 
-Refer also responses provided in above points (48 to 52) related to process water system.
-Refer also document ""Addendum to Annexure 3, Scope of Works
 (Package-1) provided as part of RFT package, for process water tie-in interface.",TB10,Applicable,"Not applicable, these are related to RHST-1.",CONFIRMED,,
129,53,Process,,DB-5312-00-PR-001,PROCESS BASIS OF DESIGN,,Missing document ,"Documents are available in RFT package, Annexure 3- Exhibit C ",TB10,Applicable,Confirmed,,,
130,54,Process,,RP-5312-00-PR-001,PROCESS DESCRIPTION,,Missing document,See reply to point no 53 above,TB10,Applicable,Confirmed,,,
131,55,Process,,RP-5312-00-PR-002,EQUIPMENT LIST,,Missing document ,See reply to point no 53 above,TB10,Applicable,Confirmed,,,
132,56,Process,,RP-5312-00-PR-004,HEAT & MASS BALANCE,,Missing document,See reply to point no 53 above,TB10,Applicable,Confirmed,,,
133,57,Process,,RP-5312-00-PR-005,UTILITY STUDY & ADEQUACY REPORT,,Missing document ,See reply to point no 53 above,TB10,Applicable,Confirmed,,,
134,58,Process,,RP-5312-00-PR-007,SITE VISIT REPORT - PROCESS,,Missing document,See reply to point no 53 above,TB10,Applicable,Confirmed,,,
135,59,Process,,RP-5312-00-PR-008,OPERATING AND CONTROL PHILOSOPHY,,Missing document ,See reply to point no 53 above,TB10,Applicable,Confirmed,,,
136,60,Process,,RP-5312-00-PR-009,EMERGENCY SHUTDOWN PHILOSOPHY,,Missing document,See reply to point no 53 above,TB10,Applicable,Confirmed,,,
137,61,Process,,RP-5312-00-PR-010,PFD & UFD REVIEW REPORT,,Missing document ,See reply to point no 53 above,TB10,Applicable,Confirmed,,,
138,62,Process,,RP-5312-00-PR-012,LINE LIST,,Missing document,See reply to point no 53 above,TB10,Applicable,Confirmed,,,
139,63,Process,,RP-5312-00-PR-013,P&ID REVIEW REPORT,,Missing document ,See reply to point no 53 above,TB10,Applicable,Confirmed,,,
140,64,Process,,RP-5312-00-PR-014,START-UP AND NORMAL SHUTDOWN PHILOSOPHY,,Missing document,See reply to point no 53 above,TB10,Applicable,Confirmed,,,
141,65,Process,,RP-5312-00-PR-015,EQUIPMENT ISOLATION PHILOSOPHY,,Missing document ,See reply to point no 53 above,TB10,Applicable,Confirmed,,,
142,66,Process,,RP-5312-00-PR-016,VENT & DRAIN PHILOSOPHY,,Missing document,See reply to point no 53 above,TB10,Applicable,Confirmed,,,
143,67,Process,,RP-5312-00-PR-017,TIE-IN PHILOSOPHY,,Missing document ,See reply to point no 53 above,TB10,Applicable,Confirmed,,,
144,68,Process,,RP-5312-00-PR-018,"PRE-COMMISSIONING, COMMISSIONING PHILOSOPHY",,Missing document,See reply to point no 53 above,TB10,Applicable,Confirmed,,,
145,69,Process,,RP-5312-00-PR-019,PROCESS SAFEGUARDING MEMORANDUM ,,Missing document ,See reply to point no 53 above,TB10,Applicable,Confirmed,,,
146,70,Process,,RP-5312-00-PR-020,TIE-IN LIST,,Missing document,See reply to point no 53 above,TB10,Applicable,Confirmed,,,
147,71,Process,,RP-5312-00-PR-021,OVERALL EMISSION AND EFFLUENT SUMMARY,,Missing document ,See reply to point no 53 above,TB10,Applicable,Confirmed,,,
148,72,Process,,RP-5312-00-PR-022,HYDRAULIC CALCULATION REPORT,,Missing document,See reply to point no 53 above,TB10,Applicable,Confirmed,,,
149,73,Process,,RP-5312-00-PR-023,PROCESS SIZING CALCULATIONS FOR EQUIPMENT,,Missing document ,See reply to point no 53 above,TB10,Applicable,Confirmed,,,
150,74,Process,,RP-5312-00-PR-025,PFD & UFD REVIEW CLOSE OUT REPORT,,Missing document,See reply to point no 53 above,TB10,Applicable,Confirmed,,,
151,75,Process,,RP-5312-00-PR-026,P&ID REVIEW CLOSE OUT REPORT,,Missing document ,See reply to point no 53 above,TB10,Applicable,Confirmed,,,
152,76,Process,,RP-5312-00-PR-027,ENERGY REPORT (ER-3 DEFINE STAGE),,Missing document,See reply to point no 53 above,TB10,Applicable,Confirmed,,,
153,77,Process,,RP-5312-00-PR-028,"CAUSE & EFFECT DIAGRAM UNIT 10,30,40 (MODIFICATIONS) SHT-1 EXISTING / NEW FACILITIES",,Missing document ,See reply to point no 53 above,TB10,Applicable,Confirmed,,,
154,78,Process,,RP-5312-00-PR-029,ALARM & TRIP LIST,,Missing document,See reply to point no 53 above,TB10,Applicable,Confirmed,,,
155,79,Process,,RP-5312-00-PR-030,DECOMMISSIONING AND DEMOLITION PHILOSOPHY,,Missing document ,See reply to point no 53 above,TB10,Applicable,Confirmed,,,
156,80,Process,,PFD/Sulphur ,PFD,,Liquid sulfur properties (density/viscosity/etc…) are missing in the material balance attached to the PFD,"Refer to responses provided in above point .no.31
",TB10,Applicable,Confirmed,,,
157,81,Process,,Tank loading and unloading philosophy,,,Please advise the tank loading and unloading philosophy (i.e. 2 tanks is loading and 1 is unloading),Bidder is requested to refer RFT document 'OPERATING AND CONTROL PHILOSOPHY (Doc.No.RP-5312-00-PR-008)' for more details.,TB10,Applicable,Confirmed,,,
158,82,Process,,,"Wastewater& New Granulation Area Sump Pump, 40-P-0012 A/S, 30-P-0021",,"Company to provide the basis (B.L Pressure & Flowrate) for 40-P-0012 A/S, 30-P-0051 Pumps in order to issue the process datasheet for these new pumps.","Bidder to note that the basic information related to these pump parameters and other information are available in the following FEED documents provided as part of RFT package.Kindly consider the same.
a) PFD : 5312-40-A1-0105
b) P&ID : 5312-40-A1-0232 & 5312-30-A1-0053
c) Equipment List : RP-5312-00-PR-002
d) Process Sizing cal & Hydraulic reports ( RP-5312-00-PR-023 & RP-5312-00-PR-022)
",TB10,Applicable,"Not applicable, new collection and treatment system for SGP.",CONFIRMED,,
159,83,Process,,,Utility Study & Adequacy Report RP-5312-00-PR-005,,Company to provide Utility Study & Adequacy Report RP-5312-00-PR-005 Document.,Available as part of Package #1 RFT FEED documents Exhibit C.,TB10,Applicable to RSHT-2 design,Confirmed,,,
160,84,Process,,,POTABLE WATER SYSTEM,,"Kindly provide the data sheets for the following: potable water storage tank (40-TK-103), potable water pumps (5340-P-1007 A/S), and potable water pump (54140-P-4007).","During EPC phase, the existing as-built datasheet/drawings required to complete the design  shall be provided to Bidder based on as-built documents need list request.
Further, Bidder is requested to refer to relevant Unit-40 P&ID's provided as per RFT package to understand the upgrade scope within potable water system and equipments.",TB10,Not Applicable,Confirmed,,,
161,85,Process,,,"EQUIPMENT LIST,RP-5312-00-PR-002",,Company to provide EQUIPMENT LIST RP-5312-00-PR-002 Document.,See reply to point no 53 above,TB10,Applicable to RSHT-2 design,Confirmed,,,
162,86,Process,,,"5340-TK-1004,PROCESS WATER STORAGE TANK",,"Process water tank hold up will be reduced to approximately one sixth (1.5 hrs. instead of 14 hrs. based on the current basis of filling rate = 10 m3/hr.), As the process water demand is essential for the granulators so this period shall be expected to be similar to current basis of 14 hrs., Company to advise either to accept the current of +storage period to be 1.5 hrs. or to accept to consider new tank covers the 14 hrs. operation period.","It is not clear what is the basis of 10 m3/h filling rate mentioned by the Bidder. 

Biddershall refer FEED document ""Process sizing calculations report (Doc.No.RP-5312-00-PR-023)""  Process water tank calculations. As per FEED report, the residence time available in tank is 67 min(1.1hr) based on new process water demand.",TB10,Applicable to RSHT-2 design,Confirmed,,,
163,87,Process,,,"5340-P-1007A/S,54140-P-4007
POTABLE WATER PUMPS",,"With respect to the potable water demand with normal flowrate 3 m3/hr and the existing potable water pumps designed on rated capacity 25, 21 m3/h respectively, which considered as operating condition below pumps minimum flow value contractor request to consider a continuous circulation loop through return separate line from the supply header toward the tank during normal operation to put the pump on the rated capacity replacing the current feed minimum flow loop.","Bidder is requested to refer FEED document ""Utility Study & Adequacy Report (Doc.No.RP-5312-00-PR-005), Appendix -1, sheet-1,4 & 5 regarding potable water consumptions summary (continuous-26 m3/h /intermittent-40 m3/h). Based on this, FEED considered pump MCF design is acceptable.
However as future development, based on table 6.1 and section 6.1 & 6.2 references, if all potable water users are shifted to process water, then potable water demand will be reduced and accordingly system design can be reviewed. Refer to also the FEED Process Basis of design document (DB-5312-00-PR-001), sec 5.8.3, note-2 & 3 information for the potable water.",TB10,Applicable,"Not Applicable, Potable water consumption shall be based on SGP project requirement.",CONFIRMED,,
164,88,Process,,,"5340-P-1007A/S,54140-P-4007,POTABLE WATER PUMPS",,"With respect to the required potable water flowrate, the existing pumps cannot satisfy the required pressure at delivery points as of the battery limit pressure at the farther user is 9.6 kg/cm2g and the current differential pressure is 9.6 kg/cm2.
Therefore, Bidder proposes to add new potable water pumps with capacity 10 m3/hr. and differential pressure is 12 kg/cm2 to suit the required battery limit conditions.","Bidder to note that, based on FEED Process Basis of design document(DB-5312-00-PR-001), sec 5.8.3, reference, the potable water battery limit  pressure(normal) is mentioned as 3.5 kg/cm2g. Hence existing potable water pump systems will suffice.",TB10,Applicable,"Not applicable, potable water consumption shall be based on SGP project requirement.",CONFIRMED,,
165,89,Process,,,"UFD [Nitrogen],5312-40-A1-0102",,Stream 1301 is HOLD [Nitrogen to New Granulation Area- Unit 30] Company to provide the instant and average flow [Nm3/hr.] to verify the actual demand for Nitrogen.,Refer to responses provided in point.no.33 above.,TB10,Applicable,Not Applicable based on point no.33 response,confirmed,,
166,1,Technical &/or Commercial,,The work to be carried out to energize any idle machine and run it in full load.,"Doc. No.RP-5312-10-ME-002
Doc. No.RP-5312-00-ME-008
Doc. No.: RP-5312-00-ME-002",,"A detailed assessment will be carried out by OEM/EPC contractor during the detailed Engineering phase, the detailed assessment shall cover Mechanical, Structures, Electrical and PLC / DCS systems as well as functions and operations of such equipment.
Equipment shall be energized and run for a reasonable period to determine and observe all operation findings.
For this regard, any maintenance, corrective and re-commissioning activities that required to energize any idle machine and run it in full load for a reasonable duration will be responsibilities of Client. ADNOC to confirm.
Example:  the new dome stacker reclaimer, has been idle for 5 years in 2021 and will be so for 8 years in 2024.","ALL activities conducted to Existing units/equipment should be planned and approved by company, before activity starts .
Technical assessment and refurbishment shall be, under contractor scope and supervision till successfully meeting safe reliable operation for the new design life of the plant",TB11,Not Applicable,Confirmed,,,
167,2,Technical &/or Commercial,,OEM contacts,,,,"Enersol is the nominated OEM for Granulators
For other equipment, AVL to be followed",TB11,Not Applicable,Confirmed,,,
168,3,Technical &/or Commercial,,"Philosophy of Revamping, modification, Up-Gradation, and service life extension of Existing units",,,"For the existing equipment that will be revamped and /or upgraded, Revamping and service life extension shall be based only on replacing the malfunction parts with new parts, any other repair works, machining works, surface repair, sand blasting, re-painting…. etc. shall not be applied and shall be excluded from EPC CONTRACTOR scope of work. ADNOC is kindly requested to confirm.",Refer to Item 1 Above,TB11,Not Applicable,Confirmed,,,
169,4,Technical &/or Commercial,,"Service life extension for Refurbished, Modified or upgraded equipment to be guaranteed and identified and by OEM after performing a detailed assessment. ADNOC to confirm.",,,"Service life extension for Refurbished, Modified or upgraded equipment to be guaranteed and identified and by OEM after performing a detailed assessment. ADNOC to confirm.",Refer to Item 1 Above,TB11,Not Applicable,Confirmed,,,
170,5,Technical &/or Commercial,,Standardization of spare parts,,,"ADNOC to provide the recommended sub-vendors for main items, EPC CONTRACTORS will ask the bidders to comply with the provided sub-vendors list in order  to achieve the maximum possible level of spare parts standardization such as ( Bearings, speed switches, motors, Rubber belts….etc.)",Bidder to refer AVL.,TB11,Applicable,Confirmed,,,
171,6,Technical &/or Commercial,,3D Model for packages,,,Company is kindly requested to clearly define the scope of OEM regarding the 3D modeling for the revamped equipment,"Overall responsibility, is under EPC contractor ",TB11,Not Applicable,Confirmed,CONFIRMED,,
172,7,Technical &/or Commercial,,Belt Conveyors  calculations by SIDEWINDER,"RP-5312-00-ME-008_0
MR-5312-10-ME-001
SP-5312-10-ME-001_0",,"Bidder understands that:
For new conveyors, supplier "" SIDEWINDER""""  will be used to design conveyors, which will include calculating conveyor power requirements, belt tensions, and vertical curve radii, horizontal curve radii, and other design factors must be completed using the latest revisions
.For Modified belt conveyor, Sidewinder will be used to check the adequacy of bearing of existing idlers / pulleys.
ADNOC to confirm our understanding.",Refer to Item 1 Above,TB11,APPLICABLE,"Applicable
has already been considered",CONFIRMED,,
173,8,Technical &/or Commercial,,"Pay loaders, Forklift, Man Lift, and others.",Doc. No. PR-5312-00-GE-017 - EXHIBIT - B.11,,"Any Pay loaders required to transfer granular Sulphur spillages to the Sulphur remelting area are excluded from EPC CONTRACTOR scope of supply. ADNOC is kindly requested to confirm.

Any forklift or man lift required for maintenance or daily operation activities area excluded from EPC CONTRACTOR scope of supply. ADNOC is kindly requested to confirm.",NOTED,TB11,Applicable,Confirmed,CONFIRMED,,
174,9,Technical &/or Commercial,,Feeding conveyor for berth 2,"Addendum to Annexure 3, Scope of Works (Package-1)",,As mentioned by ADNOC that Berth 2 is considered unavailable for Sulphur granules export due to FSRU operations accordingly there is no scope of work for berth-2 ship loader. Bidder understood that the belt feeder for berth -2 ship loader (10-FD-0003) also will be excluded from the scope of work. Company to confirm,"Bidder to note that as part of FEED scope, the transfer tower (TT-2) shall be refurbished/ upgraded to facilitate necessary conveyor routing including chute and shuttle designs.

Hence as part of this upgrade, this new FEEDER (10-FD-0003) requirement identified considering for any future Berth-2 operations.

Refer to also FEED document, Chutes Discrete Element Modelling Report (Doc. No. RP-5312-10-ME-006) for more information related to chute modelling and this FEEDER.",TB11,Not Applicable,Confirmed,CONFIRMED,,
175,10,Technical &/or Commercial,,Refurbishment,"Doc. No. RP-5312-00-ME-008, Page 14,
 Para # 6.1.4 
Doc. No. RP-5312-10-ME-002_0
Appendix 2 – New dome stacker - reclaimer",,"Reference to doc. No. RP-5312-00-ME-008, Page 14, Para # 6.1.4: it was stated that “General refurbishment ensuring target reclaiming capacity being de-rated from existing capacity of 1750 t/h to 1250 t/h “. 
Otherwise, the Assessment Report of New dome stacker – reclaimer in. RP-5312-10-ME-002_0 
Appendix 2 not mentioned any requirements concerning capacity derated. ADNOC to clarify.",Bidder understanding for derating of New Dome Reclaimer capacity is correct.,TB11,Not Applicable,Confirmed,CONFIRMED,,
176,11,Technical,,Mechanical Datasheet For Liquid Sulphur Filter (30-F-0001A/S / 0002A/S / 0003A/S / 0004A/S / 0005A/S),"Exhibit C- Sr. No. 376  
DS-5312-30-F-0001_Rev. 0, Page 2 of 6, row no. 10",,Operating pressure value indicated on data sheet (8 kg/cm2g) is not matching with that indicated on equipment list (9.3 kg/cm2g). Please confirm which is the correct value.,"Bidder to consider filter datasheet value and is in line with PFD stream (#1002) operating pressure data. However, during EPC phase, Bidder shall update operating pressure data based on final hydraulic calculations.",TB11,Applicable,Confirmed,CONFIRMED,,
177,12,Technical,,"Mechanical Datasheet For Liquid Sulphur Filter (30-F-0001A/S / 0002A/S / 0003A/S / 0004A/S / 0005A/S)
/Particles to be removed","Exhibit C- Sr. No. 376  
DS-5312-30-F-0001_Rev. 0, Page 2 of 6, row no. 9",,Please provide solid loading/ particle size distribution at inlet stream.,"Based on filter datasheet (DS-5312-30-F-0001), the filter is sized to remove particle size above 500 microns. ",TB11,Applicable,Confirmed,CONFIRMED,,
178,13,Technical,,"Mechanical Datasheet For Liquid Sulphur Filter (30-F-0001A/S / 0002A/S / 0003A/S / 0004A/S / 0005A/S)
/ Filter type","Exhibit C- Sr. No. 376  
DS-5312-30-F-0001_Rev. 0, Page 2 of 6, row no. 13",,Please advise if it would be acceptable to use basket filter constructed from perforated plate instead of wedge wire type.,Bidder to comply Datasheet requirements.,TB11,Applicable,Confirmed,CONFIRMED,,
179,14,Technical,,"Mechanical Datasheet For Liquid Sulphur Filter (30-F-0001A/S / 0002A/S / 0003A/S / 0004A/S / 0005A/S)
/ Filter type","Exhibit C- Sr. No. 376  
DS-5312-30-F-0001_Rev. 0, Page 2 of 6, row no. 13",,"·         Please advise the purpose of adding ""self-cleaning"" to filter type. 
As per our understanding and according to note (P3), two filters are provided for each stream; one in operation and another in stand-by mode. Once dirty pressure drop is reached, manual change-over shall be carried out between the two filters. Then, filter basket shall be extracted from the filter that is out of service and basket shall be cleaned manually using steam outside of filter housing. 
Please confirm our understanding	","For more details related to filter operating procedures, Bidder is requested to refer FEED document 'OPERATING AND CONTROL PHILOSOPHY (Doc.No.RP-5312-00-PR-008)'",TB11,Applicable,Confirmed,CONFIRMED,,
180,15,Technical,,Mechanical Datasheet For Liquid Sulphur Filter (30-F-0001A/S / 0002A/S / 0003A/S / 0004A/S / 0005A/S) / Mass Flow rate,"Exhibit C- Sr. No. 376  
DS-5312-30-F-0001_Rev. 0, Page 2 of 6, row no. 20",,"·       Each filter shall be sized for maximum flow rate i.e filtration surface area shall be selected to be suitable for maximum flow rate, while normal flow rate should be used only for estimating filter cleaning frequency (duration of operation before cleaning) if solid loading at inlet stream is available.
Please confirm our understanding..
","Bidder to note that, filter cleaning frequency & duration of operation possible to be reviewed further during EPC phase considering maximum /normal flow rates indicated in the datasheet and based on filter vendor inputs/ recommendations.",TB11,Applicable,Confirmed,CONFIRMED,,
181,16,Technical,,"Mechanical Datasheet For Liquid Sulphur Filter (30-F-0001A/S / 0002A/S / 0003A/S / 0004A/S / 0005A/S)
/ Design Pressure/ Temperature","Exhibit C- Sr. No. 376  
DS-5312-30-F-0001_Rev. 0, Page 2 of 6, row no. 26/ 27",,Please confirm if filters shall be designed for steam out condition.,"During EPC phase, Bidder to review this requirement based on filter vendor recommendations and based on operating procedures followed for filter cleaning.
Further Bidder to review the same based on ADNOC guideline “Process design criteria (AGES-GL-08-001) and requirements.",TB11,Applicable,Confirmed,CONFIRMED,,
182,17,Technical,,Mechanical Datasheet For Liquid Sulphur Filter (30-F-0001A/S / 0002A/S / 0003A/S / 0004A/S / 0005A/S)/ Material of Construction,"Exhibit C- Sr. No. 376  
DS-5312-30-F-0001_Rev. 0, Page 2 of 6, row no. 47",,"According to Materials Selection Report and Summary Tables (Doc. no. RP-5312-00-MC-002), New Liquid Sulphur Filters shall be upgraded from material in existing system (CS + 3mm CA) to SS316L based on lessons learnt from existing system and due to corrosion observed in the existing filters.
Please confirm if filter housing material shall be SS316L (with CA = 0).",Bidder to refer Mechanical Datasheet for materials (CS) for base scope and shall quote SS316L as an optional scope.,TB11,Applicable,Confirmed,CONFIRMED,,
183,18,Technical,,"Material Requisition For Liquid Sulphur Filter, Para. no. 4.3
/ Project Specifications","Exhibit C- Sr. No. 385
MR-5312-30-ME-005, Page 10 of 37",,Please submit doc. no. AGES-SP-06-001 (Design Criteria for Static Equipment).,AGES is attached with the TB ,TB11,Applicable,Confirmed,CONFIRMED,,
184,19,Technical,,"Material Requisition For Liquid Sulphur Filter, Para. no. 4.4
/ Standard Drawings","Exhibit C- Sr. No. 385
MR-5312-30-ME-005, Page 11 of 37",,Please submit standard drawings.,Standard dwgs shall be available to the Contractor during EPC phase.,TB11,Applicable,Confirmed,CONFIRMED,,
185,20,Technical,,"Material Requisition For New Granulator Units, Para. no. 4.3
/ Data Sheets","Exhibit C- Sr. No. 381
MR-5312-30-ME-001, Page 11 of 47",,"Please provide Data Sheet for Liquid Sulphur Filter (Doc. no. DS-5312-30-D-0001) as it is missing.
Please advise if this data sheet is related to Inline Sulphur Filters as mentioned tag numbers (8040-F-0101~0502) are different from those for inline sulphur filters (30-F-0006A/B, 30-F-0015A/B, 30-F-0018A/B, 30-F-0033A/B, 30-F-0036A/B, 30-F-0039A/B and 30-F-0042A/B). ","Bidder to note that, this filter datasheet reference specified in MR is related to Liquid Sulphur filters and is outside the granulator package and located upstream of Liquid Sulphur Day vessels.",TB11,Applicable,Confirmed,CONFIRMED,,
186,21,Technical,,"Material Requisition For New Granulator Units, Para. no. 4.3
/ Data Sheets","Exhibit C- Sr. No. 381
MR-5312-30-ME-001, Page 11 of 47",,Please advise if there are data sheets for Process Water Supply Filters and Process Water Discharge Filters and please submit if available.,Bidder to note that these filters are part of Sulphur granulator package scope and no FEED datasheets  available for the same.,TB11,Applicable,Confirmed,CONFIRMED,,
187,22,Technical,,"Material Requisition For New Granulator Units, Para. no. 5.1
/ List of Equipment ","Exhibit C- Sr. No. 381
MR-5312-30-ME-001, Page 14 of 47",,"Process Water Supply Filter (QTY. 7 op.+ 7 standby) shown in P&ID's with tag numbers listed below are missing from the list.
•	30-F-0007A/B
•	30-F-0016A/B
•	30-F-0019A/B
•	30-F-0034A/B
•	30-F-0037A/B
•	30-F-0040A/B
•	30-F-0043A/B
Please confirm if these filters shall be added to the list.","Bidder understanding is correct. This process water supply filter correct qty (7 W+ 7S) to be added to the list and part of the Sulphur granulator package scope. 
Further Bidder also consider correct inline Sulphur filter quantities as (7 W+7S) part of granulator package scope and in line with respective FEED P&IDs. As in the MR referred, it is mentioned only 7no’s.
As an information, Bidder also requested to refer PFD(5312-30-A1-0003) and respective P&ID’s for granulator package unit inside equipment’s quantity",TB11,APPLICABLE,Partially Applicable as per RSHT-2 design requirements,CONFIRMED,,
188,23,Technical,,Scope Of Work for Relocation And Revamping Of Existing Granulator Units,"Exhibit C- Sr. No. 386
RP-5312-30-ME-001, Page 14~18 of 30",,"Please advise if there are data sheets for new polishing filters in granulator units GX-6, GX-7, GX-8 and GX-9 and please submit if available.",Datasheet for the Polishing Filters shall be developed by contractor during EPC Phase.,TB11,Not Applicable,Confirmed,CONFIRMED,,
189,1,,,,,,,SCOPE UPDATION FOR REFURBISHMENT SCOPE AND FEED ENDORSEMENT,TB12,Not Applicable,Confirmed,CONFIRMED,,
190,1,,,,"Utility summary for the existing and new facility, Table 6.1",,"Bidder Clarification:
It was mentioned: “Currently process water is coming from GUP via an existing 3-inch header which is scaled and not providing enough flow to existing granulation plant”. Company to kindly advise whether there is a mitigative action considered in the FEED to prevent scale blockage again in the new 6-inch pipeline the same happened in the existing 3-inch pipeline (e.g scale inhibitor OR periodic pigging).

Company Reply:
Bidder is requested to refer RFT document ""Utility Study & Adequacy Report (Doc.No.RP-5312-00-PR-005),Sec 6.0(UTILITY SUMMARY),Note-2 for the same.Bidder shall also refer to material corrosion study report in RFT Package

Bidder Clarification:
Bidder understood that the the source for the new 6-inch pipeline is distillate water NOT the same feed to the blocked 3-inch pipeline therefore no repeatable issue of scale blocking the pipeline could occur [FEED approach]. 
Kindly confirm.","Bidder shall note that  the source of Process water is distilled water from new 6” pipeline from GUP.


",TB13,"Not Applicable.

However as part of RSHT-2 scope provided, Process water tie-in from GUP to be considered in optional scope.",Confirmed,CONFIRMED,,
191,2,,,,"TB-010 Company reply to point 51
",,"Bidder Clarification:
Company to kindly avail the FEED flow assurance report conducted for the new 6-inch process water pipeline.

Company Reply:

FEED flow assurance report is not available. Bidder shall perform analysis during detailed Engineering as mentioned in Exhibit B11; Section B11.2.2 (page 21/166).

Bidder Clarification:
As no FEED was conducted for the 6-inch pipeline therefore any impact during the detailed engineering phase should be considered a change order.","
Hence Bidder shall note that response to this query is limited to technical part only, Bases of commercial offer and qualification shall be covered under separate correspondences related to bid terms and conditions ",TB13,"Not Applicable.

However as part of RSHT-2 scope provided, flow assurance studies as required to be considered based on interface tie-in identified.",Confirmed,CONFIRMED,,
192,3,,,,Utility summary for the existing and new facility Table 6.1,,"Bidder Clarification:
For the process water, the mentioned available capacity at GUP is 33.3 m3/h. The required new demand is 60 m3/h, and the future demand of 87 m3/h exceeding the mentioned available demand (33.3 m3/h). Therefore, Company to confirm the availability of the water source to cover the new process water demand.

Company Reply:
Bidder is requested to refer RFT document ""Utility Study&Adequacy Report (Doc.No.RP-5312-00-PR-005),Sec6.1(Process water) and also Appendix-1,Sheet-2, 3 for process consumption summary for existing and new users.

Bidder Clarification:
The bidder understood that the process water source is adequate to avail the new and future demands based on using the distillate water as mentioned in attachment#2 .the inadequate process water mentioned in the table 6.1 (utility study & adequacy report) is related to the blockage on the 3-inch pipeline only that cannot deliver the available process water from GUP to RSHT-1 . Kindly confirm.
","The source of Process water is from new 6” pipeline from GUP to cater Process water requirements in RSHT-1 for existing, new and future demands.",TB13,"Not Applicable.

However as part of RSHT-2 scope provided, Process water tie-in from GUP to be considered in optional scope.",Confirmed,CONFIRMED,,
193,4,,,,,,"With respect to the LP steam users, it was found that the daily sulfur vessels (30-V-0001 through 0005) steam coil or “Contro trace” consumption is missing from the table and the preliminary estimate for per each vessel is 500 kg/hr LPS, therefore additional 2500 kg/hr LPS is needed for the daily sulfur vessel, company to confirm to consider these additional users. Therefore, the normal LP steam consumption shall be updated to be 14260 kg/hr instead of current 11756 kg/hr therefore company to confirm and avail the updated LP steam quantity from existing steam production","Bidder provided contro tracing preliminary steam consumptions for Day vessel seems higher. 
Bidder is requested to refer FEED provided Hydraulic Calculation Report (Doc. No. RP-5312-00-PR-022), page 48 of 66, FEED estimated steam contro tracing steam requirements for day vessel are mentioned. Further from FEED, the overall steam quantity for day vessels contro tracing is less. 
Bidder to note that  all utilities adequacy to be reviewed further during EPC.

",TB13,Applicable,Confirmed,CONFIRMED,,
194,5,,,,,,New Storage Tank 40-TK-0001/0002/0003 snuffing steam consumption; referring to NFPA 69 clause no. A.5.5.1 the steam snuffing consumption is 0.45 kg/min of steam per 2.83 m3 of total tank or pit volume with a minimum duration of action is 15 min. accordingly the expected steam consumption for sunffing is ( tank gross volume is 8482 m3/2.83*0.45 *15 minutes )= 20231 kg/hr. company to confirm to update the current steam consumption value used in the report from 14851 to 20231 kg/hr.,"Bidder is requested to refer FEED provided Process Sizing Calculations for Equipment (Doc. No. RP-5312-00-PR-023), page 49 of 215 for FEED basis considered in estimating storage tank snuffing steam consumptions.

",TB13,Applicable. Bidder to consider the company clarification & close out based on revised TB issued for RSHT-2 design.,Confirmed,CONFIRMED,,
195,6,,,,,,"Referring to note 6 that the LP steam peak consumption are based on the one tank snuffing steam + unit 40 line jacketing and isolate all the other users during the peak consumption, this note are not applicable to apply as the rest of the users are manually operated and it will not be applicable from the operator to  pass by all the LP steam users to insolated it during the fire event in the sulfur tank, therefore Contractor request is to consider the peak consumption basis based on the normal consumption as indicated in item 3  in addition to the updated snuffing consumption in item 4  I,e 14260 kg/hr + 20231 kg/hr = 34491 kg/hr. company to confirm on the contractor recommendation for LP steam peak consumption basis. therefore, company to confirm and avail the updated LP Peak steam quantity from existing steam production","Refer to response provided in point.no. 5 above and accordingly the total steam flow required with peak snuffing steam will be as Per Feed Utility Study & Adequacy Report document.
Bidder to note that  all utilities adequacy to be reviewed further during EPC.

",TB13,Applicable. Bidder to consider the company clarification & close out based on revised TB issued for RSHT-2 design.,Confirmed,CONFIRMED,,
196,7,,,,,,"Referring to technical bid evaluation for new Sulphur
remelter package (30-ME-0014) ENERSUL limited partnership offer  section 4 design basis, utility table the MP steam max consumption requested is 2750 kg/hr however in the adequacy report the MP steam consider for the remelter is 1950 kg/hr, Company to confirm to proceed with the bidder offer value of 2750 kg/hr. and the update the total MP normal consumption to 2865 kg/hr instead of current 2065 kg/hr.  therefore, company to confirm and avail the updated MP steam quantity from existing steam production","Bidder to note that, referring to FEED technical bid evaluation document for new Sulphur Remelter Package (DOC. No.TE-5312-30-ME-002), page 15 of 103, vendors complied the FEED maximum steam consumption requirement and the same is considered in Utility study and adequacy report.

However, during EPC phase, this needs to be further reviewed based on final Remelter vendor data.",TB13,Applicable. Bidder to consider the company clarification & close out based on revised TB issued for RSHT-2 design.,Confirmed,CONFIRMED,,
197,8,,,,,,"Referring to updated values of LP steam consumption indicated in item 5 values and MP steam consumption value indicated in item 6, the combined steam consumption from the existing Header, is 14260 LPS + 2865 MPS = 17125 kg/hr. instead of 13821 kg/hr.  therefore, company to confirm and avail the updated LP steam quantity from existing steam production","Refer to response provided in point.no. 7 above and accordingly the combined LP & MP steam requirements will be as Per Feed Utility Study & Adequacy Report document.
Bidder to note that  all utilities adequacy to be reviewed further during EPC.
  ",TB13,Applicable. Bidder to consider the company clarification & close out based on revised TB issued for RSHT-2 design.,Confirmed,CONFIRMED,,
198,9,,,,,,"Referring to Equipment list RP-5312-00-PR-002 the de-superheater 40-E-1003 capacity Is 7.55 T/hr, however the LP steam consumption is higher than this value which limit the existing connection includes 4” pipe , existing control valve 40- PV-428 and de-super heater 40-E-1003 to be adequate to accommodates this project consumption, therefore contractor is advise to have new Tie-in connection from the existing header “8""-5340-MS-5332-23A-H”  Or existing Header “8""-5340-MS-5329-23A-H” and this connection shall includes new letdown station and new de-superheater covering this project LP steam consumption, company to confirm on Contractor proposal","For total understanding for steam & condensate system, Bidder is requested to refer FEED UFD (Doc.No.5312-40A1-0104) to understand the existing desuperheater quantities (3 no’s), configuration and steam distribution considered for LP steam.

Bidder to note that  all utilities adequacy to be reviewed further during EPC.",TB13,Not Applicable.,Confirmed,CONFIRMED,,
199,10,,,,,,"Regarding the IA consumption for the new granulators with current value of 3.8 Nm3/hr per unit seems not enough with respect to number of users inside the package (5 valves, 5 purge for TT, lube oil system air driven pump,  cabinet cooling air) therefore we propose to consider the same value as existing granulator GX-2/3 with normal consumption of 10.2 Nm3/hr per unit with total required consumption, 71.4 Nm3/hr; and the peak consumption of the air shall be 1087 Nm3/hr instead of 1048 Nm3/hr  therefore company to confirm and avail the updated IA quantity from existing instrument air production header","Bidder is requested to consider the consumptions & basis as per FEED Utility Study & Adequacy Report. However, during EPC phase, this needs to be further reviewed based on final vendor data.",TB13,Applicable,Confirmed,CONFIRMED,,
200,11,,,,,,,"During EPC phase, successful Bidder to review these requirements and consider in the overall utility consumptions considering that these consumptions are small.
Further Bidder to refer Exhibit B.11, section B.11.2.23/page 153 of 167,all the necessary utility requirements to OPP H&G pipeline/pig receivers area shall be provided from RSHT-1.",TB13,Partially Applicable,Confirmed,CONFIRMED,,
201,12,,,,,,"Company to confirm that all utilities are adequate as per UTILITY STUDY & ADEQUACY REPORT except the Process Water.
","The adequacy assessment for each utility for RSHT-1 HGD upgrade project are provided in FEED document “Utility Study & Adequacy Report (Doc.No.RP-5312-00-PR-005)”. Bidder to follow the same. 
idder to note that  all utilities adequacy to be reviewed further during EPC.which shall be reviewed further by EPC Contractor.",TB13,Bidder to perform utiltiy adequacy as required for RSHT-2 based on interface identified.,Confirmed,CONFIRMED,,
202,13,,,,"TB-010     Client clarification reply point No.7
“Bidder's understanding is correct.” 
",,"As bidder understands, there are two existing fire water tanks and two set fire water pumps, please advise the frighting system operation philosophy?
in case of inadequate, new fire water tank and pump shall be added? In this case what is the system operation philosophy? or one of the existing shall be replaced? ","Bidder shall note that there are 3 existing  FW tanks and not 2. Refer to Exhibit A.01, FEED document  RP-5312-00-SA-003  FIRE PROTECTION PHILOSOPHY FW P&ids as a minimum for understanding RSHT1 Fire protection system.
In case of inadequacy, the options shall be finalised with Company based on the outcome of the study during detailed Engineering.",TB13,Not Applicable.,Confirmed,CONFIRMED,,
203,14,,,,fire protection layout Doc No.5312-00-A1-9019,,"The existing linear storage and old dome are protected by remotely controlled fire water monitors, however the new dome is not protected. Kindly confirm that no fire protection is required for the new dome?","It is not clear on what basis Bidder has assumed absence of FW monitors in the mentioned area. 
Bidder shall refer to Fire water p&ids  and other HSE documents & Drawings provided with RFT Package.",TB13,Not Applicable.,Confirmed,CONFIRMED,,
204,15,,,,fire protection layout Doc No.5312-00-A1-9019,,"there is no fire protection for 54110-CV-4002 & 4003, kindly confirm that no fire protection is required for the same?",Bidder to refer to reply to point 14 above,TB13,Not Applicable.,Confirmed,CONFIRMED,,
205,16,,,,fire protection layout Doc No.5312-00-A1-9019,," Z-33 is 56.48 m and Z-74 is 47 m.
kindly confirm that exceeding 45 m portion per single deluge valve for conveyer belt protection is accepted?","It is Accepted. However, based on Deluge vendor confirmation during Project Phase it shall be further evaluated.",TB13,Applicable,Confirmed,CONFIRMED,,
206,17,,,,,,kindly advise the source of fire water tank filling water.,"Fire water is Supplied from GUP. 
Bidder shall also refer to Fire Water p&ids in Exhibit A.01 for the required information",TB13,"Not Applicable.

However, Bidder to consider the company clarification & close out based on revised TB issued for RSHT-2 design.",Confirmed,CONFIRMED,,
207,18,,,,"B.11.2.19 INSULATION AND FIREPROOFING REQUIREMENTS
",,"kindly be informed that no fireproofing schedule and layout have been received and according to the Feed performed FERA, no fire proofing is required   however it is required as per the scope.
kindly confirm if it is required or not?","There is no fireproofing requirement as per FEED FERA.
However Bidder to note that during EPC FERA, in case any requirement arises, the same shall be covered by EPC Contractor without any additional cost too the Company.med",TB13,APPLICABLE to RSHT2,Confirmed,CONFIRMED,,
208,19,,,,"B11.2.8.3 SPECIFIC INSTRUCTIONS TO CONTRACTOR (DESIGN NOTES)
",,"The Existing firewater network shall be replaced in existing areas is under EPC tendering, project 0500839 and all as-built drawings shall be provided ?
","Bidder to note that EPC project 0500839 is currently on-going and therefore as-built drawings will be provided in case available.  Otherwise  EPC contractor will be provided with ""Issued for construction"" drawings during detail engineering.",TB13,Not Applicable.,Confirmed,CONFIRMED,,
209,20,,,,,,COMPANY to note that no MTO/MR  for the firefighting system has been received with the FEED.,FEED MTO provided is only for reference. EPC Contractor to develop MTO/MR as per project reqiurement during detail engineering..,TB13,Applicable,Confirmed,CONFIRMED,,
210,21,,,,"Addendum to Annexure 3, Scope of Works (Package-1)",,"RSHT-1 phase -1 EPC scope shall be limited to provision for future tie-in point only the firefighting equipment and system in Marin area and the completed scope shall be EPC of Marin area contractor phase-2
What is the requirement /conditions of the future interface Tie-In ?","Bidder shall refer to table E1 of the addendum, S No 14, the items are in Package 1 scope (this project)",TB13,Not Applicable.,Confirmed,CONFIRMED,,
211,22,,,,"Addendum to Annexure 3, Scope of Works (Package-1)",,"RSHT-1 phase-1 scope shall be limited to provision for future primary cables from Marin area JB’s 

In case how many JB’s for Marin area and where is the system destination/location shall be considered? ",Bidder to note that no. of JBs and its locations is subject to detailed engineering,TB13,Not Applicable.,Confirmed,CONFIRMED,,
212,23,,,,"Material selection report and summary tables doc.no. RP-5312-00-MC-002 table 13.1 unit 40, CRAS and MCA RP-5312-00-MC-006 Section 6.2.10 and Section 7
And MSD 5312-40-A1-0406 Equipment table",,"Reference to CRAS and MCA doc. RP-5312-00-MC-006 Section 6.2.10 and Section 7, corrosion allowance (CA) for Tanks no. 40-TK-(0001-0003) is specified 6 mm while in Material selection report and summary tables doc. No.  RP-5312-00-MC-002 and MSD NO. 5312-40-A1-0406 and as per tank data sheet doc.no. DS-5312-40-TK-0001 CA is specified 3 mm.

Hence, Bidder understands that CRAs recommendation shall be followed and CA 
for Tanks no. 40-TK-(0001-0003) shall be 6 mm.

Company to confirm the bidder understanding.","


CA shall be 3mm as per MSD /MSR / Data sheet. ",TB13,Applicable,Confirmed,CONFIRMED,,
213,24,,,,"CRAS and MCA doc.no. RP-5312-00-MC-006 Section 6.2.10 and Section 7.

Material selection report and summary tables doc.no. RP-5312-00-MC-002 table 13.1 unit 40
MSD doc.no. 5312-40-A1-0406 Equipment table
",,"Tank no. 40-TK-0003 Internals aren’t specified in CRAS and MCA doc.no. RP-5312-00-MC-006 Section 6.2.10 and Section 7
While they are specified as 316L SS in MSD doc.no. 5312-40-A1-0406 Equipment table and in Material selection report and summary tables doc.no. RP-5312-00-MC-002 table 13.1 unit 40. 

Hence the bidder understands that internals for tank no. 40-TK-0003 shall be SS 316L. 

Company to confirm bidder’s understanding.","

No internals in the tank and only support structures. MOC & CA for the support structures shall be as per the tank data sheet.   ",TB13,Applicable,Not Applicable to SGP,"Applicable to SGP. 
Tank internals shall be SS316L","Accepted.
Material of Internal coil and its support is designad as per SS316L.",
214,25,,,,"Material selection report and summary tables doc.no. RP-5312-00-MC-002 Table 13.1
CRAS and MCA doc.no. RP-5312-00-MC-006 Section 6.2.10 and Section 7
MSD doc.no. 5312-40-A1-0406 Equipment table",,"There is an inconsistency between documents for Liquid Sulfur Transfer Pump no. 40-P-0001A/B/C/S Material of construction (MOC) as follow:
- As per MSD doc. 5312-40-A1-0406 shell is specified CS with 316L SS internals 
-As per Material selection report and summary tables doc. RP-5312-00-MC-002 MOC is specified as CI and 12 Cr internals, 
- As per CRAS and MCA doc. RP-5312-00-MC-006 MOC IS specified as 316L SS body and not specified internals 
-As per Pump data sheet doc. no. DS-5312-40-P-0001 MOC is specified A-8 (SS316L)

Bidder understands that MOC shall be as specified in datasheet A-8 (SS316L) as states in order of precedence sec 3.4 in design basis doc.no.RP-5312-00-MC-002. 
Company to confirm our understanding otherwise to advise ","

Bidder’s understanding is correct and proceeds as per CRAS /MCA and Pump data sheet. 

Bidder to note that this reply supercedes company reply provided in  TB -02 Point 2 for transfer pump casing material",TB13,Applicable,Not Applicable as per item TB-02 Point 2 response,"Applicable. 
TB-02 Point 2 response has been superceded in Company response","Accepted. 
Material of pump to be designed as per datasheet, material of pump case/impeller/shaft is SS316L",
215,26,,,,"Material selection report and summary tables doc.no. RP-5312-00-MC-002 Table 13.1
CRAS and MCA doc.no. RP-5312-00-MC-006 Section 6.2.10 and Section 7
MSD 5312-30-A1-0403 Equipment table
Data sheet doc no. DS-5312-30-F-0001
",,"There is an inconsistency between documents for Liquid Sulfur Filter no. 30-F-(0001-0005)A/S  Material of construction (MOC) as follow:
- As per MSD doc. RP-5312-00-MC-006 and CRAS and MCA doc. RP-5312-00-MC-006 Section 6.2.10 and Section 7, MOC is specified CS with CA 3 mm for the shell and 316L SS for internals
-As per Material selection report and summary tables doc. RP-5312-00-MC-002, MOC is specified SS316L for the shell and doesn’t specify material for internals, 
-As per Data sheet doc no. DS-5312-30-F-0001 MOC is specified carbon steel and non-applicable internals
Company to conform bidder understanding that the MOC is carbon steel with 3mm CA with SS 316L for internals (if applicable) 

Please confirm","
Bidder’s understanding is correct MOC shall be as per CRAS and MCA. 

Bidder to note that this reply supercedes company reply provided in  TB -11 Point 17 ",TB13,Applicable,Confirmed,CONFIRMED,,
216,27,,,,"Material selection report and summary tables doc.no. RP-5312-00-MC-002 Table 13.1
CRAS and MCA doc.no. RP-5312-00-MC-006 Section 6.2.10 and Section 7
MSD 5312-30-A1-0403 Equipment table",,"There is an inconsistency between documents for Granulator feeding pumps 30-P-(0001-0005) A/B/C/S in CRAS and MCA doc. RP-5312-00-MC-006 and Material selection report and summary tables doc. RP-5312-00-MC-002, MOC is specified CI for the shell with 12 Cr for internals, 
In MSD doc. 5312-30-A1-0403 Equipment table, MOC is specified shell CI and 316L SS internals.
And as per pump data sheet doc.no.DS-5312-30-P-1001, MOC shall be S-8
Bidder understands that MOC shall be as specified in datasheet S-8 as states in order of precedence sec 3.4 in design basis doc.no.RP-5312-00-MC-002. 
Company to confirm our understanding otherwise to advise","



MOC shall be as per CRAS /MCA. ",TB13,Applicable,Confirmed,CONFIRMED,,
217,28,,,,"Material selection report and summary tables doc.no. RP-5312-00-MC-002 Table 13.1
CRAS and MCA doc.no. RP-5312-00-MC-006 Section 6.2.10 and Section 7
MSD doc.no 5312-40-A1-0411 Equipment table",,"For Condensate return Pump no. 40-P-0011A/S, in MSD doc.no 5312-40-A1-0411 Equipment table Corrosion allowance (CA) is specified 3 mm.  
While it has no specified CA in CRAS and MCA doc. RP-5312-00-MC-006 Section 6.2.10 and Section 7 and in Material selection report doc. RP-5312-00-MC-002.
Company to advise if CA is required or no.","
CA shall be 3 mm as per the MSD. ",TB13,Applicable,Confirmed,CONFIRMED,,
218,29,,,,"Material selection report and summary tables doc.no. RP-5312-00-MC-002 Table 13.1
CRAS and MCA doc.no. RP-5312-00-MC-006 Section 6.2.10 and Section 7",,"For Air cooler no. 40-EA-001, in MSD doc.no 5312-40-A1-0411 Equipment table, Corrosion allowance (CA) is specified 3 mm. 
While no CA is specified CA for it in CRAS and MCA doc. RP-5312-00-MC-006 Section 6.2.10 and Section 7 and in Material selection report doc. RP-5312-00-MC-002.
Company to advise if CA is required or no.","
Check the data sheet and proceed accordingly. ",TB13,Applicable,Confirmed,CONFIRMED,,
219,30,,,,"Material selection report and summary tables doc.no. RP-5312-00-MC-002 Table 13.1
CRAS and MCA doc.no. RP-5312-00-MC-006 Section 6.2.10 and Section 7
MSD doc.no 5312-40-A1-0411 Equipment table",,"There is an inconsistency between documents for Process water pump no. 40-P-0010A/S, Internals in pump data sheet doc.no DS-5312-40-P-0010 and in Material selection report and summary tables RP-5312-00-MC-002 Table 13.1 and in MSD 5312-40-A1-0411 Equipment table. are specified as 316L SS

While in CRAS and MCA RP-5312-00-MC-006 Section 6.2.10 and Section 7 , internals’ MOC is not specified

Bidder understands that internals shall be as specified in datasheet 316LSS

Company to conform bidder understanding.","
Bidder’s understanding is correct and proceed as per MSR / MSD and data sheet.  ",TB13,Applicable,Confirmed,CONFIRMED,,
220,31,,,,"Material selection report and summary tables doc.no. RP-5312-00-MC-002 Table 13.1
CRAS and MCA doc.no. RP-5312-00-MC-006 Section 6.2.10 and Section 7
MSD doc.no. 5312-40-A1-0411 Equipment table",,"For Vessel no. 40-V-0001, it is stated in  both CRAS and MCA doc.no. RP-5312-00-MC-006 Section 6.2.10 and Section 7 and in MSD doc.no. 5312-40-A1-0411 Equipment table without being illustrated in the drawings, 
While not stated in Materials selection report and summary tables doc. RP-5312-00-MC-002 Table 13.1.
Bidder shall consider MOC for the vessel to be CS+SS316L for internals if the vessel will be considered in our scope of work.","


Check the vessel data sheet and proceed accordingly. ",TB13,Applicable,Confirmed,CONFIRMED,,
221,32,,,,"Material selection report and summary tables doc.no. RP-5312-00-MC-002 Table 13.1
CRAS and MCA doc.no. RP-5312-00-MC-006 Section 6.2.10 and Section 7
MSD doc.no. 5312-40-A1-0412 Equipment table",,"For Vessel No. 40-V-0002, it is stated in MSD doc.no. 5312-40-A1-0412 in the equipment table, but not illustrated in the diagram.
 Also, it was not stated in Material selection report and summary tables doc.no. RP-5312-00-MC-002 Table 13.1 and CRAS and MCA doc.no. RP-5312-00-MC-006 Section 6.2.10 and Section 7.

Bidder shall consider MOC for the vessel to be CS+SS316L for internals if the vessel will be considered in our scope of work.","

Check the vessel data sheet and proceed accordingly",TB13,Applicable,Confirmed,CONFIRMED,,
222,33,,,,"Material selection report and summary tables doc.no. RP-5312-00-MC-002 Table 13.1/13.2
CRAS and MCA doc.no. RP-5312-00-MC-006 Section 6.2.10 and Section 7
MSD doc.no.5312-40-A1-0408 Piping table and 5312-40-A1-0411 Piping table
",,"For streams no. 1200, 1700-1707, 482, 485, they are illustrated in MSD doc.no.5312-40-A1-0408 Piping table and 5312-40-A1-0411 Piping table.
 
However, they are not stated in Material selection report and summary tables doc.no. RP-5312-00-MC-002 Table 13.1 And CRAS and MCA doc.no. RP-5312-00-MC-006 Section 6.2.10 and Section 7.

Company to clarify.
","EPC Contractor shall update the FEED Documents during detail engineering and include all streams required as per the project.
During tendering, Bidder shall also refer to Piping material specification for piping material according to the service fluid.",TB13,Applicable,Confirmed,CONFIRMED,,
223,34,,,,"EPC scope of work doc.no. Exhibit B.11 sec.B.11.2.17
Design basis doc no. DP-5312-00-PR-001 section 3",,"As per EPC scope of work doc.no. Exhibit B.11 sec.B.11.2.17 states that EPC shall implement all Corrosion risk assessment study (CRAS) Doc. No RP-5312-00-MC-006 recommendation.
However as per Design basis doc no. DP-5312-00-PR-001 section 3.4, Data sheets are the preceded documents.
As there are some inconsistencies between documents, Company to advise the superseded documents
","
For CA and MOC shall be as per CRAS. Refer the data sheet wherever not covered the CA & MOC details in the CRAS. 

For tanks refer to reply in S No. 23 above.",TB13,Applicable,Confirmed,CONFIRMED,,
224,35,,,,EPC scope of work doc.no. Exhibit B.11 sec.B.11.6,,"Bidder request Company to kindly submit requestion for the laboratory scope so that bidder can estimate required scope precisely and use it for bid purpose and to ensure equal basis between bidders. As a minimum, please advise the following:
1-	The proposed specifications and models of the tools/ equipment to be supplied.
2-	Number of tools/equipment, country of origin 
3-	Required consumables per tools/equipment, warranty.
4-	Technical specification for raw material and product analysis 
5-	Testing and analytical plant and testing standard against which required tools/equipment shall be purchased and details of utility required. 
6-	List of preliminary utilities to be routed to lab building. 

This is requested for bid purposes and to ensure equal basis between bidders for this scope. Moreover, company to also confirm that during detail design (in case of award) any additional scope related to laboratory if deemed necessary per Company review shall be considered as change to be compensated upon finalizing this scope.","Bidder shall note that Exhibit B.11 sec.B.11.6, Laboratory equipment is not in the project scope",TB13,Applicable,Confirmed,CONFIRMED,,
225,36,,,,EPC scope of work doc.no. Exhibit B.11 sec.B.11.6,,"Bidder request company to kindly submit list of approved vendors for lab devices, furniture and complete design","Bidder shall note that Exhibit B.11 sec.B.11.6, Laboratory equipment is not in the project scope",TB13,Applicable,Confirmed,CONFIRMED,,
226,37,,,,Cathodic Protection,,"Bidder understands that CP scope is limited to tank external only.

Company to confirm bidder’s understanding"," Bidder understanding is correct regarding CP Scope, limited to Tank Bottom (external) only.",TB13,Applicable. Bidder to consider the company clarification & close out based on revised TB issued for RSHT-2 design.,Confirmed,CONFIRMED,,
227,38,,,,"Corrosion control and materials philosophy doc. No. RP-5312-00-MC-001 section 3.3
Exhibit A.2 Design Information Section A.2.9.2",,"The design life for existing facility is stated to be 30+ years in Corrosion control and materials philosophy doc. No. RP-5312-00-MC-001 section 3.3.
While it is stated to be 20+ years in Exhibit A.2 Design Information Section A.2.9.2.

Company to advise the correct design life for existing facilities.
","Bidder to note that there is no discrepancy in the document.
As per Exhibit A.2 Design Information Section A.2.9.2
""The design lifetime required is  30+ years for new equipment and facilities"". 
",TB13,Applicable,Confirmed,CONFIRMED,,
228,39,,,,Missing document,,"Company to avail the missing document:

Internal lining specification DSG-6600-020

Painting Specification DSG-6600-010 Rev 2
",These documents are superceded by AGES-SP-07-004 which is attached along with reply,TB13,Applicable,Confirmed,CONFIRMED,,
229,40,,,,"Addendum to Annexure 3, Scope of Works (Package-1), Clause B.1",,Please provide OSBL interface report: R-CN0000-16-REP-0002.,The required  information related to the interface is already provided in the clause B.1 of the   addendum. The report will be shared with the successful bidder during EPC/,TB13,Bidder to consider the company clarification & close out based on revised TB issued for RSHT-2 design.,Confirmed,CONFIRMED,,
230,41,,,,"ATTACHMENT -1 to TENDER BULLETIN 007
COMPANY's response to Sr. No. 08",,"BIDDER would like to highlight that heavy transportation is one of the critical activities in this project. BIDDER needs to engage a specialist subcontractor  for this activity. Reasonable time is required to prepare the rigging and transportation study. Therefore, we request COMPANY to provide below listed details as soon as possible:

1) Please specify the jetty or harbour in Ruwais to which the demolished shiploader will be taken for subsequent transportation by land. 
2) Please provide the Route map from specified jetty to the final disposal location in Ruwais for demolished shiploader.","The disposal area location is 24°07'42.8""N 52°42'33.5""E. It is EPC Contractor's responsibility to plan the logistics.
Bidder shall note that the location shared is tentative. In case of inavailability of this disposal area, Company will advise accordingly to the Bidders.",TB13,Applicable,"Not applicable as it relates to the marine work.
Bidder to consider the company clarification & close out based on revised TB issued for RSHT-2 design.",CONFIRMED,,
231,1,I&C,,SCOPE OF WORK,EXHIBIT -B.11.2.15.6,,"In this document indicated the below:
“
Based on the site survey and study, the CONTRACTOR shall carry out Detail
Design, Engineering, Supply, Procurement, Testing (FAT, IFAT, SAT, ISAT), Supply, Fabrication, Installation, Tie-ins, Pre-commissioning, Commissioning, SIT,
SAT and ISAT during EPC phase.
“
Contractor confirms perform the required site survey but after award while contractor scope is limited to site verification reports included in the tender documents and for any new scope not included in the tender documents shall be subject to cost and/or schedule impact if any.","
Bidder shall note that response to this query is limited to technical part only, Basis of commercial offer and qualification is not covered",TB14,N/A,Confirmed,CONFIRMED,,
232,2,I&C,,"adequacy of all the existing field instruments wiring, tubing and installation material as well as control system",EXHIBIT -B.11.2.15.6/ B.11.2.15.7,,"
“CONTRACTOR shall verify adequacy of all the existing field instruments (Control Valves, Flow Elements, Restriction orifice plates, Thermowell etc.) carried out during FEED. Given the level of details in the FEED documents, some existing components may be found inadequate by CONTRACTOR during detailed engineering. The cost of replacement/modification of such items in order to achieve satisfactory plant performance is included in CONTRACTOR’s scope, at no extra cost and/or time impact to the AGP..”

And 

“The CONTRACTOR shall perform the necessary assessment of all existing wiring, tubing and installation material, develop demolition drawings for disconnection and removal of existing instrumentation and equipment as required. Instruments, wiring, tubing and other material shall either re-used or removed, and that shall be clearly stated on demolition drawings.”


“At present the Control system is sized based upon I/O list derived from FEED P&IDS and limited available package information. Final IO assignment will be done during EPC after detail engineering and accordingly Control System size shall be optimized in line of AGES requirement.”

contractor scope is limited to adequacy reports carried out during FEED and for any new scope shall be subject to cost and/or schedule impact if any.","Bidder shall note that during verification if any field instrument is found inadequate, it has to be replaced.
Please see the response to S#1 for commercial impact of this adequacy check.",TB14,N/A,Confirmed,CONFIRMED,,
233,3,I&C,,SCOPE OF WORK,EXHIBIT -B.11.2.15.6,,"In this document indicated the below:
“
I&C related scope, for process water line Tie line interface and NGL pipe line relocation with ADNOC Refinery and ADNOC NGL respectively shall be envisaged by EPC Contractor
“
Please avail P&ID, index, instrument datasheets, … etc.  for the above scope as this scope are not clearly indicated in FEED documents under EXHIBIT -C
","Process water tie-interface scope : Bidder is requested to refer responses provided in TB-010, under point .no.52.
NG Pipeline relocation scope : Bidder to refer Exhibit B11.2.8.3 section, point.no.54 in page no.62 of 157 for EPC scope of works related to interface with RLNG. Bidder also refer 54d) for drawings provided part of  FEED RFT package. 
For Bidder information, relevant company As-built P&ID's for existing NG system are also attached as part of this TB (attachment 2-6) . However during EPC phase, successful Bidder shall request relevant Company As-built drawings to complete design for the same.",TB14,N/A,Confirmed,CONFIRMED,,
234,4,I&C,,SCOPE OF WORK,EXHIBIT -B.11.2.15.6,,"In reference to the statement “The CONTRACTOR is fully responsible for integrating the Control systems and Control Systems with other Project, operation and maintenance systems/ facilities as applicable.”, the scope of work shall consider the modifications explicitly recommended in this document. Any further modifications - as described in this statement- shall be during the project execution and subject to change order. Please confirm.","All the internal and external interfaces for the control system are defined in the scope of work documents (Refer Exhibit 'C'). 
Please refer to Item 1 above",TB14,N/A,Confirmed,CONFIRMED,,
235,5,I&C,,Proposed DCS System (Basic Process Control System),EXHIBIT -B.11.2.15.7.1,,"In this section indicated “own control panel” for the following package:
-	New S/R 
-	New Ship loader
Please confirm that DCS system scope will limited to interface with these new control system (which supplied within the packages). 

",It is hereby confirmed that the new stacker reclaimer and ship loader will be supplied with their controls as part of the package and the EPC scope is limited to the interface between the DCS and package controls. ,TB14,N/A,Confirmed,CONFIRMED,,
236,6,I&C,,Proposed DCS System (Basic Process Control System),EXHIBIT -B.11.2.15.7.1,,"In this document indicated the below:
“
All the required new and associated modification of the headend and auxiliary
systems for the Control systems shall be included in the scope of CONTRACTOR
including AMS, APC, IAMS, PI, Historians etc.
“
More details for existing AMS, APC, IAMS, PI, Historians shall be submitted.
","The EPC scope is to upgrade and expand the current capacity and functionality of the control system in order to meet the new requirements as outlined in exhibit B.11 and detailed in DCS system supply and modification scope of work (Refer exhibit 'C' doc no. RP-5312-00-IN-011). Moreover, there are other scope of work documents for ESD, FGS and FACP systems in exhibit 'C' for reference.",TB14,N/A,Confirmed,CONFIRMED,,
237,7,I&C,,Proposed New ESD And FGS System,EXHIBIT -B.11.2.15.7.2,,"“EPC Contractor shall also consider the alternat purge option such as purging of
cabinet with instrument air at fixed flow rate with low flow alarm in ICSS.”

This option shall have impacts on the air system that cannot be quantified at this stage. It shall be verified during detailed engineering and subject to change order. Please confirm.
","Please follow the specifications, Cabinet  purging not required.",TB14,APPLICABLE to RSHT2,Confirmed,CONFIRMED,,
238,8,I&C,,INSTRUMENT CABLE REPLACEMENT- OLD CABLES,EXHIBIT -B.11.2.15.12,,"Bidder Scope shall be limited to cables included in the cable list (5312-00-A3-7065) only without any further verification.
Please confirm","It is confirmed that the Bidder's scope regarding old cable replacement,  is limited to the cables listed in the document
(5312-00-A3-7065) and no further verification is needed. ",TB14,N/A,Confirmed,CONFIRMED,,
239,9,I&C,,OBSOLETE FIELD INSTRUMENTS REPLACEMENT,EXHIBIT -B.11.2.15.21,,"Bidder Scope shall be limited to Obsolescence study report outcomes (part of tender documents) only without any further verification. Any further assessment and modifications shall be during the project execution and subject to change order.
Please confirm",It is hereby confirmed that the Bidder's scope is limited to the obsolescence study report outcome without further verification.,TB14,N/A,Confirmed,CONFIRMED,,
240,10,I&C,,OBSOLETE FIELD INSTRUMENTS REPLACEMENT,EXHIBIT -B.11.2.15.21,,Please submit the available datasheets for the OBSOLETE FIELD INSTRUMENTS,to be handed over to successful bidder after award,TB14,N/A,Confirmed,CONFIRMED,,
241,11,I&C,,"OPERATING AND CONTROL PHILOSOPHY
RP-5312-00-PR-008",EXHIBIT -C,,"In reference to clause #3.1.4 New Source - Via pipeline from the Hail and Ghasha Onshore Processing Plant (OPP) 
It is mentioned that “Liquid Sulphur custody metering is within OPP battery limit.”
It is understood that the Metering skid in OPP is out of EPC scope. ",Bidder's understanding is correct.,TB14,APPLICABLE to RSHT2,Confirmed,CONFIRMED,,
242,12,I&C,,DISCUSSIONS AND CONCLUSIONS,"Instrument Site Visit Report
RP-5312-00-IN-001
",,"In reference to the statement “Control system module, PCs, server, workstations failure is high due to ingress of Sulphur; to be reviewed and addressed.”, the scope of work shall consider the modifications explicitly recommended in this document. Any further assessment and modifications - as described in this statement- shall be during the project execution and subject to change order. Please confirm.","The control system hardware including the HMI shall be suited for the area classification and cards/modules/boards to be suitably coated to work properly in the designated environment as per their guaranteed service life. The hardware shall be suited for G3 environment inline with ISA 71.04 (As per B11.2.15.7).
The site visit report is for reference only.
please also refer to Item 1 above",TB14,APPLICABLE to RSHT2,Confirmed,CONFIRMED,,
243,13,I&C,,DISCUSSIONS AND CONCLUSIONS,"Instrument Site Visit Report
RP-5312-00-IN-001
",,"In reference to the statement “Communication issue between MCR and Linear stacker needs to be reviewed and addressed by the Contractor.”, the scope of work shall consider the modifications explicitly recommended in this document. Any further assessment and modifications - as described in this statement- shall be during the project execution and subject to change order. Please confirm.","For scope of work, please refer exhibit B.11 and other scope of work documents specific to control system e.g. DCS, ESD, FGS & FACP etc. which are all part of exhibit 'C'. 
The site visit report is for reference only.
please also refer to Item 1 above",TB14,N/A,Confirmed,CONFIRMED,,
244,14,I&C,,DISCUSSIONS AND CONCLUSIONS,"Instrument Site Visit Report
RP-5312-00-IN-001
",,"In reference to the statement “In existing plant, Some cables are faulty which are to be replaced under this project. For this company (Site Instrument Engineer) will provide the list of cables”, it is assumed that the list is reflected in the document #5312-00-A3-7065_0 LIST OF INSTRUMENT CABLES (30 YEARS OLD). Please confirm.","For scope of work, please refer B.11 and other scope of work documents included in exhibit 'C'.
The site visit report is for reference only
please also refer to Item 1 above",TB14,N/A,Confirmed,CONFIRMED,,
245,15,I&C,,DISCUSSIONS AND CONCLUSIONS,"Instrument Site Visit Report
RP-5312-00-IN-001
",,"In reference to the statement “Some of the instruments are obsolete and some other instruments are of not working. To identify this,
Company Instrument maintenance engineer confirm that he will share the plant instrument list with
latest process ranges and its functionality status”, the scope of work shall consider the modifications explicitly recommended in this document. Any further assessment and modifications - as described in this statement- shall be during the project execution and subject to change order. Please confirm.","For scope of work, please refer B.11 and other scope of work documents included in exhibit 'C'.
The site visit report is for reference only.
please also refer to Item 1 above",TB14,N/A,Confirmed,CONFIRMED,,
246,16,I&C,,DISCUSSIONS AND CONCLUSIONS,"Instrument Site Visit Report
RP-5312-00-IN-001
",,"In reference to the statement “For further details Refer TQ title: Existing Instrument Cable Adequacy Study, Doc No. “1005312-TQ-00-IN-0011””, this document was not received. Hence, the scope of work shall consider the modifications explicitly recommended in this document. Any further assessment and modifications - as described in this statement- shall be during the project execution and subject to change order. Please confirm.","For scope of work, please refer B.11 and other scope of work documents included in exhibit 'C'.
The site visit report is for reference only.
please also refer to Item 1 above",TB14,N/A,Confirmed,CONFIRMED,,
247,17,I&C,,DISCUSSIONS AND CONCLUSIONS,"Instrument Site Visit Report
RP-5312-00-IN-001
",,"In reference to the statement “10-ICS system adequacy review shall be carried out; review with respect to obsolescence shall be carried
out.”, the scope of work shall consider the modifications explicitly recommended in this document. Any further assessment and modifications - as described in this statement- shall be during the project execution and subject to change order. Please confirm.","Please refer DCS/ESD system adequacy study Scope of work (RP-5312-00-IN-007)
The system's adequacy was checked during FEED and its findings are available in the report (RP-5312-00-IN-002). The EPC contractor shall reverify this report.
The site visit report is for reference only.
please also refer to Item 1 above",TB14,N/A,Confirmed,CONFIRMED,,
248,18,I&C,,DISCUSSIONS AND CONCLUSIONS,"Instrument Site Visit Report
RP-5312-00-IN-001
",,"In reference to the statement “12. The old dome storage, System adequacy & obsolescence review shall be carried out prior to proposing replacement/ retain/ upgrade.”, the scope of work shall consider the modifications explicitly recommended in this document. Any further assessment and modifications - as described in this statement- shall be during the project execution and subject to change order. Please confirm.","For scope of work, please refer B.11 and other scope of work documents included in exhibit 'C'.
The site visit report is for reference only.
please also refer to Item 1 above",TB14,N/A,Confirmed,CONFIRMED,,
249,19,I&C,,DISCUSSIONS AND CONCLUSIONS,"Instrument Site Visit Report
RP-5312-00-IN-001
",,"In reference to the statement “13. The linear storage, Interfaces such as CPIMS, Alarm management, needs to be reviewed and updated.”, the scope of work shall consider the modifications explicitly recommended in this document. Any further assessment and modifications - as described in this statement- shall be during the project execution and subject to change order. Please confirm.","For scope of work, please refer B.11 and other scope of work documents included in exhibit 'C'.
The site visit report is for reference only.
please also refer to Item 1 above",TB14,N/A,Confirmed,CONFIRMED,,
250,20,I&C,,DISCUSSIONS AND CONCLUSIONS,"Instrument Site Visit Report
RP-5312-00-IN-001
",,"In reference to the statement “19. In SS-02 ITR room, Granulators (Gx-01,02,03,04 and 05) DCS marshalling cabinets DT and DS
cabinets 54000-DS- 655, 657, 658 and 660 shall be demolished. The new DT and DS cabinets shall be
provided at SS-05 ITR room.”, it is understood that these cabinets shall be replaced with new ones as part of the main scope.
Please confirm.","Please note that only 06 granulators will be relocated. Therefore, only the cabinets related to the relocated granulators will be supplied as new. The 03 granulators (GX-01, 04 & 05) which will be demolished have no such requirement.
The site visit report is for reference only. For scope of work, please refer B.11 and other scope of work documents included in exhibit 'C'.",TB14,N/A,Confirmed,CONFIRMED,,
251,21,I&C,,DISCUSSIONS AND CONCLUSIONS,"Instrument Site Visit Report
RP-5312-00-IN-001
",,"In reference to the statement “20. In SS-03 ITR room, Granulators (Gx-06,07,08 and 09) DCS cabinets DT and DS cabinets 54000-DS-
651 and 652 shall be demolished. The new DT and DS cabinets shall be provided at SS-05 ITR room.”, it is understood that these cabinets shall be replaced with new ones as part of the main scope. Please confirm.","It is hereby confirmed that Bidder's understanding is correct in this case.
Please refer B.11 for scope of work and other scope of work documents in exhibit 'C'.
Site visit report is for reference only.",TB14,N/A,Confirmed,CONFIRMED,,
252,22,I&C,,B. Instrumentation and Control,"ADDENDUM TO ANNEXURE 3 , SCOPE OF WORK",,"In reference to the statement “
Data Interface between HGD & RSHT-1 (OSBL interface report: R-CN0000-16-REP-0002)
”, this document was not received. Hence, the scope of work shall consider the requirements explicitly mentioned in this document. Any further requirements and modifications shall be during the project execution and subject to change order. Please confirm.","The OSBL report is not part of FEED and therefore not shared presently. However, the interface between HGD and RSHT-1 is in scope and its requirements are already listed in the addendum to scope of work document. It is EPC contractor's responsibility to develop and establish this interface as per scope of work.
please also refer to Item 1 above",TB14,N/A,Confirmed,CONFIRMED,,
253,23,I&C,,B. Instrumentation and Control,"ADDENDUM TO ANNEXURE 3 , SCOPE OF WORK",,"In reference to the statements “Interface shall be used between the two system (Honeywell Experion ICS at HGD end and Emerson Delta V ICS at RSHT-1 end” and “A new Delta-V PK controller (Modbus slave to HGD ICS) to be installed in a dedicated cabinet in
SS-05”, it is understood that the new DCS system cabinets in SS-05 are not restricted to Emerson. The new ICSS shall be as per vendor list. Therefore, DCS controller shall not be limited to Delta-V. Please confirm.

","If the control system is upgraded as per the base scope (see response to S#26), DCS controller shall be Delta-V. ",TB14,N/A,Confirmed,CONFIRMED,,
254,24,I&C,,B. Instrumentation and Control,"ADDENDUM TO ANNEXURE 3 , SCOPE OF WORK",,"In reference to the statement “B.1.
Exact quantity of data
points for transfer shall be determined at EPC stage based on the vendor inputs and mutual
agreement between RSHT-1 and HGD EPC CONTRACTOR.”, the scope of work shall consider the requirements explicitly mentioned in this document. Any further requirements and modifications shall be during the project execution and subject to change order. Please confirm.",Bidder's understanding is not correct. The interface needs detailing prior to finalizing the exact number of data points. And this is part of EPC scope.,TB14,APPLICABLE to RSHT2,Confirmed,CONFIRMED,,
255,25,I&C/ FGS,,B. Instrumentation and Control,"ADDENDUM TO ANNEXURE 3 , SCOPE OF WORK",,"B.6. DCS replacement (as a whole) to be considered as optional by EPC contractor.

B.9. As an Optional alternative to the required scope of upgrade the existing control and safeguard
systems, Bidder to quote for a new Control and safeguard systems that meets all project requirements per FEED deliverables.

Based on the extracts above from the statements in B.6. and B.9., it is understood that company requires the following:
•	Base scope that includes new DCS, SIS and FGS items as well as replace of the existing as part of recommendation of FEED documents in hand.
•	The Optional scope 1- new DCS – shall not include new Plant Information Management Systems interface like OPC servers, AMS, ALMS, APC, PIMS, CPIMS etc. Only the interface shall be considered in the scope.
•	The Optional scope 1- new DCS - shall be limited to the items explicitly mentioned in Sections 10.2 and 10.3 in DCS SYSTEM SUPPLY AND MODIFICATION SOW #RP-5312-00-IN-011 and be considered them as new items.
•	The Optional scope 2- New DCS, ESD and FGS - shall consider new DCS as described in option 1 integrated with the ESD &FGS scope limited to the items in Sections 10.2 and 10.3 in ESD and F&G System Supply and Modification SOW #RP-5312-00-IN-010 to consider them as new items.
•	Both options shall not include DCS for packages described in the following statements from Exhibit B.11.2.15.6 “All individual package like ship loader, Old dome storage, New Dome storage and Linear Storage shall have their own DCS System cabinets and OWS located in their electrical room for local operation.” In addition, there are not details about IO Counts.
•	New AMS, APC, IAMS, PI, Historians are not considered in either options or the main scope. Modifications by OEM (Emerson) shall be considered. Any further modifications shall be during the project execution and subject to a change order.

Please confirm that understanding.
","Base scope is upgrade and expansion of the existing control system (including DCS, ESD, FGS & FACP) to cover the entire facility as per the FEED documents in exhibit 'C'

Optional scope is to outright replace the existing control system with a new one. In other words, demolish the old system and replace it with a new system and build it up from scratch. This includes all systems like DCS, ESD, FGS, FACP etc. However, the basis of design remains the same (FEED documents in exhibit 'C')",TB14,N/A,Confirmed,CONFIRMED,,
256,26,I&C,,,System interface block diagram,,"54000-DS/DT-685-01&2 is reflected in System interface block diagram in system architecture. However, not reflected in the ICSS overall architecture or the I/O list.

Details about these panels shall be submitted. ","Overall ICSS architecture doc no. 5312-00-A3-7023 to be followed
other documents to be updated during detailed engineering",TB14,N/A,Confirmed,CONFIRMED,,
257,27,I&C,,"Modification Requirements in Existing System
","Adequacy Study Report for Existing DCS & ESD System
RP-5312-00-IN-002
",,"In reference to the statement “It is to be noted that the scope of supply mentioned here is based on the adequacy study performed by ENGINEER/ Existing OEM during FEED phase & same shall be verified during EPC Phase and if any additional requirement such as hardware and software shall be considered as part of EPC scope.”, the scope of work shall consider the modifications explicitly recommended in this document. Any further assessment and modifications shall be during the project execution and subject to a change order. Please confirm.




","
Bidder shall note that response to this query is limited to technical part only, Basis of commercial offer and qualification shall be covered under separate correspondences related to bid terms and conditions",TB14,N/A,Confirmed,CONFIRMED,,
258,26,I&C,,,"INPUT OUTPUT LIST (DCS & ESD) - GRANULATED SULPHUR TRANSFER AND STORAGE (UNIT-10)

5312-10-A3-7040
",,"“IO COUNT FOR SHIPLOADER PACKAGE SHALL BE FURTHER UPDATED BY EPC CONTRACTOR BASED ON INPUTS FROM PACKAGE VENDOR”

1-IO COUNT FOR DUST SUPPRESSION SYSTEM 10-ME-0001 & 10-ME-0004 PACKAGE SHALL BE FURTHER UPDATED BY EPC CONTRACTOR BASED ON INPUTS FROM PACKAGE VENDOR.

2. IO COUNT FOR NEW WET SCRUBBER UNITS 10-ME-0002 & 10-ME-0003 PACKAGE SHALL BE FURTHER UPDATED BY EPC CONTRACTOR BASED ON INPUTS FROM PACKAGE VENDOR.

3. IO COUNT FOR BIOCIDE INJECTION 10-ME-0005 PACKAGE SHALL BE FURTHER UPDATED BY EPC CONTRACTOR BASED ON INPUTS FROM PACKAGE VENDOR.


IO COUNT FOR NEW GRANULATION PACKAGES (GX-1, GX-2, GX-3, GX-4, GX-5, GX-6, GX-7, GX-8, GX-9, GX-10, GX-11, GX-12 AND GX-13) SHALL BE FURTHER UPDATED BY EPC CONTRACTOR BASED ON INPUTS FROM PACKAGE VENDOR.

EPC contractor scope is limited to adequacy reports carried out during FEED and for any new scope shall be subject to cost and/or schedule impact if any.","These package are part of Bidder EPC  scope and any further estimate required at this stage ,is internal bidder responsibility
please refer to Item 1 above ",TB14,N/A,Confirmed,CONFIRMED,,
259,1,Technical,n/a,Exhibit C,Annexure 03,,Bidder asks COMPANY to kindly provide the 3D model in navigation format (e.g. Naviswork) in order to have a better comprehension of the plant configuration.,3D Model will be provided to the successful bidder during detail engineering.,TB15,NOT APPLICABLE,Confirmed,CONFIRMED,,
260,2,Technical,n/a,4 Applicable project documents & drawings,MR-5312-10-ME-001_0 Material Requisition for Bulk Material Handling Package,,"following documents are missed from the ITB package:
1. 5312-ADD-1630-031 
2. AGES-SP-04-006
3. 5312-10-A1-0001 to 0005
4. STD-1781-002-001 to 005","1.All documents prepare during FEED are already shared in RFT. EPC Contractor shall prepare the document during detail engineering to fulfill project scope.
2. AGES will be shared separately with the bidders
3. The unit numbers mentioned by the Bidder is not correct.  PFD 5312-10-A1-0001 is correct and available in RFT. However for other PFDs Bidder to select correct unit numbers from the Exhibit C index.
4. The standard drawings will be provided to successful bidder during detail engineering",TB15,APPLICABLE,"Partially APPLICABLE, since most of DGS are obsolete or replaced by AGES.",CONFIRMED,,
261,3,Technical,Para 4.5 - Liquid Sulphur Storage Tanks of  RP-5312-00-ME-005,Liquid Sulphur Storage Tanks (54140-TK-4002 & 40-TK-101),"RP-5312-00-PR-002 - Equipment List

RP-5312-00-ME-005 - Site Visit Report - Mechanical
",,"In remarks column of equipment list against items 54140-TK-4002 & 40-TK-101, it is mentioned as ""Existing Refurbished"".
In Para 4.5 of RP-5312-00-ME-005, the following is mentioned.
""TK-101 - Tank was refurbished during the period starting from 2011 to 2014. the modification work carried out was almost 3 times more than the originally anticipated work. 
The tank is in good condition and currently in operation. 
However, condition of tank TK-4002 is not reported"". 

Bidder understand that for both these tanks, no refurbishment is required. Please confirm.

Incase, any refurbishment is required, COMPANY is requested to provide the Bidder's scope of work for refurbishment.","Bidder to refer Exhibit B.11 (Doc. No.PR-5312-00-GE-017) to perform Nozzles Adequacy Checks for the tanks. In case nozzles are not adequate for the new loads, nozzles modification shall be part of Contractor Base scope.",TB15,NOT APPLICABLE,Confirmed,CONFIRMED,,
262,4,Technical,n/a,9.2.5 - Overall Plant Shutdown,DOCUMENT No.: PR-5312-00-GE-015,,Bidder requests to provide when is envisaged the 23 day Shut down period.,"As per Overall Construction Plan and Phasing Strategy, Plant shutdown is anticipated in Jan'2027. However, Bidders detailed/EPC schedule will need to validate this.

There will be an overall plant shutdown for 23 days ONLY, major activities will include refurbishment and modifications in substation 1, 3 and 4, relocation of granulators 7,8,9 and relocation of liquid unloading platform. It also includes demolition of 5310-CV-1004, 5310-CV-1005, 54110-CV-4001, 5310-CV-1006,54110-CV-1007, 5310-CV-1008, TT1, TT4, TT5, Modification of 101-X2.",TB15,NOT APPLICABLE,Confirmed,CONFIRMED,,
263,5,Technical,Scope of work for relocation and revamping of existing granulator units,"5.3.1 GX #2 (Tag No. 54130-GD-4201) / 
5.3.2 GX #3 (Tag No. 54130-GD-4301) / 
5.3.3 GX # 6 (Tag No. 5330-ME-6000) /
 5.3.4 GX # 7 (Tag No. 5330-ME-7000) /
5.3.5 GX # 8 (Tag No. 5330-ME-8000) / 
5.3. 6 GX # 9 (Tag No. 5330-ME-9000)",DOCUMENT No.: RP-5312-30-ME-001,,"Bidder requests Company to clarify when the refurbishment activates for the installed granulators GX#2 ,  GX #3 ,  GX #6 ,  GX #7 ,  GX #8 ,  GX #9 are planned . Bidder deems necessary a further shut down period for the specific refurbishment activities as per ITB document # RP-5312-30-ME-001.
Bidder assumes that  the 23 days Shut down period is Scheduled by Company  to relocate the existing Granulators in the ""new area"".","The relocation and demolition of granulators GX#2, GX#3, GX#6, GX#7, GX#8, and GX#9 from the existing plant area to the new construction site will require an equipment shutdown period. The bidder’s understanding of the necessary shutdown duration is accurate. However, the detailed EPC schedule from the bidders will need to validate the plant and equipment shutdown period.

Overall plant shutdown for 23 days shall be , major activities will include refurbishment and modifications in substation 1, 3 and 4, relocation of granulators 7,8,9 and relocation of liquid unloading platform. It also includes demolition of 5310-CV-1004, 5310-CV-1005, 54110-CV-4001, 5310-CV-1006,54110-CV-1007, 5310-CV-1008, TT1, TT4, TT5, Modification of 101-X2.",TB15,NOT APPLICABLE,Confirmed,CONFIRMED,,
264,6,Technical,n/a,Exhibit A.08,Annexure 03,,"
BIDDER ask to COMPANY number of PMC personnel, for a correct Bidder's proposal.",Please refer to Exhibit A08,TB15,APPLICABLE,Confirmed,CONFIRMED,,
265,7,Technical,n/a,Exhibit C,Annexure 03,,"1.BIDDER requests whether a dumping area and stockpiling area has been foreseen (and distance from the construction site) 
2. and whether the disposal of materials is free of charge","1. Bidder to refer reply to TB 13 S No 41.
2. Bidder's query is not clear. However  transportation/ dumping to the dump yard is the EPC Contractor's responsibility. 
",TB15,APPLICABLE,"Partially applicable, ""any marine work not part of contractor scope"". 
Bidder to consider the company clarification & close out based on revised TB issued for RSHT-2 design.",confirmed,,
266,8,Technical,n/a,Exhibit C,Annexure 03,,"For BIDDER better understanding, can COMPANY please provide a scope matrix of indirect scopes for construction like Power, Water? Are Utilities provided by COMPANY at tie-in points, and if so, could COMPANY provides the cost?",Please refer tp Exhibit B.18 for CONSTRUCTION TEMPORARY FACILITIES AND CAMP ACCOMMODATIONS PLANNING ,TB15,APPLICABLE,Confirmed,CONFIRMED,,
267,9,Technical,n/a,,Security,,BIDDER request Company to confirm that SECURITY management to be on COMPANY responsibility. Regarding the camp and facility will be management by BIDDER.,Confirmed,TB15,APPLICABLE,Confirmed,CONFIRMED,,
268,10,Technical, Attachment 1 sheet 12 of 14,,Appendix 04 (WBS),,"BIDDER request COMPANY to clarify the ALEM Scope indicated in WBS as  replacement in UNIT ""Refurbishment and Demolition""","Query is not clear
ALEM recommendation already considered in Tender package documents
please refer to the RFT documents",TB15,NOT APPLICABLE,Confirmed,CONFIRMED,,
269,11,Technical,n/a,RFQ,ALEM Study,,BIDDER request COMPANY to share the Assets Life Extension Management Study,"ALEM recommendation already considered in Tender package documents
please refer to the RFT documents",TB15,NOT APPLICABLE,Confirmed,CONFIRMED,,
270,12,Technical,n/a,RFQ,Basic Engineering Design Data,,"1.BIDDER request COMPANY to share the Basic Engineering Design Data with the information concerning: Meteorological Data, Seismic Data, Wind load and directions, Environmental limits,  Unit of measurements, 2. List of Codes and Standards for the overall projects","1.  Bidder shall refer to Project specification Addendum to STRUCTURAL DESIGN BASIS AGES-SP-01-003 for seismic and wind data, & Process Design Basis and DGS 00 001   BASIC ENGINEERING DESIGN DATA for others.
2. Bidder shall refer to discipline design basis for list of codes and standers.",TB15,"APPLICABLE.
Bidder to consider the company clarification & close out based on revised TB issued for RSHT-2 design.",Confirmed,CONFIRMED,,
271,13,Technical,n/a,Paragraph  B.11 .7 - 3D Modelling,Exhibit B.11 Scope of Engineering Services,,"1. BIDDER request COMPANY to share the standards TT-ST-001 and TE-ST006 to be followed for the 3D Modelling.

2. BIDDER request COMPANY to specify the SP3D version used for the existing 3D Model","1. TT-ST-001 is superseded by  TE-ST-005. The TE standards/ procedures are available in the RFT documents- Annexure 10F, Annexure 10F-4 Attachments. 
Bidder shall also refer to reply to TB-10 S No 20,22.

2.   V13.0 (13.00.01.3044)",TB15,"APPLICABLE.
Bidder to consider the company clarification & close out based on revised TB issued for RSHT-2 design.",Confirmed,CONFIRMED,,
272,14,Technical,n/a,Paragraph  B.11.2.1 - General,Exhibit B.11 Scope of Engineering Services,, BIDDER request COMPANY to specify the SPPID version used to prepare the existing P&ID,10 Hot fix 17 (10.00.00.2712),TB15,"APPLICABLE.
Bidder to consider the company clarification & close out based on revised TB issued for RSHT-2 design.",Confirmed,CONFIRMED,,
273,15,Technical,n/a,Entire Document,EXHIBIT-B.54-Rev.0 - Training Service,,"The document is wrongly assembled and incomplete, does not include the necessary requirements for the training service quotation.
Company (CPY) to provide complete document or training requirements","Comment is not clear 
bidder to refer to Exhibit B54 and A17 attached",TB15,APPLICABLE,Confirmed,CONFIRMED,,
274,16,Technical,n/a,Entire Document,EXHIBIT-B.55-Rev.1 - Operation Assurance Requirements,,"Since the SoW is mainly constituted by rehab of existing equipment and provision of new identical (as much as applicable) ones, the integral adoption of OA approach seems oversized, also for the impact on the project total value.
CPY to confirm the OA integral approach or provide criteria for a streamlined approach",The OA will be applied ,TB15,APPLICABLE to RSHT2,Confirmed,CONFIRMED,,
275,17,Technical,n/a,Entire Document,EXHIBIT-B.55-Rev.1 - Operation Assurance Requirements,,"The automation SoW does not include the provision of the Operating Training Simulator, while it is encompassed in the OA approach.
Taking also in consideration the above TC15 and TC16, CPY to clarify whether the OTS has to be provided or not.","The scope is applied in case bidder decides to replace the existing control system as per Item b6 of Addendum to  Annexure 3, Scope of Works",TB15,APPLICABLE to RSHT2,Confirmed,CONFIRMED,,
276,18,Technical,n/a,Entire Document,"EPL/AGM(O)/0001 Rev.1 -
GASCO Maintenance and Inspection Policy

EXHIBIT-B.55-Rev.1 - Operation Assurance Requirements",,"The GASCO doc defines MAXIMO as CPY CMMS, while the EXHIBIT-B.55 refer to ""MAXIMO/SAP as applicable"";
CPY to confirm the current CMMS software to be considered",Maximo is not any more used. SAP Fiori is the current system,TB15,APPLICABLE to RSHT2,Confirmed,CONFIRMED,,
277,19,Technical,n/a,3 - REFERENCES,SP-5312-00-ST-001_0 ,,Bidder requests missing documentation as listed in Attachment1,"1. List of AGES/DGS Standards already shared with Bidder.
2. Company standard drawings will be provided to successful bidder during detailed engineering. 
3. Project Standard: Bidder to note that all Project Documents prepared during FEED are already provided with RFT Package, Exhibit C. Bidder is advised to check unit numbers of the documents also.",TB15,APPLICABLE,Confirmed,CONFIRMED,,
278,20,Commercial,n/a,Section F - Ship loader installation ,"Addendum to Annexure 3, Scope of Works (Package-1)",,"Bidder Requests to confirms that Ship Loader scope of works is reimbursable basis.
Bidder kindly requests Company to provide updated EXHIBIT A.7 - Price Breakdown updated accordingly in native format also considering that Bidder shall submit as part of the Technical proposal the ""unpriced copy of schedule of fee"" (ref to item 2.1.13 of Ariba Index)."," Bidder to note that Ship loader is optional scope and not reimbursable.
Native file is shared with the TB",TB15,NOT APPLICABLE,Confirmed,CONFIRMED,,
279,1,Technical,,Equipment List,Note no. 4,,Existing equipment data document no. DI-5555-000-GE-001_Rev. 6 for refurbished granulator units GX-2/3/6/7/8/9 is missing.,"Document no. DI-5555-000-GE-001_Rev. 6 used for reference to develop FEED only
please refer to latest documents under project number 5312",TB16,NOT APPLICABLE,Confirmed,CONFIRMED,,
280,2,Technical,,"•	Equipment List
•	Scope of Work for Relocation and Revamping of Existing Granulator Units",,,"Please confirm if scope of revamping for process water supply and discharge filters within granulator units GX-2, GX-3, GX-6, GX-7, GX-8 and GX-9 listed in equipment list with remark “Existing Refurbished” shall be included in EPC scope.","Bidder to refer Scope of Work (DOCUMENT No.: RP-5312-30-ME-001) for revamping and new items requirements for each package.
",TB16,NOT APPLICABLE,Confirmed,CONFIRMED,,
281,3,Technical,,"•	Equipment List
•	Scope of Work for Relocation And Revamping of Existing Granulator Units",,,"Please confirm if scope of revamping for inline Sulphur filters within granulator units GX-2, and GX-3 listed in equipment list with remark “Existing Refurbished” shall be included in EPC scope.
Inline sulfur filters within granulator units GX-6, GX-7, GX-8 and GX-9 are to be replaced by new polishing filters. Please confirm. ",Bidder to refer Scope of Work (DOCUMENT No.: RP-5312-30-ME-001) for revamping and new items requirements for each package.,TB16,NOT APPLICABLE,Confirmed,CONFIRMED,,
282,4,Technical,,Inspection and Monitoring Systems / Settlement Check Survey Program,"EXHIBIT - B.11
B.11.2.9.4",,"A computerized monitoring system for tanks and critical foundations carrying large loads is required, Company is requested to submit the following to get familiar with the required system:

•	Sample to the computerized form, similar to COMPANY's form.
•	 Specifications for the Settlement Monitoring Devices
•	Are the readings shall be taken manually using a survey tool like the total station every certain period and then filled in the computerized form to link the company system, company to clarify.
",The documents will be shared with the EPC Contractor during detailed Engineering.,TB16,Applicable to RSHT-2,Confirmed,CONFIRMED,,
283,5,Technical,,Mismatch of pile caps shape and dimension between civil drawings,5312-30-A1-1031_0 & 5312-30-A1-1061_1,,"Reference to civil drawings 5312-30-A1-1031_0 & 5312-30-A1-1061_1, there is a conflict between the shape, dimensions and no. of piles of pile caps between foundation plan of granulators and foundation layout of the shelter in unit-30 (PC3, PC4 and PC6).









","Conservative pile arrangement may be considered by Bidder. However, bidder to note that the arrangement indicated in the drawings are preliminary and indicative only.
Successful bidder shall finalize the engineering based on actual vendor data & applicable project specifications during detailed engineering",TB16,NOT APPLICABLE,Confirmed,CONFIRMED,,
284,6,Technical,,Civil Demolition works,B.11.2.9.5,,"Demolition works for steel structures (Demolition of granulator shelters, transfer towers, conveyor galleries, trestles, Supports and piping supports) are not quantified, Company to avail the as built steel drawings containing the steel sections for required demolition scope of work and the 3D model of the existing facility to enable the bidder to estimate the required demolition quantities.","Bidder shall assess the quantity based on FEED drawings. 
3D Model will be shared with the successful contractor during detailed engineering.",TB16,NOT APPLICABLE,Confirmed,CONFIRMED,,
285,7,Technical,,Earthquake loads,"SP-5312-00-ST-001, section 6.1.7
And RP-5312-00-CI-007, section 11.1",,"As per section 6.1.7 in the civil and structural design basis and section 11.1 in the soil report, earthquake parameters SS and S1 are 0.48g and 0.15g which lead to SDC “D” as per ASCE 7-16 section 11.6. All civil calculations in the feed documents are not considered the special seismic requirements related to the structures located in SDC “D” and this will lead to a great impact on the sizing of the structural elements, Company to clarify. ","The classification of  SDC is based on Sds & Sd1 as per Table 11.6.1 & 11.6.2 and not directly based on Ss and S1, hence bidders basis and related concerns are not clear..
Bidder to note that Earthquake parameters including site class considered in the design basis are based on the values specified in the Geotechnical report and Abu Dhabi IBC.

Successful bidder shall consider the same in development of engineering deliverables during execute phase. ",TB16,Applicable to RSHT-2,Confirmed,CONFIRMED,,
286,8,Technical,,Mechanical Datasheet For Liquid Sulphur Filter (30-F-0001A/S / 0002A/S / 0003A/S / 0004A/S / 0005A/S),"Exhibit C- Sr. No. 376  
DS-5312-30-F-0001_Rev. 0, Page 2 of 6, row no. 10",,Operating pressure value indicated on data sheet (8 kg/cm2g) is not matching with that indicated on equipment list (9.3 kg/cm2g). Please confirm which is the correct value.,"Query repeated by the Bidder. 

Refer to responses provided in TB-011",TB16,Applicable to RSHT-2,Confirmed,CONFIRMED,,
287,9,Technical,,"Mechanical Datasheet For Liquid Sulphur Filter (30-F-0001A/S / 0002A/S / 0003A/S / 0004A/S / 0005A/S)
/Particles to be removed","Exhibit C- Sr. No. 376  
DS-5312-30-F-0001_Rev. 0, Page 2 of 6, row no. 9",,Please provide solid loading/ particle size distribution at inlet stream.,"Query repeated by the Bidder. 

Refer to responses provided in TB-011",TB16,Applicable to RSHT-2,Confirmed,CONFIRMED,,
288,10,Technical,,"Mechanical Datasheet For Liquid Sulphur Filter (30-F-0001A/S / 0002A/S / 0003A/S / 0004A/S / 0005A/S)
/ Filter type","Exhibit C- Sr. No. 376  
DS-5312-30-F-0001_Rev. 0, Page 2 of 6, row no. 13",,Please advise if it would be acceptable to use basket filter constructed from perforated plate instead of wedge wire type.,Bidder to refer S. No. 13 of ATTACHMENT -1 to TENDER BULLETIN 011,TB16,Applicable to RSHT-2,Confirmed,CONFIRMED,,
289,11,Technical,,"Mechanical Datasheet For Liquid Sulphur Filter (30-F-0001A/S / 0002A/S / 0003A/S / 0004A/S / 0005A/S)
/ Filter type","Exhibit C- Sr. No. 376  
DS-5312-30-F-0001_Rev. 0, Page 2 of 6, row no. 13",,"•	Please advise the purpose of adding ""self-cleaning"" to filter type. 
•	As per our understanding and according to note (P3), two filters are provided for each stream; one in operation and another in stand-by mode. Once dirty pressure drop is reached, manual change-over shall be carried out between the two filters. Then, filter basket shall be extracted from the filter that is out of service and basket shall be cleaned manually using steam outside of filter housing.
Please confirm if our understanding is correct or advise otherwise.","Query repeated by the Bidder. 

Refer to responses provided in TB-011",TB16,Applicable to RSHT-2,Confirmed,CONFIRMED,,
290,12,Technical,,"Mechanical Datasheet For Liquid Sulphur Filter (30-F-0001A/S / 0002A/S / 0003A/S / 0004A/S / 0005A/S)
/ Mass Flow rate","Exhibit C- Sr. No. 376  
DS-5312-30-F-0001_Rev. 0, Page 2 of 6, row no. 20",,"Each filter shall be sized for maximum flow rate i.e filtration surface area shall be selected to be suitable for maximum flow rate, while normal flow rate should be used only for estimating filter cleaning frequency (duration of operation before cleaning) if solid loading at inlet stream is available.
Please confirm our understanding.","Query repeated by the Bidder. 

Refer to responses provided in TB-011",TB16,Applicable to RSHT-2,Confirmed,CONFIRMED,,
291,13,Technical,,"Mechanical Datasheet For Liquid Sulphur Filter (30-F-0001A/S / 0002A/S / 0003A/S / 0004A/S / 0005A/S)
/ Design Pressure/ Temperature","Exhibit C- Sr. No. 376  
DS-5312-30-F-0001_Rev. 0, Page 2 of 6, row no. 26/ 27",,Please confirm if filters shall be designed for steam out condition.,"Query repeated by the Bidder. 

Refer to responses provided in TB-011",TB16,Applicable to RSHT-2,Confirmed,CONFIRMED,,
292,14,Technical,,"Mechanical Datasheet For Liquid Sulphur Filter (30-F-0001A/S / 0002A/S / 0003A/S / 0004A/S / 0005A/S)
/ Material of Construction","Exhibit C- Sr. No. 376  
DS-5312-30-F-0001_Rev. 0, Page 2 of 6, row no. 47",,"According to Materials Selection Report and Summary Tables (Doc. no. RP-5312-00-MC-002), New Liquid Sulphur Filters shall be upgraded from material in existing system (CS + 3mm CA) to SS316L based on lessons learnt from existing system and due to corrosion observed in the existing filters.\
Please confirm if filter housing material shall be SS316L (with CA = 0).",Bidder to refer S. No. 26 of ATTACHMENT -1 to TENDER BULLETIN 013,TB16,Applicable to RSHT-2,Confirmed,CONFIRMED,,
293,15,Technical,,"Material Requisition For Liquid Sulphur Filter, Para. no. 4.3
/ Project Specifications","Exhibit C- Sr. No. 385
MR-5312-30-ME-005, Page 10 of 37
",,Please submit doc. no. AGES-SP-06-001 (Design Criteria for Static Equipment).,Bidder to refer ATTACHMENT -2 to TENDER BULLETIN 011,TB16,Applicable to RSHT-2,Confirmed,CONFIRMED,,
294,16,Technical,,"Material Requisition For Liquid Sulphur Filter, Para. no. 4.4
/ Standard Drawings","Exhibit C- Sr. No. 385
MR-5312-30-ME-005, Page 11 of 37
",,Please submit standard drawings.,Bidder to refer S. No. 19 of ATTACHMENT -1 to TENDER BULLETIN 011,TB16,Applicable to RSHT-2,Confirmed,CONFIRMED,,
295,17,Technical,,"Material Requisition For New Granulator Units, Para. no. 4.3
/ Data Sheets","Exhibit C- Sr. No. 381
MR-5312-30-ME-001, Page 11 of 47
",,"Please provide Data Sheet for Liquid Sulphur Filter (Doc. no. DS-5312-30-D-0001) as it is missing.
Please advise if this data sheet is related to Inline Sulphur Filters as mentioned tag numbers (8040-F-0101~0502) are different from those for inline Sulphur filters (30-F-0006A/B, 30-F-0015A/B, 30-F-0018A/B, 30-F-0033A/B, 30-F-0036A/B, 30-F-0039A/B and 30-F-0042A/B). ","Query repeated by the Bidder. 

Refer to responses provided in TB-011",TB16,Applicable to RSHT-2,Confirmed,CONFIRMED,,
296,18,Technical,,"Material Requisition For New Granulator Units, Para. no. 4.3
/ Data Sheets","Exhibit C- Sr. No. 381
MR-5312-30-ME-001, Page 11 of 47
",,Please advise if there are data sheets for Process Water Supply Filters and Process Water Discharge Filters and please submit if available.,"
Process Water Supply and Discharge Filters are part of Granulator Package and the datasheets shall be developed during detailed engineering.",TB16,Applicable to RSHT-2,Confirmed,CONFIRMED,,
297,19,Technical,,"Material Requisition For New Granulator Units, Para. no. 5.1
/ List of Equipment ","Exhibit C- Sr. No. 381
MR-5312-30-ME-001, Page 14 of 47
",,"Process Water Supply Filter (QTY. 7 op.+ 7 standby) shown in P&ID's with tag numbers listed below are missing from the list.
•	30-F-0007A/B
•	30-F-0016A/B
•	30-F-0019A/B
•	30-F-0034A/B
•	30-F-0037A/B
•	30-F-0040A/B
•	30-F-0043A/B
Please confirm if these filters shall be added to the list.","Query repeated by the Bidder. 

Refer to responses provided in TB-011",TB16,APPLICABLE,Partially Applicable as per RSHT-2 design requirements,noted,,
298,20,Technical,,Scope Of Work for Relocation And Revamping Of Existing Granulator Units,"Exhibit C- Sr. No. 386
RP-5312-30-ME-001, Page 14~18 of 30",,"Please advise if there are data sheets for new polishing filters in granulator units GX-6, GX-7, GX-8 and GX-9 and please submit if available.",Bidder to refer S. No. 23 of ATTACHMENT -1 to TENDER BULLETIN 011,TB16,NOT APPLICABLE,Confirmed,CONFIRMED,,
299,21,Electrical Tech.,,Substation 2 11kV Switchgear tagged (54000-MMS-4001),Site visit report No. RP-5312-00-EL-001_0 & Switchgear modification No. RP-5312-00-EL-014_0,,"Contradiction regarding the feeding cubicles to new substation (5), if A9 & B10 or A3 & B3 to be utilized, Please advise which to be utilized and which to be left as spare.


",A9 & B10 to be utilized for SS#5 feeding. Refer Overall Key SLD – 5312-00-A0-6021 & Electrical Equipment layout of Substation 2- Doc no 5312-00-A1-6036,TB16,NOT APPLICABLE,Confirmed,CONFIRMED,,
300,22,Electrical Tech.,,Substation 2 11kV Switchgear tagged (54000-MMS-4001),Site visit report No. RP-5312-00-EL-001_0 & Switchgear modification No. RP-5312-00-EL-014_0,,"Contradiction regarding adding two new outgoing spare cubicles and one dummy cubicle, please advise if the cubicles are required or not.",Company confirms that these are not required,TB16,NOT APPLICABLE,Confirmed,CONFIRMED,,
301,23,Electrical Tech.,,"Substation 2, Modification in existing VFD tagged (52110-MCV-1002)
",Site visit report No. RP-5312-00-EL-001_0,,Please advise the OEM of VFD and please submit all VFD as manufactured documentation.,VFD is supplied by  L& T Electrical & Automation.. Details shall be provided to successful bidder.,TB16,NOT APPLICABLE,Confirmed,CONFIRMED,,
302,24,Electrical Tech.,,"Linear storage electric room, 2 cable reels to be replaced.",Site visit report No. RP-5312-00-EL-001_0,,"Please advise the existing cable size, length and specifications.","Minimum 526 meters length of suitable power cable (BUFLEX, 3X150sqmm + 3X25sqmm earth cores),  Design- 1. Central strength member Aramid yarns 2. Conductor Flexible plain copper, class 5 IEC 60228 3. Insulation XLPE 4. Outer Sheath Double layer with antitwisting reinforcement PU Colour:

Existing Cable Reels  Manufacturer -C.O.M.E.S Italia,
Existing Cable Manufacturer  - BUFLEX® X’PREM Low Voltage - control and power reeling cables",TB16,NOT APPLICABLE,Confirmed,CONFIRMED,,
303,25,Electrical Tech.,,Existing IPCS to be replaced with new.,Site visit report No. RP-5312-00-EL-001_0 & Switchgear modification No. RP-5312-00-EL-014_0,,"Bidder  understand that existing IPCS in  substations 1, 2, 3, old dome and linear storage electrical room will be replaced with new IPCS, please advise if this shall be included in Bidder scope and please advise if will be replaced by the original supplier or not, also please submit all as built documentation of IPCS. ",Bidder to note that there is no IPCS in the existing system. All IPCS considered in this project are NEW and are part of Pkg1 ,TB16,NOT APPLICABLE,Confirmed,CONFIRMED,,
304,1,Technical,BRIEF PROJECT SCOPE ,5,"RP-5312-00-IN-002
Adequacy Study Report for Existing DCS & ESD System",,"Bidder understands that all the Modification/Upgrades/New Requirements for the Existing System and the new I/O's to be provided as part of Package 1 are as defined in Project Scope indicated under section 5 of RP-5312-00-IN-002.
M/s Emerson has accordingly conducted site survey & has submitted adequacy report (Annexure -1 of RP-5312-00-IN-002 )  inline with the scope defined in the FEED documents.
This report shall be considered by BIDDER as rely upon information for DCS/ESD/FGS & EPC cost shall be furnished as per the defined scope indicated in RP-5312-00-IN-002.","Bidder understanding is correct as far as the scope indicated under section 5 of RP-5312-00-IN-002. However, as part of EPC scope, Bidder shall verify the adequacy report and re-evaluate the upgrade requirements for the control system
",TB17,NOT APPLICABLE,Confirmed,CONFIRMED,,
305,2,Technical,"Assumptions and Clarifications 

Proposed actions for existing control system cabinets","2.2.15 


Table 13.1","RP-5312-00-IN-002
Adequacy Study Report for Existing DCS & ESD System

DB-5312-00-IN-001
Instrument Design Basis",,"Quote
As per Annexure -1 of RP-5312-00-IN-002 Adequacy study report ""Existing Controller of GX 1 to GX 9 will be decommissioned and shifted to SS05 ITR. However, GX-01 controller (54000-CTRL-660) is having utility and other IO's as well, hence Emerson understands that this controller cannot be decommissioned, and hardware/DST associated with this controller will not be reutilized by Emerson. ""

As per Instrument design basis ""Granulators to be relocated to new granulation area, and cabinet to be decommissioned. New DS Cabinet shall be provided in ITR-05 at SS-05. 

Unquote
COMPANY to confirm bidder understanding that cabinet 54000-DS-660 will not be decommissioned since it is to be retained for Utility IO's in SS2 Instrument Room & New DS Cabinet shall be provided in ITR-05 at SS-05 as per adequacy report. ",It is confirmed that the cabinet 54000-DS-660 in SS-02 ITR will not be decommissioned and a new DS cabinet shall be provided in SS-05,TB17,NOT APPLICABLE,Confirmed,CONFIRMED,,
306,3,Technical,Reference Documents ,3.2,"RP-5312-00-IN-009
INSTRUMENT DEMOLITION SOW",,"Following documents which are mentioned as the reference documents of RP-5312-00-IN-009 are not present in the Tender
1) RP-5312-00-IN-016 : SOW Award Recommendation for DCS and ESD OEM 
2) RP-5312-00-IN-017 : SOW Award Recommendation for FGS System TYCO 
3) RPT-5312-GG-000-15-11-141_Rev 1 : Instrumentation & Control Definition Report 
COMPANY to provide the same for BIDDER reference.","These references are not valid as the referred documents are not included in the FEED package as these were deemed unnecessary at this stage. Please note that technical bid evaluations and offers/proposals included in the FEED package are for reference only.
bidder scope for EPC phase, shall include preparing material requisition, receiving offers and issue technical evaluation report for the new offers",TB17,NOT APPLICABLE,Confirmed,CONFIRMED,,
307,4,Technical,New OT cyber security specification,B.7,"Addendum to Annexure 3, Scope of Works (Package-1)",,"Quote
New OT cyber security specification (AGES-SP-04-013) is now available and to be considered by the EPC contractor. All references to old DGS (for OT cyber security) shall be considered void. 

Unquote
COMPANY to share the New OT cyber security specification (AGES-SP-04-013) document to BIDDER for reference.",The AGES is attached,TB17,Applicable  to RSHT-2,Confirmed,CONFIRMED,,
308,5,Technical,Design Life,5,"RP-5312-00-IN-002
Adequacy Study Report for Existing DCS & ESD System",,"Quote
All the new equipment and modifications to existing equipment shall be designed for operation in the environmental conditions specified in for minimum life duration of 30 years. 
However, for Control Systems, including networking devices, instrumentation system equipment’s and components provided shall be in active phase of its life cycle with minimum of 15 years of product life from the date of supply. On completion of active life cycle period, manufacturer shall provide extended limited support for 7 years for maintenance and spare parts. EPC CONTRACTOR shall provide product life cycle certificate from the Manufacturer for COMPANY review and approval. 

Unquote
As per the OEM chart indicated in the Annexure 1 of RP-5312-00-IN-002 Adequacy Study Report for Existing DCS & ESD System, Lifecycle Status of Existing System Components is analyzed up to year 2034.
BIDDER understands that the above clause for product life cycle of 15 years from the date of supply is applicable only for the newly supplied hardware and software which were identified in RP-5312-00-IN-002 Adequacy Study Report for Existing DCS & ESD System. For the items which are not replaced (i.e. Valid up to 2034) the product life cycle of 15 years is not applicable.","Bidder's understanding is correct that the product life cycle requirement of 15 years is for the newly supplied items. However, idder needs to re-evaluate the life cycle status of the existing products and make necessary replacements to ensure smooth operation for the next 15 years after plant hand over. Any existing product which is not in its active life cycle phase (either supported or retired) shall be replaced.
",TB17,NOT APPLICABLE,Confirmed,CONFIRMED,,
309,6,Technical,Data Interface between HGD & RSHT-1 (OSBL interface report: R-CN0000-16-REP-0002) ,B.1 & C,"Addendum to Annexure 3, Scope of Works (Package-1)",,"1) BIDDER understands that there will be a data interface between HGD & RSHT-1 as per clause B.1 of Addendum to Annexure 3, Scope of Works (Package-1). This connectivity shall be over Modbus TCP/IP link at SS#05 between DCS network cabinet of RSHT-1 and HGD Network cabinet. Bidder understands the Fiber Optic cable (F.O) from SS-032 to SS-05 is by Others. All necessary F.O convertors & accessories at HGD end is by others. COMPANY to confirm BIDDER understanding.
2)  Bidder understands that all cabinet installation/wiring/Termination for the HGD cabinets which will be placed in SS-05 will be by others. COMPANY to kindly confirm BIDDER understanding.
3) Only provision of space for 3nos. of HGD panels as per 5312-00-A3-7011 EQUIPMENT ROOM LAYOUT - SS05 INSTRUMENT TECHNICAL ROOM is to be considered in SS-05. COMPANY to confirm BIDDER understanding.
4)  The UPS power required for the HGD panels will be provided as per Clause C of Addendum to Annexure 3, Scope of Works (Package-1). However COMPANY to inform the UPS load requirement for the HGD panels.
","1. Bidder's understanding is not correct. As per section B.11.2.23 of exhibit B.11, the FO cables from the tie-in point (Field mounted JB in Pig receiver area) to the SS-03 and onwards to SS-05 are in Bidder's scope
2. Bidder's understanding is correct. However, the wiring from HGD panels to RSHT-1 panels for the interface is in Bidder's scope.
3. Bidder's understanding is correct
4. Company will inform the Bidder of the panel loads as and when it becomes available from HGD during project execution.",TB17,APPLICABLE,Partially Applicable as per RSHT-2 design requirements,CONFIRMED,,
310,7,Technical,De-Centralized Logic ,11.6.7  ,"AGES-SP-04-001 
PROCESS CONTROL SPECIFICATION ADDENDUM TO AGES",,"Quote
If the VENDOR offers a De-Centralized Logic solution for all green field projects, the I/O’s shall comply with the requirements included in this specification. De-Centralized Logic are considered as ‘smart junction boxes’. 

Unquote
Emerson has indicated as option to use CHARMS IO for DCS, ESD and FGS systems for expansion scope i.e. new I/O's supplied in SS-05. 
BIDDER understands that the same is not indicated in the Clause 7 CONCLUSION AND RECOMMENDATION of RP-5312-00-IN-002 Adequacy Study Report for Existing DCS & ESD System (page 20). Hence  CHARMS I/O is not applicable for new and modified I/O's of DCS/ESD & FGS.Conventional I/O and junction boxes shall be considered for DCS/ESD & FGS system. 
COMPANY to confirm BIDDER understanding.",Bidder's understanding is correct. Conventional I/O and junction boxes to be used.,TB17,Applicable  to RSHT-2,Confirmed,CONFIRMED,,
311,8,Technical,Upgrade of Operator workstation/Engg workstations/Servers,-,"5312-00-A3-7023
Overall ICSS architecture",,"1) As per Overall ICSS architecture, 54000-PWS-002 is to be upgraded. However as per Annexure-1 Emerson Site Visit And System Adequacy Report of  RP-5312-00-IN-002 Adequacy Study Report for Existing DCS & ESD System there is no requirement for replacement/upgrade. 
As per ADDENDUM TO ANNEXURE 3 SCOPE OF WORK, upgrade of workstation shall be as per Overall architecture, hence Bidder is considering the replacement of 54000-PWS-002. 
COMPANY to kindly confirm.

2) As per Overall ICSS architecture, for Ship loader Berth 2 (54000-OWS-10 & 11)  Existing workstation is to be replaced with new workstation. Bidder is considering this workstation replacement as part of Package-1 scope.
COMPANY to confirm BIDDER understanding.","1. Please follow the overall architecture and replace the 54000-PWS-002
2. Ship loader for Berth-2 is not in scope for the Bidder.",TB17,NOT APPLICABLE,Confirmed,CONFIRMED,,
312,9,Technical,Virtualization,-,"5312-00-A3-7023
Overall ICSS architecture

DB-5312-00-IN-001
Instrument Design Basis
",,"As per Overall ICSS Architecture and Instrument design basis there is no requirement for Virtualization of HMI/EWS/Application server.
BIDDER understands virtualization is not envisaged in EPC cost. COMPANY to confirm.",Bidder's understanding is correct. Virtualization is not in scope for the contractor,TB17,NOT APPLICABLE,Confirmed,CONFIRMED,,
313,10,Technical,Total replacement,B.6 & B.9,"5312-00-A3-7023
Overall ICSS architecture

DB-5312-00-IN-001
Instrument Design Basis
",,"Quote
The existing DCS system needs a major upgrade due to obsolescence of components and lack of integration with other systems and packages. There is a case for total replacement of the system instead of an upgrade. DCS replacement (as a whole) to be considered as optional by EPC contractor. 

As an Optional alternative to the required scope of upgrade the existing control and safeguard systems, Bidder to quote for a new Control and safeguard systems that meets all project requirements per FEED deliverables. 

Unquote
Bidder understands that the above option is not applicable considering the available details of the existing plant in the Tender & the shutdown period available in the Tender.","Bidder to further explore this option. Total shutdown is not a requirement for system replacement as it can be done in phases (unit wise). Please look into the possibility of replacing the whole system with a new one. Most of the package controls which reside in DCS are being replaced e.g. Stacker reclaimers (old dome & linear storage), ship loader at Berth-1 etc. DCS cabinets for the relocated granulators (6 out of 9) are being replaced. Hence, there is a case for outright replacement of the existing control system as a whole.
",TB17,NOT APPLICABLE,Confirmed,CONFIRMED,,
314,11,Technical,-,-,"5312-00-A3-7014
INSTRUMENTATION EQUIPMENT ROOM LAYOUT - SS04 INSTRUMENT TECHNICAL ROOM",,"As per Note 2 of the ITR layout of SS-04,""PLC 1 Marshalling terminations will remain in place in cabinets 2,3,4,5,6 & 7 and cables will be run to new SS#02 where DCS vendor will run to new SS#02 where DCS vendor will terminate the cables in new marshalling system panels.""

PLC 2 to 7 are understood to be PLC marshalling panels. SS#02 ITR drawing doesn't show the shifting of PLC system panels (5200-PS-607-1) or any new marshalling panels for this PLC. 
Bidder hence understands that this PLC is being replaced with DCS Marshalling and System cabinet in SS#02. However there are no details of the same available in the adequacy report  RP-5312-00-IN-002.
COMPANY to clarify.",PLCs (or its panels) in SS-02 are not in scope for the Bidder,TB17,NOT APPLICABLE,Confirmed,CONFIRMED,,
315,12,Technical, Assumptions and Clarifications ,2.2.15 Sr. No. 18,"Annexure-1 Emerson Site Visit And System Adequacy Report  of RP-5312-00-IN-002
Adequacy Study Report for Existing DCS & ESD System",," ""Database and graphics upgrade scope is estimated based on the DeltaV Backup dated 19-Feb-2019 (Database) and 12-Mar-2019 (Graphics-iFix). ""
BIDDER understands that the above version of database & graphics back-up used by Emerson is still Valid and the adequacy report submitted as part of Tender document is rely upon information.","Bidder's shall verify the adequacy report, take the latest backup and re-evaluate the upgrade requirements for graphics
",TB17,NOT APPLICABLE,Confirmed,CONFIRMED,,
316,13,Technical ,Attachment 1,-,Annexure 12 - HSE requirement,,"With reference to the format of Environmental Impact Assessment, Contractor assumes that entire layout of plant is under ADNOC jurisdiction and therefore the EIA can be developed on the basis of ADNOC format only. Contractor asks Company to confirm.","Bidder to note that It shall be as per ADNOC HSE- EN standards
",TB17,Applicable  to RSHT-2,Confirmed,CONFIRMED,,
317,14,Technical,-,"Para 4.3 - Reference Documents.

Para 4.4 - Company Specifications

Para 5 - Scope of work and supply","MR-5312-40-ME-003  - MR for Liquid Sulphur Transfer Pump (40-P-0001A/B/C/S0

",,"Following reference documents / specifications missing :

1. DDD-5312-GG-000-00-00-105 : Basic Engineering Design data
2. AGES-SP-05-001 : Specification for Centrifugal Pump
3.DD-5312-00-ST-001 : Basis of design-Civil/Structural
4. 5312-ADD-1627-027 : Addendum to Design General Specification -Motor Cage Induction and Synchronous
5. DGS-6600-010 : Painting Specification
6. DGS-6500-010 : Hot Insulation for Piping and Equipment
7. DGS-000-003 : Minimum Shop Inspection and Certification Requirements.
8. DGS-6710-001 : Preservation and Export Packing

COMPANY is requested to kindly provide above documents."," 
1. & 3. These are concept study documents used for reference  to develop FEED only. Please refer to latest FEED documents in RFT Package.
2. Bidder to note that AGES list is shared separately with the Bidders.
4. Bidder to note that all Project Documents prepared during FEED are 
already provided with RFT Package, Exhibit C. EPC contractor to prepare documents as per project requirement.
5. DGS-6600-010 Painting Spec - Refer to TB-013 S No 39 .
6-8 DGS list is already shared with the Bidder. Bidder to highlight the DGS required.



",TB17,APPLICABLE,"Partially applicable, AGES/DGS(active) is applicable for RSHT-2.",CONFIRMED,,
318,15,"Technical

","Note M1 - page 6 of 6

","Mechanical Notes

","DS-5312-40-P-0010, Rev-0 : Mech datasheet for Process Water Pumps (40-P-0010 A/S)",,"reference doc. DGS-0910-002 missing.
COMPANY is requested to kindly provide above documents.
",Refer reply to point 14 (6-8) above.,TB17,APPLICABLE,"Partially applicable, AGES/DGS(active) is applicable for RSHT-2.",CONFIRMED,,
319,16,General,,Para 5 - Scope of work and supply,MR-5312-40-ME-003  - MR for Liquid Sulphur Transfer Pump (40-P-0001A/B/C/S0,,Company is requested to provide Spare Philosophy document.,"Bidder to refer the FEED process design basis document (DB-5312-00-PR-001) and company guideline (AGES-GL-08-001).
",TB17,Applicable  to RSHT-2,Confirmed,CONFIRMED,,
320,17,Technical,COMPANY RESPONSIBILITY,B.52.1,EXHIBIT B.52,,"Considering that an Operation and Maintenance Team of Client is already staffed for the existing plant, Contractor understanding is that the Contractor has to provide a first level of Operation personnel, as Operation Leader and Shift Operation Supervisor, but all the Panel Operators in shift, Filed Operators in shift and Maintenance Specialist will be provided directly from the existing O&M team of Client.
COMPANY is kindly requested to confirm.","Bidder's understanding is not correct. Bidder to refer to the Exhibit B52 COMMISSIONING AND TEST RUN for the scope
",TB17,Applicable  to RSHT-2,Confirmed,CONFIRMED,,
321,18,Technical,4 Applicable project documents & drawings, ,MR-5312-10-ME-001_0 Material Requisition for Bulk Material Handling Package,,"following documents are missing from the ITB package,  COMPANY is kindly requested to provide them:
5312-ADD-1630-031
AGES-SP-04-006
5312-10-A1-0001 to 0005
STD-1781-002-001 to 005",Refer to responses provided in point.no.2) of the company issued TB-015.,TB17,Applicable  to RSHT-2,Confirmed,CONFIRMED,,
322,19,Technical,4.1 Reference documentation, ,RP-5312-30-ME-001 Scope of work for the relocation and revamping of existing granulators unit ,,"following documents relevant to the existing equipment are missing, COMPANY is kindly requested to provide them:
8056-MDS-GD01
8056-MDS-GDL01
8056-MDS-GDR01
8056-MDS-DC01 
8056-MDS-F01
8056-MDS-SE01
8056-MDS-TK01
8056-MDS-TK02
8056-MDS-P03
8056-MDS-CV01
8056-MDS-CV02
8056-MDS-CV03
8056-EDS-912
8056-DBM-080
8056-DBM-040
GXM1-J070-GE-PLN-001
GXM1-J070-GE-HAZ-001
GXM1-J070-GE-FDL-001","These are existing/ old project documents , used to develop FEED, so Please refer to FEED Package in RFT. 
The existing drawings can be provided to the successful bidder during detailed engineering, if required.",TB17,NOT APPLICABLE,Confirmed,CONFIRMED,,
323,20,Technical,4.1 Reference documentation, ,"RP-5312-00-ME-008 Scope of work modification in the existing bulk material handling equipment (belt conveyors, stacker/reclaimer) ",,"following documents relevant to the existing equipment are missing, COMPANY is kindly requested to provide them:
5555-101-X-2-001
B8000-OP-10
B8000-OP-40
5555-54110-CV-4003-001 
DW 3210-5310-CV-1002
5555-54110-CV-4003-001-006
DS 3210-10-X-2
DS 3210-10-X-3
5210-CV-1002 DATA SHEET","These are existing/ old project documents , used to develop FEED, so Please refer to FEED Package in RFT. 
The existing drawings can be provided to the successful bidder during detailed engineering, if required.",TB17,NOT APPLICABLE,Confirmed,CONFIRMED,,
324,1,Technical,N/a,N/a,Exhibit B.12,,"The document mention the ""Optimization and Basic Studies doc.n DGS-0000-022"" which should be included in Exhibit C. Unfortulanely the document is not available. COMPANY is kindly requested to provide it.",Document attached. However Bidder is strictly advised to  highlight the standards required in the DGS/AGES register already shared with the Bidders instead of listing here in the clarifications. ,TB18,Applicable to RSHT-2,Confirmed,CONFIRMED,,
325,2,Technical,"EXHIBIT B.2
SUMMARY SCOPE OF WORK",N/a,ANNEXURE 3_Scope of work,,"BIDDDER requests COMPANY to confirm that the following equipment are actually not in opertation and they will remain out of service once new granulation facilites will be commissioned:
- New Storage Dome
- TT02
- 10-CV-0007
- 5210 CV 1002
- 54110-CV-4003
- 5210-CV-1003
- Linear Storage Building","1) New Storage Dome - Currently NOT in Operation. However, required to be recommissioned along with/or before commissioning of  new granulation facilities.

2) TT02. - Currenly IN Operation. To be modified/ upgraded

3)  10-CV-0007 - New Conveyor TT02 to Shiploader at Berth1

4) 5210 CV 1002 - Stacker/Reclaim Conveyor in Linear Storage Currently IN Operation. To be Modified from reversing stacking and reclaiming to single direction reclaim conveyor only. (Exsting/refurbished)

5) 54110-CV-4003 - Currently NOT in Operation. However, required to be recommissioned along with/or before commissioning of  new granulation facilities.

6) 5210-CV-1003 - To be demolished

7) Linear Storage Building -  Currenly IN Operation. However, required To be Modified from reversing stacking and reclaiming to single direction reclaim conveyor only. (Exsting/refurbished). Along with/or before commissioning of  new granulation facilities.

Bidder shall refer to RFT Package for detailed work

",TB18,NOT APPLICABLE,Confirmed,CONFIRMED,,
326,3,Technical,,Chapter B.7.1.25,Exhibit B.7,,"Considering that in the Exhibit B.7: Preliminary Schedule of Contractual Deliverables, Chapter B.7.1.25 Pre-Commissioning / Commissioning, at bullet 8 ICAPS is shown in brackets, Bidder consider that ICAPS Technical Data Base for Precommissioning and Commissioning is not mandatory.
Consequently, Bidder understanding is that the own certification and traceability method can be used.
OWNER to be confirm.",Confirmed,TB18,Applicable to RSHT-2,Confirmed,CONFIRMED,,
327,4,Process,RSHT-1 upgraded capacity to be reviewed & updated for the following sources.,"A.3

 
","Addendum to Annexure 3, Scope of Works (Package-)

",,"As per addendum to annexure 3, point no. A.3 RSHT-1 capacity is upgraded by considering one of the source as mentioned below:
-	by Additional Liquid Sulphur design flow of 800 t/d coming from ADNOC refining CFP.

The additional line pertaining to above source from ADNOC refining CFP is not shown/available in PFD, BFD or any PID. 

Kindly confirm if this source is via Pipiline. Or via truck. Please confirm.","This source is through a new pipeline joining 4"" existing pipeline from refinery to existing Sulphur pits. ",TB18,NOT APPLICABLE,Confirmed,CONFIRMED,,
328,5,Process,"Number of Liquid Sulphur Filter/day vessels, Granulator quantities & configuration","A.4

 
","Addendum to Annexure 3, Scope of Works (Package-)

",,"As per point No. A.4 , below quantity of filter/day vessels and granulator configuration to be considered
 
a. Liquid Sulphur Filter: 4Working + 4 standby (Previously it was 5W+5S)
b.Liquid Sulphur Day Vessel: 4 No’s, each Sulphur Day vessel connected with 3 Granulators. (Previously it was 5No. of sulphur day vessel)
c.Granulator: 12 no’s (11 working +1 standby)., previously it was 13 granulators (11 working +2 standby).  

By following new requirement, bidder is considering following changes
1) Deletion of Liquid Sulphur Filter 30-F-0005 A/S
2) Deletion of Liquid Sulphur Day Vessel 30-V-0005 
3) Deletion of Sulphur Granulation Unit 30-ME-0013 (GX-13)
4) Addition of Granular Feed pump 30-P-0004 C and to be located in Sulphur Day vessel V-0004 to align with other day vessels configuration..

Kinldy confirm bidder's understanding.",Bidder understanding is correct. All required changes are the part of EPC scope.,TB18,NOT APPLICABLE,Confirmed,CONFIRMED,,
329,6,Process,Existing steam system & Desuperheaters quantities,"A.5

 
","Addendum to Annexure 3, Scope of Works (Package-)

",,"FEED PFD 5312-40-A-0104 indicates three desuperheaters i.e. 40-E-102 (existing), 5340-E-1003 (New) & 54140-E-4007 (existing). 
In PID 5312-40-A1-0229 only one desuperheater 5340-E-1003, which is new, is shown.
As mentioned in addendum this updation with three desuperheaters is done in As bult PID.
Kindly provide as built  PID's which are updated with this configuration.","Bidder to refer PFD and other relevant documents from ITT package regarding desuperheater. 
As built P&IDs are attached for reference. Development/update of any document/drawing to achieve the project objective shall be part of EPC scope.",TB18,NOT APPLICABLE,Confirmed,CONFIRMED,,
330,7,Process,"MOV 005
Note 24 & 25","A.2

 
","Addendum to Annexure 3, Scope of Works (Package-)

",,"As per point no. A.2, P&ID 5312-40-A1-0216_0 provided in addendum Annex. 3, for early Tie in requirement.
MOV 005 and Note 24 & 25 is not present in this P&ID. However, MOV 005 and Note 24 & 25 is present in P&ID 5312-40-A1-0216_0 provided in Exibit -C in same P&ID.

There are two different versions within same revision (i.e. ""0"") is received in Addedndum and EXHIBIT-C for this P&ID.

Further this tag MOV-005 is not present in document DS-5312-J-053 DATA SHEET FOR ON/OFF VALVES & MOV and not present in IO list also.

Please let bidder know which P&ID version is latest and Please confirm the requirement of MOV-005.","Bidder to consider P&id provided with Addendum for early tie-in requirement only. For other details including   notes 24-25, and  MOV ( MOV no in is MOV-055 and not MOV -005) Bidder shall refer to p&id attached with Exhibit -C.
",TB18,NOT APPLICABLE,Confirmed,CONFIRMED,,
331,8,Technical,Equipment tag number,Row 20 (Page 2 of 5),DS-5312-10-DC-1002,,"The tag number 20-SL-0001 (shiploader) is provided in the dust collection system datasheet (DS-5312-10-DC-1002) and in new shiploader datasheet (DS-5312-20-SL-0001) for Berth 1 ship loader. In equipment list no such tag is present. Bidder understanding is that the tag for this equipment should be 10-SL-0001 as mentioned in PFD, equipment list and P&ID. Kindly confirm.","There is mis-matching between the Shiploader tag no as highlighted by the Bidder. Bidder to follow the tag no as per PFD. 
However Bidder to note that any error in tag numbers in the FEED Document shall be corrected by EPC Contrator during detailed engineering.",TB18,NOT APPLICABLE,Confirmed,CONFIRMED,,
332,9,Process,Equipment tag number,Row 10 Equipment tag no (Page 2 of 5),DS-5312-10-DC-1001 (Dust suppression system),,"The Tag no for dust suppression system is not given in the MDS but from row for ""Location"" (Page 2/5)  we understand that, this datasheet is for 10-ME-0001.
As per PFD, P&ID & Equipment list there are two dust suppression systems (10-ME-0001 & 10-ME-0004), But as per MDS row for ""Number required"" (Page 2/5) there is only 1 dust suppression system.
Bidder understand that there two Dust suppression systems (10-ME-0001 & 10-ME-0004). MDS to be updated accordingly. Kindly confirm.","Bidder to refer to TB-06, Company's reply to Sno. 10 regarding number of dust control packages.",TB18,APPLICABLE,"Partially Applicable to RSHT-2

there are two Dust Suppression System in SGP, one for TT-11, TT-12, TT-13 and Stacker Reclaimer, another for TT-14, TT-15 and TT-16.
Biocide is part of one of dust suppression system and shall be only for TT-11.
To be finalized based on vendor proposal.",CONFIRMED,,
333,10,I&C,n/a,n/a,RFT,,"Bidder kindly requires to clarify whether the port provided with ship loading control/safety system as per ITB, shall also be provided with a Terminal Operating System (TOS) aimed to manage the interface between the material handling and the Production/Selling planning and management I(enterprise level). Shoud the TOS be considered, Bidder requires the following:
•	Is the TOS to be considered under Bidder scope of work and then included in its quotation?
•	Which interfaces shall be considered for such TOS?
•	please indicate where TOS is described in ITB or provide relevant supporting documentation

","NO Separate TOS
Terminal control implemented in DCS",TB18,NOT APPLICABLE,Confirmed,CONFIRMED,,
334,11,Technical ,n/a,5.3.1.2,"Annexure 3, Exhibit 3, RP-5312-00-SA-003 - FIRE PROTECTION PHILOSOPHY",,"Reference is made to the following text of para 5.3.1.2: ""In-order to minimise the interruptions to existing fire protection system in west side, New Fire water network
shall be isolated inline with Interface project Construction and Commissioning Philosophy - NGL & SGP
(Doc.No. 0500839-PU-000-A4-0012)"".
Bidder asks Company to provide documen.No. 0500839-PU-000-A4-0012 not found available in ITB.",The requested document does not impact the tender quotation. The document shall be made available during detailed engineering,TB18,NOT APPLICABLE,Confirmed,CONFIRMED,,
335,12,HSE/ELEC,n/a,7.3,"Annexure 12 - HSE requirement, HSE-GA-ST07_V1 HSE Design Philosophy",,"Reference is made to the following text of para 7.3: ""In the event of an emergency (Confirmed from gas detection) all the Zone 2 and unclassified equipment shall be de-energised (electrical power isolation) to avoid ignition potential.""
Bidder considered that equipment handling dust for zone 22 and unclassified area the above requirement is not applicable. Company to confirm.",Bidder understanding is not correct. The requirement is applicable to Zone 22 also. Bidder to refer to Project safety documents/ HAZ Layout provided in RFT package for better understanding.,TB18,Applicable to RSHT-2,Confirmed,CONFIRMED,,
336,13,HSE/ELEC,n/a,7.3 - IGNITION CONTROL (HAZARDOUS AREA CLASSIFICATION),HSE-GA-ST07_V1 HSE Design Philosophy,,"With reference to the following text: ""All fixed / permanent electrical equipment in unclassified area within process unit shall comply with Zone_x0002_2 requirements as a minimum"", Bidder asks Company to clarify the boundary of process unit in order to be sure about the extent of such area.",Bidder to note that all Hydrocarbon and Sulphur processing/ handling are considered as process. Also refer to Hazardous area layout which is part of RFT package 1,TB18,NOT APPLICABLE,Confirmed,CONFIRMED,,
337,1,Process,,Existing relocated Fin Fan Steam Condensate (54140-EA-4007),STEAM & CONDENSATE SYSTEM,,Existing relocated Fin Fan Steam Condensate (54140-EA-4007) duty shall cover the new LPS demand for the new / relocated granulators (from GX1 to GX13) is at the border line. No overdesign is considered. Company shall consider advising accepting of  no overdesign for equipment,"Bidder query is not complete. There is no document reference/calculation for overdesign is provided with the query.
Bidder to note that adequacy check shall be part of EPC scope based on latest steam requirements and COMPANY standards. Any deviation from COMPANY standards shall be agreed and approved by COMPANY during project execution.",TB19,NOT APPLICABLE,Confirmed,CONFIRMED,,
338,2,Process,,"LP Steam Requirements Points 4,5,6,7,8,9.11,12

LP Steam requirement for snuffing (shortage demand)",TENDER BULLETIN-013,,"In addition to our concern related to LP steam demand for snuffing steam.
Contractor proposed the below option to be considered to adequate the shortage of snuffing steam.
Or alternative snuffing service to be used instead of LP steam likewise inert gas and Snuffing philosophy to be developed and agreed during the detailed engineering as a new scope.

Company to confirm the alternative option.","No alternative is acceptable. Bidder to consider snuffing steam for Liquid Sulphur Tanks, as per EPC scope of work. Adequacy shall be done by EPC Contractor as part of EPC scope.",TB19,Applicable to RSHT-2,Confirmed,CONFIRMED,,
339,3,Process,,WASTE WATER TREATMENT SYSTEM,,,"Adding bypass line with Isolation Valves on ZERO DISCHARGE SETTLEMENT POND (40-SU-0001) for maintenance purpose.
Company to confirm the above requirement to be in scope.",Bidder to consider the arrangement indicated in FEED documents.,TB19,NOT APPLICABLE,Confirmed,CONFIRMED,,
340,4,I&C,,clause #5.Basis For Defining The Obsolescence,"INSTRUMENT OBSOLESCENCE STUDY REPORT
RP-5312-00-IN-008
",,"In reference to the statement “EPC Contractor to further verify
obsolescence list of Instruments based on site survey as per ALEM recommendation”, please provide the complete ALEM study to thoroughly review the recommendations.",Bidder to consider the list of obsolete instruments as final and proceed with its verification,TB19,NOT APPLICABLE,Confirmed,CONFIRMED,,
341,5,I&C,,E. Marine Scope,"ADDENDUM TO ANNEXURE 3 , SCOPE OF WORK",,"In reference to Table E-1 : Marine SOW and interfaces item #18 and 20, “Instrument, Telecomm and F&G primary cables (Multipair) from Marine area junction boxes and panels” and “Plant Control and safeguard Systems”are identified as part of Package 1. Please provide references to estimate the scope.",The references will be provided after detailed design of Marine package,TB19,NOT APPLICABLE,Confirmed,CONFIRMED,,
342,6,"Technical
electrical",,Missing documents,General,,"Client is kindly requested to submit the following ij native format:
-	ETAP power system studies.
-	As built Existing substations lighting, earthing & cable routing layouts.
-	As built Plant lightning protection layout.
 ",These native files shall be shared to successful bidder at the time detail engineering.,TB19,Applicable to RSHT-2,Confirmed,CONFIRMED,,
343,1,,"Sheet 11


Sheet 010


Sheet 009","P&ID List


P&ID List


P&ID List","5312-10-A3-7040 INPUT OUTPUT LIST (DCS & ESD) - GRANULATED SULPHUR TRANSFER AND STORAGE (UNIT-10)

5312-30-A3-7040 INPUT OUTPUT LIST (DCS & ESD) - SULPHUR GRANULATION (UNIT-30)

5312-40-A3-7040 INPUT OUTPUT LIST (DCS & ESD) - LIQUID SULPHUR STORAGE (UNIT-40)",Process Control and Automation,"As per the P&ID List, the I/O's of the following p&id's are shown connected to DCS System cabinet (40-DS-670) & 30-ESD-670 in SS-05. However BIDDER understands that the new instruments shall be connected to the existing DCS System and marshalling cabinets in existing SS-03 instead of new DCS System and marshalling cabinets in SS-05.
 5312-40-A1-0211 - P&ID LIQUID SULPHUR STORAGE TANK 54140-TK-4002
 5312-40-A1-0216 - P&ID SULPHUR HANDLING FACILITIES EXI. SULPHUR STO. AND TRANSFER SYSTEM
 5312-40-A1-0220 - P&ID LIQUID SULPHUR TRANSFER PUMPS 54140-P-4003 A/S

COMPANY to confirm BIDDER understanding.",The P&IDs listed in column 'G' to the left are for existing tanks. Any new instruments installed on these existing tanks shall be wired to the existing DCS cabinets in SS-03. The new substation SS-05 ITR is for new facilities and equipment.,TB20,NOT APPLICABLE,Confirmed,CONFIRMED,,
344,2,,"9



18.2



10.15.1
10.14.1



PDF page 120 of 192","SPARING PHILOSOPHY



Spareage



Installed I/O and Cabinet Space




Offered Spare Capacity","a) DB-5312-00-IN-001 Rev.1 Instrument Design Basis



b) 5312-ADD-SP-04-001 Rev.0 Process Control Specification Addendum to AGES


c) 5312-ADD-SP-04-004 Rev.0 ESD Specification Addendum to AGES
d) 5312-ADD-SP-04-003 Rev.0 F&G Specification Addendum to AGES


e) RP-5312-00-IN-002 Rev.0 Adequacy Study Report DCS ESD






",Process Control and Automation,"a) ""The below spare requirements shall be maintained after the completion of Site Acceptance Test of individual system/Equipment.
30% space for future expansion in control system cabinets 20% installed and pre-wired I/O spares of each I/O type shall be provided.""
b) ""The PCS shall be delivered with an installed spareage of 20% for each type of input and output and associated support hardware and adequate space within the cabinets to allow for installation of an additional 15% inputs and outputs and any additional support hardware. This spareage This spareage shall be utilised to accommodate additions due to design development after the delivery of the system. Additional I/O shall be added as required by the Design Update Packages to maintain the 15% installed spareage target............Minimum 30% spare space shall be provided for future use""
c) ""Each Marshalling and System cabinet shall be provided with 20% installed and wired spare for each type of I/O card. Each I/O card shall have at least 20% spare I/O channels available. The installed 20% spare shall include all associated terminations, terminal block, cable ducts, trays Field cable spare cores shall be terminated on terminal blocks.In addition to wired spares there shall be an average 20% empty space inside cabinets for future use.""
d) ""The following spare has been taken into account in our calculations: 
• Engineering Growth   10% 
• Spare installed I/O  20%  
• Cabinet Spare space 20%""
In view of above points, COMPANY to confirm BIDDER's understanding for spares as below.
i) For DCS System, 20% installed and pre-wired I/O spares of each I/O type shall be provided. 20% space for future expansion in control system cabinets. Moreover, 10% I/O shall be considered as Engineering Growth as per INPUT OUTPUT LIST (5312-10-A3-7040, 5312-30-A3-7040, 5312-40-A3-7040) and same can be consumed during detail engineering of EPC phase. 
ii) For ESD System,  20% installed and pre-wired I/O spares of each I/O type shall be provided. 20% space for future expansion in control system cabinets. Moreover, 10% I/O shall be considered as Engineering Growth as per INPUT OUTPUT LIST (5312-10-A3-7040, 5312-30-A3-7040, 5312-40-A3-7040) and same can be consumed during detail engineering of EPC phase. Pre-wired I/O spare shall be met in overall spare of 20%.
iii)  For F&G System, 20% installed and pre-wired I/O spares of each I/O type shall be provided. 20% space for future expansion in control system cabinets. Moreover, 10% I/O shall be considered as Engineering Growth as per INPUT OUTPUT LIST (5312-10-A3-7040, 5312-30-A3-7040, 5312-40-A3-7040) and same can be consumed during detail engineering of EPC phase. Pre-wired I/O spare shall be met in overall spare of 20%.",Bidder's understanding for requirement of spares in control system is correct,TB20,Applicable to RSHT-2,Confirmed,CONFIRMED,,
345,3,,"PDF page 5 of 22
PDF sheet 4 of 10
PDF page 4 & 5 of 15
7
2.5
B.4
PDF page 1 of 3","I/O SUMMARY OF NEW FGS CABINET

Control System
Amendments to Section 10- TECHNICAL REQUIREMENTS
addendum to the F&G system specificationsSr. No. 5","a) 5312-10-A3-7041 Rev.0 Input Output List FGS (Unit-10)
    5312-30-A3-7041 Rev.0 Input Output List FGS (Unit-30)
    5312-40-A3-7041 Rev.0 Input Output List FGS (Unit-40)
b) DB-5312-00-ME-003 HVAC Design Basis
c) 5312-ADD-SP-04-003 Rev.0 F&G Specification Addendum to AGES
d) ADDENDUM TO ANNEXURE 3 , SCOPE OF WORK 
e) ATTACHMENT -1 to TENDER BULLETIN 008",Process Control and Automation,"a) As per Input Output List of FGS for Unit-10,30 and 40,  FGS I/Os inside building are considered to new FGS cabinets inside respective buildings (Substation-05 & Substation-04
b) ""All gas detectors located inside HVAC room/Air intake duct shall be directly connected to plant F&G system. In case of confirmed gas detection, F&G system will initiate a trip Hardwired command to HVAC control panel to trip the HVAC air intakes/close the dampers (HVAC Control panel will take action). ""
c) ""Add: F&G detectors in field shall be connected to plant F&G. Process building F&G detectors shall be connected to plant F&G system and non-process buildings detectors shall be connected to FACP. ""
d) ""The existing FAS system to be extended to new SS-05 and new Operations buildings. All the new F&G detectors inside new buildings shall be wired to new FAS panels in the buildings."" 
e) As per COMPANY reply  to Sr. no.5   -  ""Building F&G I/Os in SS-04 are wired to PLC-05 which is connected to local FACP panel""
COMPANY to clarify the following points:
1) Kindly clarify if the Fire & Gas I/O's of Building i.e. SS#05 & Operator Shelter needs to be wired to FGS system (30-FS-670) in SS#05 as per FEED IO count or it shall be wired to SS#05 Building FACP.
2) Also please clarify if the Fire & Gas I/O's of Operation Building needs to be wired to FGS system (30-FS-671) in SS#04 as per FEED IO count or it shall be wired to SS#04 PLC-05."," Fire & Gas detectors inside the following buildings shall be connected to their respective FACP (FAS) panels. 1.SS-05
2. Operations building
3. Operator Shelter",TB20,APPLICABLE,"Partially Applicable to RSHT-2
NEw substation is replacing Substation-5.",CONFIRMED,,
346,4,,"10.2
10.4.2
10.2.1
10.4.2
","Scope of Supply of new System and Marshalling Cabinets (New ITR-05 AT SS05)
General Requirement
Panel Design
Scope of Supply at New ITR-05 at SS05
General Requirement
Panel Design","a) RP-5312-00-IN-011 Rev.0 DCS Supply and Modification SOW

b) RP-5312-00-IN-010 Rev.0 ESD and F&G Supply and Modification SOW



",Process Control and Automation,"a) As per Table 10.2.1 Combined DCS System and Marshalling Cabinets are considered.
""The design of the ICSS cabinets shall be in accordance with the Specification for Marshalling cabinets DGS-1511-052.""
b) As per Table 10.2.1 Combined ESD System and Marshalling Cabinets are considered. Combined F&G System and Marshalling are considered.
""The design of the ICSS cabinets shall be in accordance with the Specification for Marshalling cabinets DGS-1511-052.""
Unquote
COMPANY to note that Specification for Marshalling cabinets DGS-1511-052 as indicated in clause 10.4.2 is not available in the ITB, however BIDDER understand that combined System and Marshalling Cabinet as mentioned in table 10.21 is acceptable. COMPANY to confirm.",DGS-1511-052 attached with TB ,TB20,NOT APPLICABLE,Confirmed,CONFIRMED,,
347,5,,Sheet 007,CONSOLIDATED TOTAL I/O SUMMARY FOR EXISTING  SYSTEM CABINETS FOR  5312 PROJECT,5312-10-A3-7040 INPUT OUTPUT LIST (DCS & ESD) - GRANULATED SULPHUR TRANSFER AND STORAGE (UNIT-10),Process Control and Automation,"As per Sheet 007 ""CONSOLIDATED TOTAL I/O SUMMARY FOR EXISTING  SYSTEM CABINETS FOR  5312 PROJECT""  total DCS  I/O count mentioned for Existing Area is 661.
However based on the FEED P&ID's & FEED I/O list, IO count for Existing Area DCS is 610. 
Bidder understand that DCS I/O count for Existing Area shall be considered as per I/O Summary i.e. 661. COMPANY to confirm.",Bidder to consider the I/O count as per the I/O summary as there may be interface and alarm signals which are not visible on P&IDs,TB20,NOT APPLICABLE,Confirmed,CONFIRMED,,
348,6,,COMPANY response to Point #17,"EXHIBIT-B.55-Rev.1 - Operation Assurance 
Requirements",Attachment-1 to Technical Bulletin 15,Process Control and Automation,"As per the COMPANY response related to OTS (Operator Training Simulator) , ""The scope is applied in case bidder decides to replace the existing control system as per Item b6 of Addendum to  Annexure 3, Scope of Works"".
With reference to COMPANY's response mentioned above, BIDDER understand that OTS is applicable to RSHT-1 if there is a new vendor for ICSS in SS#05 or if the entire system is replaced with a new vendor. However the purpose of OTS mentioned to train for DCS/ESD operations in such case would only a Demo node (1no. of Controller, 1no. of each type of IO card,1no. of  server, 1no. of OWS & EWS workstation) for DCS & ESD training.
COMPANY to clarify BIDDER.","Bidder's understanding is correct. OTS will only be required if the existing control system is replaced with a new one. In case OTS is required, Company specification for the same is applicable.",TB20,NOT APPLICABLE,Confirmed,CONFIRMED,,
349,7,,"
B.1



B11.2.15.8","Data Interface between HGD & 
RSHT-1 (OSBL interface report: R-CN0000-16-REP-0002)
PROPOSED INTERFACE WITH HAIL & GHASHA OPP CONTROL SYSTEM","Addendum to Annexure 3, Scope of Works



Exhibit B11",Process Control and Automation,"As per Exhibit B11.2.15.8 ""The RSHT-01 critical signals and ESD signals pertain to liquid receiving pipeline station shall be Exchanged with H&G OPP Control System.""

However as per Addendum to Annexure 3, Scope of Works Clause B.1, BIDDER understands that all signals, including critical & shutdown signals, between H&G OPP Control System in SS-05 and RSHT-1 Control System will be exchanged over Modbus TCP/IP Interface.",Bidder's understanding is correct. All the signals including critical and shutdown will be exchanged over Modbus TCP/IP interface as this is the only communication link between the two facilities,TB20,Applicable to RSHT-2,Confirmed,CONFIRMED,,
350,8,,COMPANY response to Point #1,N/A,Attachment 1 to Technical Bulletin 18,Process Control and Automation,"As per document  Doc.n DGS-0000-022 Optimization and Basic Studies provided by COMPANY in response to BIDDER query, page 4 of 13, it is mentioned that ""Typical examples of Optimization or Basic Studies include, but are not limited to
 - Advance Process Control feasibility/benefit studies
 - Control System Hierarchy Studies.""

BIDDER understands that the above mentioned studies are in general & same are not applicable to RSHT-1 due to following reasons:
  - APC is not included in DCS Scope of work document. Hence Advance Process Control feasibility/benefit studies is not applicable. Typically this study is done post commissioning and stabilization of the plant.
  - BIDDER is following 5312-00-A3-7023 Overall ICSS architecture which already indicates the different levels of Control network. Hence Control System Hierarchy Studies is not applicable.

COMPANY is requested  to confirm BIDDER's understanding.",Bidder's understanding is correct in both cases,TB20,Applicable to RSHT-2,Confirmed,CONFIRMED,,
351,9,,"
2.4

","Amendments to Section 10‐ TECHNICAL REQUIREMENTS
","5312-ADD-SP-04-004 Rev.0 ESD Specification Addendum to AGES

",Process Control and Automation,"a) BIDDER assumes that all the requirement's mentioned in the Clause 2.4 of the referenced document (5312-ADD-SP-04-004) would have been evaluated & considered in the relevant FEED documents like P&ID & I/O Summary by FEED Contractor & hence BIDDER shall follow FEED P&id's and I/O Summary for the Control system sizing & design. COMPANY to confirm BIDDER understanding.

b) As per Clause 2.4.4.3 of 5312-ADD-SP-04-004, ""Granulation units Emergency Shutdown (ESD) Logic shall be implemented in the DCS for proper operation. All ESD actuating devices shall be hard wired to the DCS. By inserting normally closed contacts in DCS control output of each motor and valve, opening the contact ESD device will immediately place equipment in a ""safe"" condition by stopping motors, opening/closing automatic valves, etc. 
The ESD devices include: 
- ESD Pushbuttons.  Buttons are found in the control room and at convenient locations in the plant. 
- Conveyor Emergency Pull Cords.  A pull cable and safety switch are found on both sides of each belt conveyor along its length. ""

However as per FEED P&ID, Index & I/O list, the ESD pushbuttons are not shown. Hence BIDDER has not considered the same. 
Also as per FEED P&ID, Index & I/O list, the Emergency pull cords on new conveyor's are connected to ESD and Hence BIDDER shall consider the same connected to ESD instead of DCS as indicated in 5312-ADD-SP-04-004. ","a. Bidder's assumption is correct. However, FEED verification involves making sure that the design deliverables strictly follow Company specifications and any addendums to the same.
b. Since both BPCS and ESD systems reside in the same platform (Emerson Delta-V), it is commonly referred to as 'DCS'. Also, package controls are residing in the same control system i.e. DCS.",TB20,NOT APPLICABLE,Confirmed,CONFIRMED,,
352,10,,2.5,Amendments to Section 10‐ TECHNICAL REQUIREMENTS,5312-ADD-SP-04-003 Rev.0 F&G Specification Addendum to AGES,Process Control and Automation,"BIDDER assumes that all the requirement's mentioned in the Clause 2.5 of the referenced document (5312-ADD-SP-04-003) would have been  evaluated & considered in the relevant FEED documents like I/O List & I/O Summary by FEED Contractor & hence BIDDER shall follow I/O list and I/O Summary for the FGS system sizing & design. COMPANY to confirm BIDDER understanding.
","a. Bidder's assumption is correct. However, FEED verification involves making sure that the design deliverables strictly follow Company specifications and any addendums to the same.",TB20,NOT APPLICABLE,Confirmed,CONFIRMED,,
353,11,,B.11.2.15.6 ,SCOPE OF WORK - GENERAL ,EXHIBIT - B.11 ,Process Control and Automation,"As per Exhibit B11 ""The CONTRACTOR shall provide complete design and as-built documentation for all instrumentation and control systems and shall be responsible for updating to as-built status all key system vendors’ and COMPANY’s existing documents and drawings affected by the PROJECT.""

BIDDER understands that updations of As-built drawing for Existing system's documents/drawings shall be done only if native files for drawings and documents are available. In case native file is not available then BIDDER shall mark-up on existing system’s drawing & submit the mark-up drawing to COMPANY as part of As-built documentation.",Bidder's understanding is correct,TB20,NOT APPLICABLE,Confirmed,CONFIRMED,,
354,12,,N/a,N/a,5312-00-A0-6001_0 KEY SINGLE LINE DIAGRAM SUBSTATION-5.,ELECTRICAL,Please confirm that 11kV Power incoming cable from Substation-2 and relevant Cable Routing/Cable trench is in Contractor's scope.,Bidder's understanding is correct,TB20,NOT APPLICABLE,Confirmed,CONFIRMED,,
355,13,,N/a,N/a,5312-00-A0-6001_0 KEY SINGLE LINE DIAGRAM,ELECTRICAL,Please confirm that 54000-TML-4004 transfomer relevant to Existing stacker reclaimer shall be retained and the relevant new feeding power cable/new Cable trench is in contractor's scope.,Bidder's understanding is correct,TB20,NOT APPLICABLE,Confirmed,CONFIRMED,,
356,14,,N/a,N/a,RP-5312-00-EL-001_0 Site Visit Report - Electrical,ELECTRICAL,"As per Appendix-2 Key Single Line Diagram mark-up, Contractor's intend that spare feeders in Existing 11kV Switchgear, A9 and A10, shall be used to power supply 11kV Switchboard at new Substation-5 and no addittional new 11kV Switchboard vertical section shall be provided at Substation-2. Company to confirm.","Bidder to note that A10 is incorrectly mentioned. It is B10. 
A9 & B10 is reserved for feeding new substation # 5. refer overall key SLD 5312-00-A0-6021",TB20,NOT APPLICABLE,Confirmed,CONFIRMED,,
357,15,,N/a,N/a,RP-5312-00-EL-0024 ELECTRICAL DEMOLITION REPORT -  Par. 3.3 Substation-3,ELECTRICAL,Please confirm that 5330-PFC-301A&B Capacitor Panels shall be demolished and removed only. The mentioned panels shall not be replaced in Substation-3. Company to confirm. ,Bidder's understanding is correct,TB20,NOT APPLICABLE,Confirmed,CONFIRMED,,
358,16,,N/a,N/a,"Electrical Delomition Layout: 5312-00-A1-6064, 5312-10-A1-6075, 5312-10-A1-6076, 5312-10-A1-6077, 5312-20-A1-6033, 5312-30-A1-6099, 5312-30-A1-6100, 5312-30-A1-6101, 5312-30-A1-6104",ELECTRICAL,"In reference to Electrical Delomition Layouts, Please clarify in which documents are listed the quantities of Lighting Fixtures, Convenience Outlets, Lighting & Power distribution Panels, LCS, Earthing Cables, Cable trays, Power Cables etc.. to be demolished/removed.",Demolition of bulk material is not listed. It shall be reviewed during EPC phase.,TB20,NOT APPLICABLE,Confirmed,CONFIRMED,,
359,17,,N/a,N/a, Electrical Bulk Mto RP-5312-00-EL-022,ELECTRICAL,"In reference to Electrical Bulk Mto RP-5312-00-EL-022, please confirm that the Mto is relevant to the new bulk material to be included in Contractor's scope of work. No materials to be demolished is included in the mentioned Mto.",Bidder's understanding is correct. Bulk material listed in the mentioned document is relevant to new material only. No demolished material is part of this document.,TB20,NOT APPLICABLE,Confirmed,CONFIRMED,,
360,18,,N/a,N/a,ELECTRICAL EQUIPMENT LAYOUT SUBSTATION-1 5312-00-A1-6035_1 and ELECTRICAL EQUIPMENT LAYOUT SUBSTATION-1 (DEMOLITION) 5312-00-A1-6059. ,ELECTRICAL,Contractor understand that all cables between the new switchgears and others Panels/loads within Substation shall be replaced and all cables relevant to Field loads shall be retained and joint provided in case of short lenght. Company to confirm.,confirmed,TB20,NOT APPLICABLE,Confirmed,CONFIRMED,,
361,19,,ADR003-Asset Integrity ,N/a,Annexure 12 - HSE requirement ,Design HSE,"With reference to instruction included in ADR003, Bidder asks Company to provide copy of AGAI-STD-0002 and AGAI-GDL-0029, GP&E-GAIPS/STD-07","Noted 
See Attachemnt # 2",TB20,APPLICABLE,"Partially Applicable to RSHT-2
AGAI-STD-0002 and AGAI-GDL-0029 is missing","NOT ACCEPTABLE
All attachments were provided during Bidding.
WISON HAS TO RAISE NEED LIST FOR ANY MISSING DOCUMENT",Accepted,
362,20,,8 - Conclusion and recommentations,N/a,Annexure 12 - HSE requirement  - RP-5312-00-SA-009,Design HSE,"Reference is made to the below listed conclusion of hydraulinc calculation of fire water system in paragraph 8 of RP-5312-00-SA-009:

""The following shall be ensured during EPC phase of project 
• EPC contractor shall carry out Pump performance test with the collaboration of Operation team.
• EPC contractor shall carry out pressure test at remotest point.
• If Performance Test / Pressure Test fails, the corrective actions to be taken by EPC Contractor""

Bidder understanding is that has to perform test and engineering corrective actions only. Bidder has not the responsabilty for any schedule and cost impact for implemetation of recommendation coming from performace made for existing equipment that are out of its scope of work. COMPANY to kindly confirm or clarify the point.","Noted. However, Bidder shall consider all the outcome from the performance test in the design / FW hydraulics and accordingly implement the design changes. Existing Equipment implication is not part of Bidder scope.",TB20,Applicable to RSHT-2,Confirmed,CONFIRMED,,
363,21,,Section 6,Scenario – 17 (FZ-16),RP-5312-00-SA-008 (FIRE WATER DEMAND CALCULATION) ,Design HSE,"With reference to FEED document 'RP-5312-00-SA-008' total length i.e. 562m of Reclaim / Sulphur Stockout Conveyor (5210-CV-1002) is considered for fire water demand calculation.

Bidder proposes fire water water demand calculation for Reclaim / Sulphur Stockout Conveyor (5210-CV-1002) i.e. Scenario - 17 (FZ-16) to be performed as- 
[single fire zone of 45 m length (which is on fire) and adjacent fire zones each of 45 m + water demand for first segment of downstream conveyor (10-CV-0007) + 2 hydrants]

Company to confirm bidders understanding for fire water demand calculation for Reclaim / Sulphur Stockout Conveyor (5210-CV-1002) i.e. Scenario - 17 (FZ-16).",Bidder shall follow FEED Philosophy for FW demand report and any proposed change shall be discussed and agreed during execution Phase. ,TB20,NOT APPLICABLE,Confirmed,CONFIRMED,,
364,22,,Section 8 ,"Piping Class Index (Used in the Project)
Piping Class 18100",5312-ADD-1300-010 (Addendum to DGS 1300-010 PIPING SYSTEMS (PIPING CLASSES),Design HSE,"With reference to FEED document 5312-ADD-1300-010 (Addendum to DGS 1300-010 PIPING SYSTEMS (PIPING CLASSES), material defined is as : 
NPS 0.5” – 2” Galv. CS
NPS 3” and above CS + FBE & Fluid Code FW (AG)
and further details are referred in 52HG Piping Class 52HG. 
Piping Class 52HG defines sizes as 0.75"" - 16"" with CS + PE Coated for Fluid Code FW (UG). while in paragraph 10.16 of same document GPE pipe is requested for UG FW.
Company kindly clarify the type of pipes to be used for AG and UG FW pipes.","In general,  the fire water piping shall be Carbon Steel (FBE coated) for above ground and GRE for underground as per paragraph 10.16 of the referenced document..

Bidder shall refer to piping class index, section 8 of the document for FW Piping. Class 17100 shall be  for  U/G FW piping & 18100 for A/G.
Bidder shall also refer to p&id 5312-40-A1-9020 for  understanding the interface between U/G and A/G FW piping material.

Discrepancey in the documents, if any, shall be corrected during detailed engineering by EPC Contractor. 

",TB20,Applicable to RSHT-2 for Fire water piping. However piping classes shall be as per AGES ,Confirmed,CONFIRMED,,
365,23,,Section 2.4.2,SIL review,"5312-ADD-SP-04-004_0 - EMERGENCY SHUTDOWN (SIS) SYSTEM 
SPECIFICATION",Design HSE,"Reference is made to below requirement included in sectrion 2.4.2 of 5312-ADD-SP-04-004:
- In accordance with SHELL DEPs 32.80.10.10-GEN or as required by COMPANY. 
- Use SHELL Software SIFPro (V 2.4) or latest software as agreed by COMPANY. 

Bidder request Company to confirm that such requirement to use DEP SHELL have been applied to FEED but cannot be applied to EPC since ADNOC request to apply HSE-RM-ST05 - Safety Integrity Levels (SIL). Please confirm.
EPC SIL review will be held by usinng ExSILentia software, since SIFPro is propetary software of Shell. Please confirm","Bidder to note that FEED is carriedout using SIFPro, the same to be considered for update during EPC.",TB20,Applicable to RSHT-2,Confirmed,CONFIRMED,,
366,24,,"paragraph 5.1
paragraph 5.4, table
",Material Handling Systems,"MR-5312-10-ME-003_0
DB-5312-10-ME-002_0 
5312-00-A1-0500_2
5312-10-A1-0275
5312-10-A1-0004_0 
",PACKAGES,"Checking the referenced documentation, it seems that there are contraddiction. For that reason, we kindly ask COMPANY to clarify which systems have to be revamped. Moreover, we kindly ask COMPANY to clarify where the de-dusting system is  required. Here below a tablea file summarizing the understanding, please confirm or make comments if understanding is wrong.


","Bidder understanding is not complete. Bidder shall read the reply here in conjunction with previous TBs.

a.  10-ME-005 is new biocide package (refer query 3 of TB 6) and not dust control system. Refer to plot plan for location.
b.  There are 3 number of Dust suppression packages. Refer to point 6 to TB-7, & point 10 of TB06. 
c.  There are 2 number of Dust extraction packages  as per RFT Package.
There is new Dust control package at TT2 (54110-ME -4011). 
 TT3 (54110-ME -4010 is retained. There is no revamp/refurbishment unless mentioned in Mechanical documents.

Locations are provided in PFDs. Bidder is advised to plot plan for better understanding.",TB20,NOT APPLICABLE,Confirmed,CONFIRMED,,
367,25,,N/a,Note 13,DS-5312-10-DC-1001_0,PACKAGES,"It is required to limit water content at 0.5% after dust suppression but as per DB-5312-00-PR-001_0  water content already at 0.5% at the outlet of granulators. Moreover as per par. 5.5 of the DB-5312-00-PR-001_0 : ""Notes: 
1 Moisture content in the granules is an important consideration at various functional areas of the SFPs and at the export terminal. Maximum 0.5% water content shall be maintained at the outlet of granulators. Water content shall not exceed by 1 wt% at ship loading. 
Limiting water addition to the required levels to control dust and to apply a foam type dust suppression agent will govern the maximum amount (1%) of moisture.""  
1% moisture content after dust abatement systems chain will be considered, not 0.5% as per data sheet DS-5312-10-DC-1001_0 in contradiction with note 18 of the same data sheet as well, please confirm.",confirmed,TB20,APPLICABLE,"Partially Applicable to RSHT-2

It is required to limit water content at 0.5% 0.35%after dust suppression based on COMPANY response to ""RI-5312-4000-ME-0003_1_Company Responsef""",noted,,
368,26,,N/a,Note 13,DS-5312-10-DC-1001_0,PACKAGES,"Sudic is mentioned for product friability, this make no sense for dust abatement system. The requirement will be not considered for dust abatement system.","Friability of Sulphur product should not get impacted and Sulphur granules agglomeration should not happen with the selected Foam based dust suppression chemical.
BIDDER to comply COMPANY requirements.",TB20,Applicable to RSHT-2,Confirmed,CONFIRMED,,
369,27,,N/a,Note 13,DS-5312-10-DC-1001_0,PACKAGES,Hazardous area for zone 21/22. As per 5312-00-A1-9004_0 dust abatement systems are not installed in classified area so zone 22 will be considered for electrical part as per paragraph 7.3 of HSE-GA-ST07_V1 HSE Design Philosophy. Please confirm.,"The minimum area classification Zone 22 requirement within process area is for any  equipment outside the classified Zone 21/22. However, this requirement is not for the equipment handling the Sulphur dust and Zone 21 to be followed. Refer FEED Phase HAC schedule (RP-5312-00-SA-005) for more details.",TB20,NOT APPLICABLE,Confirmed,CONFIRMED,,
370,28,,N/a,Note 13,DS-5312-10-DC-1001_0,PACKAGES,"""Control/suppression of Air borne sulphur dust emissions to target values (as provided in Table-A below) measured through air sampling after implementation of suppression system."" The table is not present or it refer to note 14?
Note 14: ""Limit of Sulphur Dust in Air -Target Values (location wise)
Stacking Operation (Stores) : 2mg/m3
Reclaiming Operation (Stores) : 2mg/m3
Transfer Towers : <50mg/m3
Ship loading Operations : 2mg/m3""
This shall not be a requirement for dust abatement system but a general requirement for design basis because also dust collection systems works in parallel. Moreover is not specified where the values to be considered, e.g.: for reclaiming operation close to the reclaiming belt probably is impossible to respect the value required.
Last but note least as per DB-5312-10-ME-002_0 'design basis dust suppression system"", paragraph 5.3, table 5.2 is required a dust level target of 2mg/m³ but is not specified where this measurement is done, please clarify.",DS Requirements is confirmed by company,TB20,Applicable to RSHT-2,Confirmed,CONFIRMED,,
371,29,,N/a,"Eqiup Nos.:
40-EA-101
(Air Cooler), 
54140-E-4007 (Desuperheater)","RP-5312-00-PR-002 - Equipment List


",STATIC EQUIPMENT,"In remarks column of equipment list against Equip. No. 40-EA-101 (Air Cooler) and 54140-E-4007 (Desuperheater), it is mentioned as ""Existing"".

Bidder understand that these items shall be considered as ""Existing (No Change)"". COMPANY is requested to confirm. 

Incase any refurbishment or relocation is required, COMPANY is requested to provide the existing Vendor drawings of the same.",Basic information is available in the P&ID/ PFD/EQUIPMENT LIST/ PIPING Demolition drawings for the quotation purpose.Existing dwgs shall be made available to the successful bider during EPC Phase. ,TB20,NOT APPLICABLE,Confirmed,CONFIRMED,,
372,30,,N/a,"Eqiup Nos.:
54140-EA-4007 
(Fin Fan Condenser),
",RP-5312-00-PR-002 - Equipment List,STATIC EQUIPMENT,"In remarks column of equipment list against Equip. No. 54140-EA-4007 (Fin Fan Condenser), it is mentioned as ""Existing (Relocated to new granulation area along with
associated fin fans & motors)"". COMPANY is requested to provide the existing Vendor drawings of the same.",Basic information is available in the P&ID/ PFD/EQUIPMENT LIST/ PIPING Demolition drawings for the quotation purpose.Existing dwgs shall be made available to the successful bider during EPC Phase. ,TB20,NOT APPLICABLE,Confirmed,CONFIRMED,,
373,31,,N/a,"Eqiup Nos.:
54140-V-4007 (Condensate Recovery Vessel)",RP-5312-00-PR-002 - Equipment List,STATIC EQUIPMENT,"In remarks column of equipment list against Equip. No. 54140-V-4007 (Condensate Recovery Vessel), it is mentioned as ""Existing (Relocated to new granulation area)"". COMPANY is requested to provide the existing Vendor drawings of the same.",Basic information is available in the P&ID/ PFD/EQUIPMENT LIST/ PIPING Demolition drawings for the quotation purpose.Existing dwgs shall be made available to the successful bider during EPC Phase. ,TB20,NOT APPLICABLE,Confirmed,CONFIRMED,,
374,32,,N/a,"Eqiup Nos.:
54140-TK-4002 
(Liquid Sulphur Storage Tank)
40-TK-101
(Liquid Sulphur Storage Tank)",RP-5312-00-PR-002 - Equipment List,STATIC EQUIPMENT,"In remarks column of equipment list against Equip. No. 54140-TK-4002 (Liquid Sulphur Storage Tank), 40-TK-101
(Liquid Sulphur Storage Tank), it is mentioned as ""Existing Refurbished"". COMPANY is requested to provide the existing Vendor drawings of the same.",Basic information is available in the P&ID/ PFD/EQUIPMENT LIST/ PIPING Demolition drawings for the quotation purpose.Existing dwgs shall be made available to the successful bider during EPC Phase. ,TB20,NOT APPLICABLE,Confirmed,CONFIRMED,,
375,33,,Para 4.5 - Liquid Sulphur Storage Tanks of  RP-5312-00-ME-005,"Existing tank (40-TK-102 and 5240-TK-1001/ 1002) to be demolished as part of this project because 
of its ageing issues.","RP-5312-00-PR-002 - Equipment List

RP-5312-00-ME-005 - Site Visit Report - Mechanical
",STATIC EQUIPMENT,COMPANY is requested to provide the existing Vendor drawings of the 40-TK-102 and 5240-TK-1001/ 1002,Basic information is available in the P&ID/ PFD/EQUIPMENT LIST/ PIPING Demolition drawings for the quotation purpose.Existing dwgs shall be made available to the successful bider during EPC Phase. ,TB20,NOT APPLICABLE,Confirmed,CONFIRMED,,
376,34,,N/a,"Eqiup Nos.:
5340-V-1001 A/B 
(Air Compressor - Adsorber),
5340-V-1002
(N2 Buffer Vessel),
5340-V-1003
(N2 Storage Vessel),
5340-D-1002
(Air Dryer),
54130-E-4001
(Sulphur Cooler)
54130-EA-4032
(Tempered Water Air Cooler)
54130-E-4033
(Tempered Water Heater)
54130-V-4031
(Tempered Water Expansion Drum)",RP-5312-00-PR-002 - Equipment List,STATIC EQUIPMENT,"As per Equipement List, following static eqiupment are required to be demolished

5340-V-1001 A/B (Air Compressor - Adsorber)
5340-V-1002 (N2 Buffer Vessel)
5340-V-1003 (N2 Storage Vessel)
5340-D-1002 (Air Dryer)
54130-E-4001 (Sulphur Cooler)
54130-EA-4032 (Tempered Water Air Cooler)
54130-E-4033 (Tempered Water Heater)
54130-V-4031 (Tempered Water Expansion Drum)

COMPANY is requested to provide the existing Vendor drawings of the same.",Basic information is available in the P&ID/ PFD/EQUIPMENT LIST/ PIPING Demolition drawings for the quotation purpose.Existing dwgs shall be made available to the successful bider during EPC Phase. ,TB20,NOT APPLICABLE,Confirmed,CONFIRMED,,
377,35,,N/a,Filter Type,"DS-5312-30-F-0001 - Mechanical Data Sheet for Sulphur Filters (30-F-0001A/S/
0002A/S / 0003A/S / 0004A/S)",STATIC EQUIPMENT,"In Mechanical Datasheet of Liquid Sulphur Filters (30-F-0001A/S/ 0002A/S / 0003A/S / 0004A/S), Filter type is mentioned as ""Wedge wire basket with self cleaning"". Also, in note P3, it is mentioned as Cleaning of the filter basket shall be done by steam while they are hot otherwise the contaminants will freeze to the metal making it harder to clean.
Bidder understand that the type of filter is simple basket filter with cleaning done by providing steam throug nozzle ""U1"" shown in filter data sheet and the filter is not motor driven.

COMPANY is requested to confirm Bidder's understanding.",Bidder understanding is correct that filter is not motor driven and its cleaning will be done by steam.,TB20,Applicable to RSHT-2,Confirmed,CONFIRMED,,
378,36,,N/a,Rain Sealant at Ext. Bottom to Foundation,DS-5312-40-TK-0001 - Mechanical Datasheet for Liquid Sulphur Storage Tanks (40-TK-0001/0002/0003 ),STATIC EQUIPMENT,"Following requirement is mentioned in Mechanical Datasheet
Drip Ring + DANSO MASTIC corrosion protection + 
Impregnated Bituminuos Fiber board b.w top of foundation 
and annular plate

Considering that the tanks shall be mechanically anchored and provided with grouting, COMPANY is requested to clarify the requirement of Impregnated Bituminuous Fiber Board b.w. top of foundation and annular plate.","Bidder to comply datasheet requirements. Purpose of  Impregnated Bituminuous Fiber Board is to prevent gravel, sand, moisture etc ingress underneath the tank bottom.",TB20,Applicable to RSHT-2,Confirmed,CONFIRMED,,
379,37,,"B.7.1.5 - 24

Process Datasheet for Equipment and (including specifications as applicable eg., 
for package items)",N/a,"EXHIBIT - B.07 (PRELIMINARY SCHEDULE OF CONTRACTUAL 
DELIVERABLES)",PROCESS ENGINEERING,"Bidder has not received any Process Datasheet for Equipment and (including specifications as applicable eg., 
for package items) via FEED. 

Bidder understands that, Bidder's scope during detail engineering will be limited to MDS review and comments for PROCESS related data. No Process Datasheets will be produced. Kindly confirm.","BIDDER's Understanding is not correct, BIDDER shall develop all the required detailed process datasheets during EPC phase. Refer Exhibit B.11.2.2 Process Engineering.",TB20,Applicable to RSHT-2,Confirmed,CONFIRMED,,
380,38,,"B.7.1.5 - 25

Process Datasheet for Instruments",N/a,"EXHIBIT - B.07 (PRELIMINARY SCHEDULE OF CONTRACTUAL 
DELIVERABLES)",PROCESS ENGINEERING,"Bidder has not received any Process Datasheet for Instruments via FEED. 

Bidder understands that, Bidder's scope during detail engineering will be limited to Instrument datsheets review and comments for PROCESS related data. No Process Datasheets for Instruments will be produced. Kindly confirm.","BIDDER's Understanding is not correct, BIDDER shall develop all the required detailed process datasheets during EPC phase. Refer Exhibit B.11.2.2 Process Engineering.",TB20,Applicable to RSHT-2,Confirmed,CONFIRMED,,
381,39,," B.11.2.2

Hydraulic calculation of new 6"" process water pipeline",N/a,EXIBIT - B.11,PROCESS ENGINEERING,"As per clause   B.11.2.2, page no.20 , the new 6"" process water line runs 2 km inside  GUP & outside piping coridor. 

Bidder understanding is new 6"" process water line runs 2 km from client B/L to RSHT-1- B/L and  provides 2.5 barg pressure at RSHT-1- plant B/L. 
From 2.5 barg pressure at RSHT-1 plant B/L  to TK -101 (atm) pipe length will be 26 m as per haydralic calculation report page no. 66.

If the pressure 2.5 barg is at clinet B/L then 6"" line is not sufficient for 100 m3/hr and 2 km pipe length.

Kindly confirm bidder's understanding about pipe length and available pressures.","BIDDER to refer Exihibit B.11.2.2, pressure of 2.5 barg  is at RSHT-1 Plant Battery limit. The ISBL piping length from RHST-1 Plant B/L to Tank shall be revisited by BIDDER during the EPC stage for the hydraulic calculations as per the lay out.",TB20,NOT APPLICABLE,Confirmed,CONFIRMED,,
382,40,,TIP-421,N/a,RP-5312-00-PR-020,PROCESS ENGINEERING,"Bidder understand that existing potable water line has been deomolished and new line 3""-40-DW-5001-17100-N is taped from new header from potable water pump. Hence this tie point is not applicable.",BIDDER Understanding is not correct. The tie-in point for demolision is applicable with the consideration of Flanged connection / isolation. BIDDER to comply with project requirements.,TB20,NOT APPLICABLE,Confirmed,CONFIRMED,,
383,41,,TIP-384,N/a,RP-5312-00-PR-020,PROCESS ENGINEERING,Bidder understand that Conveyors and its associated dust collection system has been demolished. Hence this tie in point is not applicable.,BIDDER Understanding is not correct. The tie-in point for demolision is applicable with the consideration of Flanged connection / isolation. BIDDER to comply with project requirements.,TB20,NOT APPLICABLE,Confirmed,CONFIRMED,,
384,42,,TIP-420,N/a,RP-5312-00-PR-020,PROCESS ENGINEERING,Bidder understand that Conveyors and its associated dust collection system has been demolished. Hence this tie in point is not applicable.,BIDDER Understanding is not correct. The tie-in point for demolision is applicable with the consideration of Flanged connection / isolation. BIDDER to comply with project requirements.,TB20,NOT APPLICABLE,Confirmed,CONFIRMED,,
385,43,,TIP-050,N/a,RP-5312-00-PR-020,PROCESS ENGINEERING,"As per P&ID new line 4""x3""- 30-SU-5325-11023-W has been tapped from sulphur remelter 6"" nozzle before reducer, And in Tie in point list tie in size is mentioned as 4""x3"".
Hence bidder understand thar tie in point size should be 8""x6"". Kindly confirm. ","COMPANY Confirms BIDDER's understanding is correct, However BIDDER shall confirm the tie-in requirements during the EPC stage based on the Equipment datasheet and as built status.",TB20,NOT APPLICABLE,Confirmed,CONFIRMED,,
386,44,,"TIP-030, 031, 032, 033",N/a,RP-5312-00-PR-020,PROCESS ENGINEERING,"Bidder understand that P&ID 5312-40-A1-0117-DEM is demolished, hence tie point is not applicable.",BIDDER Understanding is not correct. The tie-in point for demolision is applicable with the consideration of Flanged connection / isolation. BIDDER to comply with project requirements.,TB20,NOT APPLICABLE,Confirmed,CONFIRMED,,
387,45,,TIP-271,N/a,RP-5312-00-PR-020,PROCESS ENGINEERING,The tie point mentioned in P&ID for given line is  Tie point no.TIP-269. and not tip 271. Bidder understand that tie in list to be corrected accordingly. Kindly confirm.,BIDDER shall update / amend the tie-in list / P&IDs during the executtion.,TB20,NOT APPLICABLE,Confirmed,CONFIRMED,,
388,46,,TIP-269,N/a,RP-5312-00-PR-020,PROCESS ENGINEERING,"Bidder understand that existing potable water line has been deomolished and new line 3""-40-DW-5001-17100-N is taped from new header from potable water pump. Hence this tie point is not applicable. ",BIDDER Understanding is not correct. The tie-in point for demolision is applicable with the consideration of Flanged connection / isolation. BIDDER to comply with project requirements.,TB20,NOT APPLICABLE,Confirmed,CONFIRMED,,
389,47,,TIP-267,N/a,RP-5312-00-PR-020,PROCESS ENGINEERING,"This tie point is not indicated in P&ID. Also Bidder understand that line 3""- 5240-PW-4508-61B-V is demolished, hence tie point is not applicable.",BIDDER Understanding is not correct. The tie-in point for demolision is applicable with the consideration of Flanged connection / isolation. BIDDER to comply with project requirements.,TB20,NOT APPLICABLE,Confirmed,CONFIRMED,,
390,48,,TIP-268,N/a,RP-5312-00-PR-020,PROCESS ENGINEERING,This tie point is not indicated in P&ID. Connecting P&ID is not available in ITB documents. Kindly provide the same.,"The Connecting P&ID from GUB will be shared to the successful BIDDER during execution,which need to be requested to COMAPNY through RFI / need list.",TB20,NOT APPLICABLE,Confirmed,CONFIRMED,,
391,49,,TIP-257,N/a,RP-5312-00-PR-020,PROCESS ENGINEERING,"TIP-256 is already available for new line 6""-40-LS-5001-11120-H on existing header 6""-40-LS-4006-21A-H Hence bidder understand that TIP 257 is duplication and this tie point is not applicable.","COMPANY Confirms BIDDER's understanding is correct, Tie-in Schedule can be updated /amended by the successful BIDDER during the execution.",TB20,NOT APPLICABLE,Confirmed,CONFIRMED,,
392,50,,TIP Nos. not present in Tie In List but present in P&ID.,N/a,RP-5312-00-PR-020,PROCESS ENGINEERING,Tie in points which are available in P&ID but not indicated in Tie in List. Bidder understands that these tie ins are valid and to be incorporated in tie in list during EPC.,"COMPANY Confirms BIDDER's understanding is correct, Tie-in Schedule can be updated /amended by the successful BIDDER during the execution.",TB20,NOT APPLICABLE,Confirmed,CONFIRMED,,
393,51,,Client response to Point no. 4 ,N/a,TB -018,PROCESS ENGINEERING,"Existing 4"" line mentioned by client from refinery to Sulphur pit is not found in P&ID.
New pipeline from ADNOC refining CFP is also not found in P&ID. 
Bidders assumes that the tie ins of these lines are in client scope and as both of these are existing line, hence it is out of RSHT-1 bidders scope.
Kindly confirm.
If it is in bidders scope  kinldy provide P&ID for the same. ","COMPANY confirms BIDDER's understanding is correct. 
",TB20,NOT APPLICABLE,Confirmed,CONFIRMED,,
394,52,,,N/a,"PFD 5312-40-A1-0001_0
PFD 5312-40-A1-0002_0",PROCESS ENGINEERING,"Following demolished lines and equipments shown in PFD but not found in P&ID.

1)  5330-F-1002 A/S and line from 54140-P-4001 
    A/S to 5330-F-1002 A/S.
2)  5330-F-4001 A/B/C and lines from 5240-P-1002 & 40-
     P-102 A/S to  54130-F-4001 A/B/C.
3) Inlet and outlet liquid sulphur lines to/from the tanks 5340-TK-1002, 5240-TK-1001 and 40-TK-102.
Bidder undertstands that the current configuration in the available FEED P&IDs, received through exhibit-C, is the final one, which is to be followed during EPC. Kindly confirm.
",COMPANY clarifies that the demolition P&IDs received through exihibit-C need to be revisited and updated during EPC complying with the project scope of work requirements. Demolition scope shown in the PFDs with in the clouds are part of the EPC scope.,TB20,NOT APPLICABLE,Confirmed,CONFIRMED,,
395,53,,Line No.5152 (Page No.15/15),N/a,RP-5312-00-PR-012 (Line List),PROCESS ENGINEERING,"The design pressure mentioned in the line list document for the given line (line no.5152) is given as 24.2 kg/cm2g. But as per equipment list the design pressure of the respective pump (40-P-0011A/S) is 11.5 kg/cm2g. Bidder has done calculations for pump discharge design pressure as per methodology mentioned in AGES-GL-08-001 and the value comes close to 11.5 kg/cm2g. Also as per piping class, 150# is given which is not suitable if the design pressure is 24.2 kg/cm2g. Hence bidder understanding is that the design pressure in the Line list should be revised for this line.Kindly confirm.","BIDDER's understanding is correct, The design pressure shall be revisitedand updated which is part of EPC scope of work.",TB20,NOT APPLICABLE,Confirmed,CONFIRMED,,
396,54,,General,N/a,RP-5312-00-PR-010_1 (PFD & UFD review report),PROCESS ENGINEERING,Bidder understands that all the open actions mentioned in the report are already closed during FEED and the FEED documentation is already aligned according to the mentioned recommended actions / analysis. No further action is envisaged by bidder.,All documents shall be reviewed and updated as per the needs of the detailed engineering requirements complying to scope of work requirements.,TB20,NOT APPLICABLE,Confirmed,CONFIRMED,,
397,55,,General,N/a,5312-40-A1-0101 (UTILITY FLOW DIAGRAM-POTABLE WATER SYSTEM),PROCESS ENGINEERING,"The Unhighlighted Lines in the attachment 1 are not found in available FEED P&IDs. At some places the sequence and configuration also do not match with available FEED P&IDs. Bidder undertstands that the current configuration in the availablre FEED P&IDs, received through exhibit-C, is the final one, which is to be followed during EPC. Kindly confirm.",BIDDER to comply scope of work requirements and shall update the P&IDs and PFDs meeting the project scope involving himself to site visit.,TB20,NOT APPLICABLE,Confirmed,CONFIRMED,,
398,56,,General,N/a,5312-40-A1-0102 (UTILITY FLOW DIAGRAM-NITROGEN),PROCESS ENGINEERING,"The Unhighlighted Lines in the attachment 2 are not found in available FEED P&IDs . At some places the sequence and configuration also do not match with available FEED P&IDs. Bidder undertstands that the current configuration in the availablre FEED P&IDs, received through exhibit-C, is the final one, which is to be followed during EPC. Kindly confirm.",BIDDER to comply scope of work requirements and shall update the P&IDs and PFDs meeting the project scope involving himself to site visit.,TB20,NOT APPLICABLE,Confirmed,CONFIRMED,,
399,57,,General,N/a,5312-40-A1-0103 (UTILITY FLOW DIAGRAM INSTRUMENT & UTILITY AIR SYSTEM),PROCESS ENGINEERING,All the Lines and equipment in the attachment 3 are not found in available FEED P&IDs. Bidder undertstands that the existing part with the demolition depiction shown in UFD may be already available in other P&IDs not provided to Bidder via FEED. Company is kindly requested to send those P&IDs considering demolition part info is necessary for Bidder.,BIDDER to comply scope of work requirements and shall update the P&IDs and PFDs meeting the project scope involving himself to site visit.,TB20,NOT APPLICABLE,Confirmed,CONFIRMED,,
400,58,,General,N/a,"5312-40-A1-0104 (UTILITY FLOW DIAGRAM
STEAM & CONDENSATE SYSTEM)",PROCESS ENGINEERING,"The unhighlighted Lines in the attachment 4 are not found in provided P&IDs. At some places the sequence and configuration also do not match with available FEED P&IDs. Bidder undertstands that the current configuration in the available FEED P&IDs, received through exhibit-C, is the final one, which is to be followed during EPC. Kindly confirm.",BIDDER to comply scope of work requirements and shall update the P&IDs and PFDs meeting the project scope involving himself to site visit.,TB20,NOT APPLICABLE,Confirmed,CONFIRMED,,
401,59,,Not applicable,N/a,"PFD, P&ID & equipment list consistency",PROCESS ENGINEERING,"Below Equipment are not in Equipment list but present in P&ID. Even the MDS is not available.
30-P-0052 (Sump Pump)
30-F-0052 (Liquid Sulphur Filter)
30-PT-0052 (Drain Pit)

Bidder understands that these equipment are in the scope of bidder inside RSHT-1 battery limits. Company is kindly requested to provide the PDS or MDS for the same if available.",All required PDS/ MDS To be prepared during Execution.,TB20,NOT APPLICABLE,Confirmed,CONFIRMED,,
402,60,,Not applicable,N/a,"PFD, P&ID & equipment list consistency",PROCESS ENGINEERING,"Below Equipment are not in Equipment list but present in P&ID under demolished category. 
54130-P-4103 (GX-1 Wet Scrubber recycle Pump)
30-DC-101 (Dust Separator)
30-TK-102 (Tank)
30-TK-103 (Tank)
30-CV-401 (Drum Discharge Conveyor)
30-CV-501 (Drum Discharge Conveyor)
30-F-001/001A (Sulphur Filters)
30-P-001 (remelt Pit Pump)
30-TK-002 (remelt Pit Pump)
30-TK-001 (Day Tank Delierving Sulphur to GX-01,02 & 03)
30-P-101/A,201/A,301/A (Pumps Delierving Sulphur to GX-01,02 & 03)
5330-TK-1002 (Day Pit Feeding GX-6 THU GX-9)
5330-TK-1003 (Sulphur Remelt Pit)
5330-P-1003 (sulphuir Remelt Pit Pump)
5310-CV-1005 (TRANSFER CONVEYOR)
5310-CV-1004 (TRANSFER CONVEYOR)
5310-MS-1001 (MAGNETIC SEPARATOR)
10-Z-1X1 (SHIPLOADER CONVEYOR)
5310-X-1001 (SHIPLOADING TELESCOPING CHUTE)
5210-X-1005CV2 (TRAILER CONVEYOR)
54110-X-4002 (STACKER)
54110-X-4006
54110-X-4013
5210-CV-1007 (SULPHUR COLLECTING CONVEYER)

Bidder understands that these equipment are in the scope of bidder inside RSHT-1 scope limits under demolished category. Kindly confirm.",COMPANY confirms BIDDER's undertanding is correct.,TB20,NOT APPLICABLE,Confirmed,CONFIRMED,,
403,61,,Not applicable,N/a,"PFD, P&ID & equipment list consistency",PROCESS ENGINEERING,"Below Equipment are not in Equipment list but present in P&ID under relocated category (existing refurbished). 
54130-ME-2000 (SULPHUR GRANULATOR GX-2) & associated equipment
54130-ME-3000 (SULPHUR GRANULATOR GX-3) & associated equipment
5330-ME-6000 (SULPHUR GRANULATOR GX-6) & associated equipment
5330-ME-7000 (SULPHUR GRANULATOR GX-7) & associated equipment
5330-ME-8000 (SULPHUR GRANULATOR GX-8) & associated equipment
5330-ME-9000 (SULPHUR GRANULATOR GX-9) & associated equipment

Bidder understands that since these equipment are under relocation category (existing refurbished), after relocation the tags assigned will be as per new tags mentioned in the latest P&ID and equipment list. Hence old tags are to be ignored.",COMPANY confirms BIDDER's undertanding is correct.,TB20,NOT APPLICABLE,Confirmed,CONFIRMED,,
404,62,,Not applicable,N/a,"PFD, P&ID & equipment list consistency",PROCESS ENGINEERING,"Below Equipment are not avialable in equipment list as well as P&ID. 
54130-F-4001 A/B/C (Sulphur Filters) 
5330-F-1002A/S (Sulphur Filters)
54110-X-4003 (SCRAPPER RECLAIMER)
54110-X-4002 (STACKER CONVEYOR)

Bidder undertstands that the existing part with the demolition depiction shown in PFD may be already available in other P&IDs not provided to Bidder via FEED. Company is kindly requested to send those P&IDs considering demolition part info is necessary for Bidder.","COMPANy clarifies that all the relevant P&IDs available are included in Exihibit-C. If any P&ID is unavailable, BIDDER shall raise a formal need list during the EPC execution or shall develop the same.",TB20,NOT APPLICABLE,Confirmed,CONFIRMED,,
405,63,,Not applicable,N/a,"PFD, P&ID & equipment list consistency",PROCESS ENGINEERING,"Below Equipment are not available in equipment list as well as P&ID. 
40-SU-0001 (Zero discharge settlement Pond)
30-P-0021 (New granulation area sump pump)

Bidder undertstands that these are existing equipment, which are shown in PFD and are out of scope of Bidder for RSHT-1 scope limits. Kindly confirm.","Bidder understanding is not correct. These are new items. Refer UFD.
However note that  30-P-0021 tag shall be read as 30-P-0051 (New granulation area sump pump). Any discrepancies shall be corrected during detail engineering.",TB20,Applicable,These are related to existing equipment in RSHT-1 which is not Applicable to RSHT-2,confirmed,,
406,64,,Not applicable,N/a,"PFD, P&ID & equipment list consistency",PROCESS ENGINEERING,"Below Equipment are not in Equipment list but present in P&ID. 
40-V-101A/B (Water Separator)
10-W-1 (BULK STORE FEED BELT WEIGHER)
10-A-3 (STACKING SPOUT)
10-P-2 (BULK STORAGE BLD DRAINAGE PUMP)
10-W-2 (JETTY FEED BELT WEIGHER)
10-P-1 /10-P-2 (RECEIVING STATION DRAINAGE PUMP)

Bidder understands that these equipment are existing and are not in the scope of bidder inside RSHT-1 battery limits. Kindly confirm.","Query is not clear, BIDDER to provide the appopriate Drawing number for the highlighted equipment.",TB20,NOT APPLICABLE,Confirmed,CONFIRMED,,
407,65,,5210-X-1005 (CONVEYOR BELT),N/a,"PFD, P&ID & equipment list consistency
PFD 5312-20-A1-0005
",PROCESS ENGINEERING,"5210-X-1005 : as per PFD it is demolished and as per PID it is Existing. 

Bidder understands that the P&ID is correct. Kindly confirm.","Query is not clear, BIDDER to provide the appopriate Drawing number for the highlighted equipment.",TB20,NOT APPLICABLE,Confirmed,CONFIRMED,,
408,66,,Not applicable,N/a,"PFD, P&ID & equipment list consistency",PROCESS ENGINEERING,"Below Equipment not in P&ID but present in equipment list under relocated category (existing refurbished).
30-BG-0002 (Diverter Gate)
30-BG-0003 (Diverter Gate)
30-BG-0006 (Diverter Gate)
30-BG-0007 (Diverter Gate)
30-BG-0008 (Diverter Gate)
30-BG-0009 (Diverter Gate)

Bidder undertstands that the existing refurbished part shown in PFD may be already available in other P&IDs not provided to Bidder via FEED. Company is kindly requested to send those P&IDs considering refurbished part info is necessary for Bidder.","Query is not clear, BIDDER to provide the appopriate Drawing number for the highlighted equipment.",TB20,NOT APPLICABLE,Confirmed,CONFIRMED,,
409,67,,Not applicable,N/a,"PFD, P&ID & equipment list consistency",PROCESS ENGINEERING,"Below Equipment not in P&ID but present in equipment list under Existing Reused category.
40-V-102 (EARTH SLOP VESSEL)
40-P-105 (SLOP PUMP)
20-P-101 (MARINE SLOP PUMP)
20-V-101 (MARINE SLOP VESSEL)
54110-ME-4003 (DUST COLLECTION SYSTEM)
54110-ME-4004 (WET SCRUBBER)
10-WI-623 (BELT SCALE)

Bidder undertstands that the existing reused part shown in PFD may be already available in other P&IDs not provided to Bidder via FEED. Company is kindly requested to send those P&IDs considering reused part info is necessary for Bidder.","All the FEED P&ids already shared with the Bidders
FOR EARTH SLOP VESSEL/ PUMP existing p&ids already shared via previous TBs",TB20,NOT APPLICABLE,Confirmed,CONFIRMED,,
410,68,,Not applicable,N/a,"PFD, P&ID & equipment list consistency",PROCESS ENGINEERING,"Below Equipment not in P&ID but present in equipment list under demolished category.
54110-ME-4006 (WET SCUBBER)
54110-ME-4001 (Wet scrubber system at TT2)
54110-ME-4002 (Wet scrubber system at TT2)
54110-ME-4015 (DUST SUPPRESSTION SYSTEM)

Bidder undertstands that the demolished part shown in PFD may be already available in other P&IDs not provided to Bidder via FEED. Company is kindly requested to send those P&IDs considering demolished part info is necessary for Bidder.",Bidder to note that all the FEED P&ids already shared with the Bidders in the RFT Package,TB20,NOT APPLICABLE,Confirmed,CONFIRMED,,
411,69,,Not applicable,N/a,"PFD, P&ID & equipment list consistency",PROCESS ENGINEERING,"Below Equipment not in P&ID but present in equipment list under new category.
10-DH-0001 (NEW DISCHARGE HOPPER)

Bidder undertstands that the new discharge hopper shown in PFD may be already available in other P&IDs not provided to Bidder via FEED. Company is kindly requested to send that P&ID. Company is also kindly requested to provide the PDS or MDS for the same if available.","

All required PDS/ MDS shall be prepared  by BIDDER during Execution.
Bidder to note that all the FEED documents are already shared with the Bidders in the RFT Package",TB20,NOT APPLICABLE,Confirmed,CONFIRMED,,
412,70,,Not applicable,N/a,"PFD, P&ID & equipment list consistency",PROCESS ENGINEERING,"Below Equipment not in PFD but present In equipment list & P&ID under new category. Even the MDS is not available.
30-P-0051A/S (New Granulation area floor sump pump)

Company is kindly requested to provide the PDS or MDS for the same if available.",All required PDS/ MDS shall be prepared  by BIDDER during Execution.,TB20,NOT APPLICABLE,Confirmed,CONFIRMED,,
413,71,,10-X-0004 (TELESCOPIC CHUTE),N/a,"PFD, P&ID & equipment list consistency",PROCESS ENGINEERING,"Equipment name in PFD & PID is ""TELESCOPIC CHUTE"", which do not match with Equipment list (""Shuttle head"" name given in Equi.List). Which is correct.","Query is not clear, BIDDER to provide the appopriate Drawing number for the highlighted equipment.",TB20,NOT APPLICABLE,Confirmed,CONFIRMED,,
414,72,,10-X-3 (BULK STORE FEED CONVEYOR),N/a,"PFD, P&ID & equipment list consistency",PROCESS ENGINEERING,"The tag as per PID (5312-10-A1-0271) is 10-X-3, which is not matching with eq list and PFD. Tag in eq. list and PFD is 101-X3 (TRANSFER CONVEYOR). Also capacity,speed and belt width is different. Kindly clarify which document and tag is correct.","Query is not clear, BIDDER to provide the appopriate Drawing number for the highlighted equipment.",TB20,NOT APPLICABLE,Confirmed,CONFIRMED,,
415,73,,54120-X-4001 (BERTH 2 QUADRANT SHIPLOADER),N/a,"PFD, P&ID & equipment list consistency",PROCESS ENGINEERING,Tag no mentioned as 54120-X-4009 in equipment list. Kindly clarify which document and tag is correct.,"Query is not clear, BIDDER to provide the appopriate Drawing number for the highlighted equipment.",TB20,NOT APPLICABLE,Confirmed,CONFIRMED,,
416,74,,GRANULATOR UNIT,N/a,Material Consistency,PROCESS ENGINEERING,"Material for Granulator unit package is provided in CRAS & MCA REPORT ( RP-5312-00-MC-006 ), Materials Selection Report and Summary Tables (RP-5312-00-MC-002 ). But as per Data sheet for GRANULATOR UNIT (DS-5312-30-GD-1001) material is VTA (Vendor to advise). Bidder understand that vendor provided material can be acceptable. Kindly confirm.",Materials  shall be selected as per CRSA & MCA. ,TB20,Applicable,Applicable to ENERSUL,CONFIRMED,,
417,75,,40-V-0001 (Condensate Recovery Vessel),N/a,Tag Consistency,PROCESS ENGINEERING,"Vessel no. 40-V-0001 is mentioned in both CRAS and MCA doc.no. RP-5312-00-MC-006 Section 6.2.10 and 
Section 7 and in MSD doc.no. 5312-40-A1-0411 Equipment table, without being illustrated in the drawings, 
While it not mentioned in Materials selection report and summary tables doc. RP-5312-00-MC-002 Table 13.1.
Bidder understands that 40-V-0001 (Condensate Recovery Vessel) is out of bidder's scope of supply.",Bidder understanding is correct.,TB20,Applicable,"Not Applicable to RSHT-2, condensate recovery vessel is required for RSHT-2",confirmed,,
418,76,,40-V-0002 (New Condensate Recovery Vessel),N/a,Tag Consistency,PROCESS ENGINEERING,"Vessel No. 40-V-0002 is mentioned in MSD doc.no. 5312-40-A1-0412 in the equipment table, but not illustrated in 
the diagram.
Also, it was not stated in Material selection report and summary tables doc.no. RP-5312-00-MC-002 Table 13.1 and 
CRAS and MCA doc.no. RP-5312-00-MC-006 Section 6.2.10 and Section 7.
Bidder understands that 40-V-0002 (New Condensate Recovery Vessel) is out of bidder's scope of supply.",Bidder understanding is correct.,TB20,Applicable,"Not Applicable to RSHT-2, condensate recovery vessel is required for RSHT-2",confirmed,,
419,77,,30-P-0001/0002/0003/0004 (Granulator Feeding Pump ),N/a,Material Consistency,PROCESS ENGINEERING,"Material provided in CRAS and MCA doc.no. RP-5312-00-MC-006 Section 6.2.10 and Section 7 and Materials selection report and summary tables doc. RP-5312-00-MC-002 Table 13.1 is not as per mentioned in MSD doc.no. 5312-40-A1-0403 in the equipment table.
Kindly clarify which material to be followed.",Materials  shall be selected as per CRSA & MCA. ,TB20,Applicable,"Not Applicable to RSHT-2, new MSD&MSR will be generated as per FEED.","confirmed 
",,
420,78,,"Section 2.3,  Page 9

 
",Applicable Company Standards,"RP-5312-00-MC-001 

",MATERIAL SELECTION AND CORROSION PROTECTION,"As per sec. 2.3 of Corrosion Control & Materials Selection Philosophy document, there is mention of ""DGS-6600-010 Painting Specification (Painting of New Metallic Structure) "" and ""DGS-6600-020 Internal Linings"".However, this document is not available in the ITB document folder provided.                                                                          CLIENT is requested to provide the same."," Bidder shall refer to company's reply in TB-013, point no 39",TB20,Applicable to RSHT-2,Confirmed,CONFIRMED,,
421,1,,n/a,3 - REFERENCES,"Tender Bulletin 15, point 19",CIVIL and Structural,"Bidder as requested missing documentation as listed in Attachment 1 and COMPANY Replied: ""List of AGES/DSG Standards already shared with Bidders"". 
Bidder kindly ask COMPANY to provide again the requested documents becouse of are not available in the Tender Package.",Attached with the TB,TB21,"Applicable and already provided complete AGES, active DGS & Civil STD Drawings. Other Standard drawings will be shared if identified by the Bidders",Confirmed,CONFIRMED,,
422,2,,n/a,,RFT,Corrosion Protectioon,AGES-SP-07-001- AGES specification for Cathodic Protection is not included in RFT. Company is kindly requested to provide,Attached with the TB,TB21,Applicable and already provided,Confirmed,CONFIRMED,,
423,3,,n/a,n/a,Annexure 10F - Attachments,General,"Documents included in ANNEXURE 10F cannot be opened. COMPANY to provide the following:
- TE-PR-043;
- TE-PR-050;
- TE-PR-063;
- TE-PR-064;
- TE-ST-005;
- TE-ST-006.",Attached with the TB,TB21,APPLICABLE,"Partially Applicable to RSHT-2,TE-PR-050/063/064 is missing,","NOT ACCEPTABLE
All attachments were provided during Bidding and after award.
WISON HAS TO RAISE NEED LIST FOR ANY MISSING DOCUMENT",Accepted,
424,4,,"chapter 14, 2.1.2. Substations",n/a,"UAE BUILDING FIRE AND LIFE SAFETY CODE OF PRACTICE, EDITION OF 2018",DESIGN HSE,"With reference to architectual FEED documents of new substation, the fire resistance rating of 2 hour has been defined for strucutral component of substation.

In FEED document seems to be not applied the requirement of fire resistance rating of substation part of chapter 14, where in table 14.1 where fire resistance rating type I is requested for substation. Type I fire rating lead to have 4 hour fire resistance rating for supproting structures of substation.

Bidder asks Company to confirm that requirments of UAE fire code prevails on FEED design of new substation, that shall be upgrade during EPD phase.

Moreover, Bidder asks Company to confirm that none upgrade of fire resistance of existing substations shall be considered by Contractor.","Bidder to follow FEED document


Company confirms that  upgrade of fire resistance of existing substations is not in Bidder's scope",TB21,Applicable to RSHT-2,Confirmed,CONFIRMED,,
425,5,,n/a,n/a,"UAE BUILDING FIRE AND LIFE SAFETY CODE OF PRACTICE, EDITION OF 2018",DESIGN HSE,"With reference to architectual FEED documents no fire resistance requirements are stated for ""LINEAR STORAGE BUILDING"" and ""GRANULATOR COVERING SHELTER"".

Bidder understood that FEED developer, with the Compamny approval, has considered such item as open process strucutres, and are not pertain to the requirement of buildings stated in ""UAE FIRE AND LIFE SAFETY CODE OF PRACTICE"".
Company to confirm Bidder understanding
 or clarify how to proceed in term of fire resistance of both  ""LINEAR STORAGE BUILDING"" and ""GRANULATOR COVERING SHELTER"". ",Bidder's understanding is correct,TB21,Applicable to RSHT-2,Confirmed,CONFIRMED,,
426,6,,n/a,A.8.1.5.1 Software,"EXHIBIT A.8
ASSISTANCE TO COMPANY’S PROJECT TEAM",Technical,"A.8.1.5.1 Software (TO BE VERIFIED WITH COMPANY)
Microsoft Software Versions are superseed. Contractor propose last Vesion Microsoft O365.
Contractor understanding is to provide Computers configured under Contractor's Domain. Please Confirm.

Quote
EDMS Client Software including file viewers (including CAD) and redlining software. This shall be supplied also to PMC home office, for those PMC reviewers not resident at CONTRACTOR offices.

Unquote
Company to confirm that Contractor need to provide its own EDMS ""Digital Documents"" to Contractor, for the collaboration work on project deliverables.

A.8.1.5.2 Hardware","Bidder to ignore Exhibit B13 attached with the RFT Package and consider Latest copy  attached with the TB. 

For software version, bidder to refer to Exhibit 35. 


For A.8.1.5.2 Hardware,  Bidder shall refer reply to point 7 below",TB21,Applicable to RSHT2 (Bidder shall refer to reply to point below),Confirmed,CONFIRMED,,
427,7,,n/a,A.8.1.5.2 Hardware,"EXHIBIT A.8
ASSISTANCE TO COMPANY’S PROJECT TEAM",Technical,"Contractor suggest to provide Sharepoint dedicated to Company instead of on premise physical server as done by Contractor in previous projects with Company. This can help access of data to Company personnel from all Project Site and simplify the handover.  Company to confirm.

Hardware models listed are old. Company should inform about  the model of computers, monitors, printers required. Otherwise Contractor will provide for execution phase brand new model of Computers in use in Contractor's Office. In case of Laptop Contractor will provide Laptop without webcam to comply CICPA regulations. Company to reply.","Refer A8.1.5.2 Table
Point 2 and 2a ( attached - Specs for PCs, monitors and laptops)

Point 3 and 4 (  attached- “Page81” Company has lease contract till July 2025 with Gulf commercial Group which EPCcontractor can utilize)

Point 3and 4 falls under category 4 ( attached “Category 4Page”)

Point 5 is a plotter ( attached  the data sheet HP plotter)

Point 6 is a scanner (attached “ fi-7460)

Note: refer attachment  to the TB
",TB21,Applicable to RSHT2 ,Confirmed,CONFIRMED,,
428,8,,n/a,"A.8.3.3.4 Telephones

A.8.3.3.8 Mobile Telephones
","EXHIBIT A.8
ASSISTANCE TO COMPANY’S PROJECT TEAM",Technical,"Quote
""Contractor shall also provide FIVE (5) sets of EX mobile telephones without Camera (Compatible for CICPA Requirements and acceptable for site activities) with local SIM to Company Project team as well as PMC team""

Contractor found only this requirement for mobile Telephone during all the Project Phases.
Company to confirm Contractor's understanding
","Mobile set shall be provided as per Exibit A8.
""Contractor shall  provide FIVE (5) sets of EX mobile telephones without 
Camera (Compatible for CICPA Requirements and acceptable for site activities) with local SIM to Company Project team as well as PMC team. The Mobile phones will be used for the Company business purposed only and costs of phone calls shall be included in Lump Sum Contract. All other international calls made by COMPANY personnel on non-PROJECT related business shall be 
reimbursed directly to CONTRACTOR by the personnel concerned"".

Bidder to note that mobile phone shall be provided with International call facility  for business purpose..",TB21,Applicable to RSHT2 ,Confirmed,CONFIRMED,,
429,9,,n/a,B.13.9 ELECTRONIC DOCUMENT MANAGEMENT SYSTEM,"EXHIBIT - B.13
INFORMATION TECHNOLOGY (IT)",Technical,"Quote
""From EFFECTIVE DATE until FINAL ACCEPTANCE, the CONTRACTOR shall operate a fully functional EDMS which is configured to operate in the Oil and Gas Industry. This system shall be supported 24/7/365, Web enabled and allow acceptable response times for standard user requirements.""

Contractor EDMS - Digital Documents - is based on Microsoft SharePoint developed in Cloud, web enabled and available worldwide 24/7/365. The Contractor help desk support is available as per standard working time, monday-friday 9AM-6PM.",This point is related to the Document Management Platform itself and the Document Management Platform is available 24/7/365.,TB21,Applicable to RSHT2 ,Confirmed,CONFIRMED,,
430,10,,n/a,B.13.9.2 Availability and Distribution,"EXHIBIT - B.13
INFORMATION TECHNOLOGY (IT)",Technical,"Quote
""The EDMS electronically store all deliverables [...]. The system architecture shall be based on an industry standard, non-proprietary, commercially available software application and hardware components. The application shall meet the requirements listed in this section""

Contractor EDMS - Digital Documents - is based on Microsoft SharePoint developed in Cloud, web enabled and available worldwide. The Digital Documents platform is developed by Contactor with Microsoft Power Automate and includes all the functions of an EDMS system.","Bidder to ignore Exhibit B13 attached with the RFT Package and consider 
 latest copy  attached with the TB. 
",TB21,Applicable to RSHT2 ,Confirmed,CONFIRMED,,
431,11,,n/a,B.13.9.4.4 COMPANY LiveLink Requirement,"EXHIBIT - B.13
INFORMATION TECHNOLOGY (IT)",Technical,"Quote
""The CONTRACTOR will provide a detailed mapping of the Live Link requirement from CONTRACTOR EDMS immediately upon EFFECTIVE DATE and submit same for COMPANY approval
COMPANY Document Management Team will upload the AS-BUILT documents to the Live Link, utilizing COMPANY EDL (EPC deliverables loader Live Link validation software). After EFFECTIVE DATE of AGREEMENT, COMPANY shall provide latest procedure. Any errors in files and definition of files will be rectified by CONTRACTOR to ensure a smooth transmission of documents.""

Contractor understand that Company will use only Contractor EDMS. Contractor understand that Company LiveLink system will be loaded by Company. Contractor will provide to Company only the data mapping and the data and files to be loaded in LiveLink in as-built final status.","Bidder to ignore Exhibit B13 attached with the RFT Package and consider 
 latest copy  attached with the TB. 
",TB21,Applicable to RSHT2 ,Confirmed,CONFIRMED,,
432,12,,n/a,B.13.9.4.7 Distribution,"EXHIBIT - B.13
INFORMATION TECHNOLOGY (IT)",Technical,"Quote
""Distributions will be automatically generated within the EDMS with the ability to manually override/redistribute PROJECT deliverable documents if required.[…]""

Contractor EDMS System has a parametric client distribution matrix without manually override, to guarantee a distribution as per quality and secure policy.","Bidder to ignore Exhibit B13 attached with the RFT Package and consider 
 latest copy  attached with the TB. 
",TB21,Applicable to RSHT2 ,Confirmed,CONFIRMED,,
433,13,,n/a,B.13.9.4.7 Distribution,"EXHIBIT - B.13
INFORMATION TECHNOLOGY (IT)",Technical,"Quote
""CONTRACTOR distribution transmittal shall indicate to COMPANY that the LiveLink data is ready for transfer to COMPANY EDMS.""

Contractor des not understand how the transmittal can indicate this information. Contractor transmittal to Company is available both in Contractor EDMS as data set and with a mail to Company that includes: the PDF coverpage, the transmittal information (reason, recipients, title, protocol) and a table with the list of documents transmitted and relative attributes (e.g. Company code, Contractor code, RFI, Issue date, Title).",Contractor to use ACONEX. ,TB21,Applicable to RSHT2 ,Confirmed,CONFIRMED,,
434,14,,n/a,B.13.8.2 Interface System,"EXHIBIT - B.13
INFORMATION TECHNOLOGY (IT)",Technical,"Contractor understanding is to provide its Interface Management system for the control of IP’s (Interface Points) pertaining CONTRACTORS limit / scope of WORK. Does the Contractor have to provide access to the Company or other Parties to the system?
Company to confirm or detail better the requirement.","Bidder to ignore Exhibit B13 attached with the RFT Package.
Bidder to follow Latest copy  attached with the TB. 
",TB21,Applicable to RSHT2 ,Confirmed,CONFIRMED,,
435,15,,n/a,B.13.1.6 Data Centers,"EXHIBIT - B.13
INFORMATION TECHNOLOGY (IT)",Technical,"Company to detail the purpose of this Datacenter, will it be dedicated to hosting new components or the migration of existing ones? In the latter case, where do the current ones reside? ","Bidder to ignore Exhibit B13 attached with the RFT Package.
Bidder to follow Latest copy  attached with the TB. 
",TB21,Datacentre requirement Not Applicable,Confirmed,CONFIRMED,,
436,16,,n/a,B.13.1.6 Data Centers,"EXHIBIT - B.13
INFORMATION TECHNOLOGY (IT)",Technical,Company confirm Datacentre accreditation reference standard: Ansi/TIA vs Uptime.,"Bidder to ignore Exhibit B13 attached with the RFT Package.
Bidder to follow Latest copy  attached with the TB. 
",TB21,Datacentre requirement Not Applicable,Confirmed,CONFIRMED,,
437,17,,n/a,B.13.1.6 Data Centers,"EXHIBIT - B.13
INFORMATION TECHNOLOGY (IT)",Technical,Company has to confirm certification tiering level 3 or 4,"Bidder to ignore Exhibit B13 attached with the RFT Package.
Bidder to follow Latest copy  attached with the TB. 
",TB21,Datacentre requirement Not Applicable,Confirmed,CONFIRMED,,
438,18,,n/a,B.13.1.6 Data Centers,"EXHIBIT - B.13
INFORMATION TECHNOLOGY (IT)",Technical,Company to clarify  if there is requirement for minimum space for datacenter (in m^2),"Bidder to ignore Exhibit B13 attached with the RFT Package.
Bidder to follow Latest copy  attached with the TB. 
",TB21,Datacentre requirement Not Applicable,Confirmed,CONFIRMED,,
439,19,,n/a,B.13.1.6 Data Centers,"EXHIBIT - B.13
INFORMATION TECHNOLOGY (IT)",Technical,Company to clarify how much power DC will be feed by renewable resources,"Bidder to ignore Exhibit B13 attached with the RFT Package.
Bidder to follow Latest copy  attached with the TB. 
",TB21,Datacentre requirement Not Applicable,Confirmed,CONFIRMED,,
440,20,,n/a,B.13.1.6 Data Centers,"EXHIBIT - B.13
INFORMATION TECHNOLOGY (IT)",Technical,"Company has to clarify DC expected battery autonomy, usually 10-15 minutes ","Bidder to ignore Exhibit B13 attached with the RFT Package.
Bidder to follow Latest copy  attached with the TB. 
",TB21,Datacentre requirement Not Applicable,Confirmed,CONFIRMED,,
441,21,,n/a,B.13.1.6 Data Centers,"EXHIBIT - B.13
INFORMATION TECHNOLOGY (IT)",Technical,"Company to clarify rack dimentions (2100x800x800 are telecom racks, 2100x1000x750 per 42 U)","Bidder to ignore Exhibit B13 attached with the RFT Package.
Bidder to follow Latest copy  attached with the TB. 
",TB21,Datacentre requirement Not Applicable,Confirmed,CONFIRMED,,
442,22,,n/a,B.13.8 ENGINEERING APPLICATIONS,"EXHIBIT B.13
INFORMATION TECHNOLOGY (IT)",Technical,"Engineering Data Deliverable Standard (TT-ST-001)  was replaced by Company by TE-ST-005. But TE-ST-005 is an empty document. Also TE-ST-006  ""SmartPlant Data Deliverable Standards"" is an empty document",Attached with the TB,TB21,Applicable to RSHT2 ,Confirmed,CONFIRMED,,
443,23,,n/a,"SMART PLANT ENTERPRISE
(SPE) 1.2 OBJECTIVE","EXHIBIT B.13
INFORMATION TECHNOLOGY (IT)",Technical,"Quote
COMPANY shall use SmartPlant foundation as an Engineering Document Management System and Integrator for SPE tools to Publish and retrieve data.
Unquote

SmartPlant foundation  shall not be used  as an Engineering Document Management System . See Software List.","Bidder to ignore Exhibit B13 attached with the RFT Package.
Bidder to follow Latest copy  attached with the TB. 
",TB21,Applicable to RSHT2 ,Confirmed,CONFIRMED,,
444,24,,n/a,"SMART PLANT ENTERPRISE
(SPE) 1.6 SMART PLANT FOUNDATION /SMARTPLANT ENTERPRISE","EXHIBIT B.13
INFORMATION TECHNOLOGY (IT)",Technical,"Quote
The CONTRACTOR shall use SPF 4.3 as a “Data Warehouse” in exchange of data across applications.
Unquote
SPF 4.3 is obsolete, one updated version shall be used
Quote
The CONTRACTOR must utilize SPF as the primary source for creating/reserving drawings and its revisions.
Unquote
Contractor EDMS shall be used s the primary source for creating/reserving drawings and its revisions.","Bidder to ignore Exhibit B13 attached with the RFT Package.
Bidder to follow Latest copy  attached with the TB. 
",TB21,Applicable to RSHT2 ,Confirmed,CONFIRMED,,
445,25,,n/a,"SMART PLANT ENTERPRISE
(SPE) Published Data from SPPID to SPF:","EXHIBIT B.13
INFORMATION TECHNOLOGY (IT)",Technical,Published documents shall be agreed during EPC phase,"Follow Company Standards

- TE-ST-005
- TE-ST-006
Attached with the TB",TB21,Applicable to RSHT2 ,Confirmed,CONFIRMED,,
446,26,,n/a,"SMART PLANT ENTERPRISE
(SPE)1.14 DATA VALIDATION, TRANSFORMING & LOADING (VTL)","EXHIBIT B.13
INFORMATION TECHNOLOGY (IT)",Technical,VTL is obsolete and no more included in SPF software,"Bidder to ignore Exhibit B13 attached with the RFT Package and consider latest copy  attached with the TB. 
",TB21,Applicable to RSHT2 ,Confirmed,CONFIRMED,,
447,27,,n/a,"SMART PLANT ENTERPRISE
(SPE) 1.18 HARDWARE, SOFTWARE & LICENSES FOR COMPANY","EXHIBIT B.13
INFORMATION TECHNOLOGY (IT)",Technical,"Quote
CONTRACTOR shall provide the required hardware, software & licenses at COMPANY’s office for review purposes. These shall be purchased and licensed in COMPANY’s name and maintained by CONTRACTOR for the project duration.
Unquote

Licenses cannot be purchased by Contractor in Company's name. Same issue for SPPID, SPI , SPEL SPF , S3D","Bidder to ignore Exhibit B13 attached with the RFT Package and consider latest copy  attached with the TB. 
",TB21,Applicable to RSHT2 ,Confirmed,CONFIRMED,,
448,28,,n/a,"Smart Plant P & ID
(SPPID)  1.18 HARDWARE, SOFTWARE & LICENSES FOR COMPANY","EXHIBIT B.13
INFORMATION TECHNOLOGY (IT)",Technical,"Quote
CONTRACTOR shall purchase all the licenses under COMPANY name since beginning of the project & shall hand over them to COMPANY at the time of project handover.
Unquote

Licenses cannot be handed over to  Company at the time of project handover . Same issue for SPPID, SPI , SPEL SPF , S3D","Bidder to ignore Exhibit B13 attached with the RFT Package and consider latest copy  attached with the TB. 
",TB21,The requirement of handover of license was withdrawn via TB-023,Confirmed,CONFIRMED,,
449,29,,n/a,"SMART PLANT ENTERPRISE 1.18 HARDWARE, SOFTWARE & LICENSES FOR COMPANY","EXHIBIT B.13
INFORMATION TECHNOLOGY (IT)",Technical,"Quote
Contractor shall setup the necessary hardware and application environments for COMPANY’s SPF with COMPANY’s IT Engineer according to COMPANY’s IT policy. COMPANY’s representative should be present during SAT. Contractor will setup authoring tools at site, register authoring tools to COMPANY’s SPF, create necessary mapping configuration and publish or load the necessary data.
Unquote

It is not clear Company expectation  for the Handover. Shall Contractor install a full SPE architecture (SPPID, SPI , SPEL SPF , S3D)  with software, and hardware at Company premises at the time of project handover. ?","Bidder to ignore Exhibit B13 attached with the RFT Package and consider latest copy  attached with the TB. 
",TB21,Applicable to RSHT2 ,Confirmed,CONFIRMED,,
450,30,,n/a,Mechanical Completion," EXHIBIT B.38, Attachment B.38.8.1",,"According to the EXHIBIT B.38, Attachment B.38.8.1 the following sequence is described:
1.	Construction Completion up to Ready for PRE-COMMISSIONING
2.	PRE-COMMISSIONING works up to MECHANICAL COMPLETION/READY FOR COMMISSIONING as READY FOR FEEDSTOCK-IN
3.	COMMISSIONING with Feedstock up to TEST RUN
4.	TEST RUN/PERFORMANCE TEST up to PROVISIONAL ACCEPTANCE CERTIFICATE
In order to align the sequence and Milestone to the standard methodology used, we are proposing the following sequence:
1.	Construction activities up to D.A.C. - DISCIPLINE ACCEPTANCE CERTIFICATE
2.	PRE-COMMISSIONING works up to MC - MECHANICAL COMPLETION 
3.	COMMISSIONING works up to RFSU - READY FOR START-UP / READY FOR FEEDSTOCK-IN
4.	START-UP with Feedstock up to READY FOR TEST RUN/PERFORMANCE TEST
5.	TEST RUN/PERFORMANCE TEST up to PAC - PROVISIONAL ACCEPTANCE CERTIFICATE
Here below a caparison table.

A detailed diagrammatic flowchart with responsibility and Punch Item identification will be prepared and attached to the Commissioning Execution Plan.
OWNER to be confirm Tecnimont proposal.","
The proposed sequence introduces additional milestones such as D.A.C. (DISCIPLINE ACCEPTANCE CERTIFICATE ) etc.. which are not mentioned in the original EXHIBIT B.38. 

Thus, Bidder is advice to align with EXHIBIT B.38: Ensure that the proposed changes are in alignment with the overall project objectives and requirements as outlined in EXHIBIT B.38.

However, post award successful bidders shall submit all the procedures, methodology , formally reviewed and approved by concerned disciplines  before implementation.",TB21,Applicable and Project control already issued ,Confirmed,CONFIRMED,,
451,31,,,,"Deliverables procedures
TE-PR-043 
TE-PR-050 
TE-PR-063 
TE-PR-064 
TE-ST-005 
TE-ST-006 ",,,,TB21,Applicable to RSHT-2,Confirmed,CONFIRMED,,
452,32,,,,Exhibit-B.13_v91,,,,TB21,Applicable to RSHT-2,Confirmed,CONFIRMED,,
453,33,,,,Hardware requirement,,,,TB21,Applicable to RSHT-2,Confirmed,CONFIRMED,,
454,34,,,,"MISSING DOCUMENTS 
AGES/ DGS/STANDARD DRAWINGS",,,,TB21,"Applicable and already provided complete AGES, active DGS & Civil STD Drawings. Other Standard drawings will be shared if identified by the Bidders",Confirmed,CONFIRMED,,
455,1,,General,Codes & Standards,DB-5312-00-IN-001 Instrument Design Basis,INSTRUMENTATION,"COMPANY to note that the below listed DGS/AEGS standards/documents are not present in the RFT. 
BIDDER requests COMPANY to provide these documents for reference.",,TB22,"Applicable to RSHT-2.
Bidder to follow latest AGES in places of DGS",Confirmed,CONFIRMED,,
456,2,,,,,,(1) AGES-PH-03-002 - Fireproofing,The AGES number is  AGES-PH-03-002 provided with the TB,TB22,,Confirmed,CONFIRMED,,
457,3,,,,,,(2) AGES-PH-03-003 - Fire & Gas Detection and Fire Protection System Philosophy,,TB22,,Confirmed,CONFIRMED,,
458,4,,,,,,(3) DGS-1900-002 - HSE Philosophy,provided with the TB,TB22,,Confirmed,CONFIRMED,,
459,5,,,,,,(4) DGS-1900-003 - F&G Protection Design Basis,provided with the TB,TB22,,Confirmed,CONFIRMED,,
460,6,,,,,,(5) DGS-1510-005 - F&G Philosophy,provided with the TB,TB22,,Confirmed,CONFIRMED,,
461,7,,,,,,(6) DGS-1511-030 - F&G Systems,provided with the TB,TB22,,Confirmed,CONFIRMED,,
462,8,,,,,,(7) DGS-1511-031 - F&G Detectors,provided with the TB,TB22,,Confirmed,CONFIRMED,,
463,9,,,,,,(8) DGS 6531-010 - Fireproofing,provided with the TB,TB22,,Confirmed,CONFIRMED,,
464,10,,,,,,(9) DGS 6000-001 - Plant Noise Control,provided with the TB,TB22,,Confirmed,CONFIRMED,,
465,11,,,,,,(10) DGS 1510-004 - Emergency Shutdown System Philosophy,provided with the TB,TB22,,Confirmed,CONFIRMED,,
466,12,,,,,,(11) PIPING MATERIAL SPECIFICATION (PMS) - FEED,Bidder shall refer to 5312-ADD-1300-010 ADDENDUM TO DGS 1300-010 PIPING SYSTEMS (PIPING CLASSES),TB22,,Confirmed,CONFIRMED,,
467,13,,,,,,(12) DGS 1511 032 - INSTRUMENT DESIGN CRITERIA ,provided with the TB,TB22,,Confirmed,CONFIRMED,,
468,14,,,,,,(13) DGS 1511 034 - INSTRUMENTS PIPING CLASSES  ,provided with the TB,TB22,,Confirmed,CONFIRMED,,
469,15,,,,,,(14) DGS 1511 043 INSTRUMENT INSTALLATION DESIGN,provided with the TB,TB22,,Confirmed,CONFIRMED,,
470,16,,,,,,(15) DGS 1511 044 INSTRUMENT STORAGE AND CALIBRATION  ,provided with the TB,TB22,,Confirmed,CONFIRMED,,
471,17,,,,,,(16) DGS 1511 045 INSTRUMENT - FIELD PRESSURE TESTING,provided with the TB,TB22,,Confirmed,CONFIRMED,,
472,18,,,,,,(17) DGS 1511 042 FLOW INSTRUMENTS  ,provided with the TB,TB22,,Confirmed,CONFIRMED,,
473,19,,,,,,(18) AGES-SP-04-006 INSTRUMENT & CONTROL CABLE SPECIFICATION ,provided with the TB,TB22,,Confirmed,CONFIRMED,,
474,20,,,,,,(19) DGS 1300 010 PIPING SYSTEMS (PIPING CLASSES) ,Bidder shall refer to 5312-ADD-1300-010 ADDENDUM TO DGS 1300-010 PIPING SYSTEMS (PIPING CLASSES),TB22,,Confirmed,CONFIRMED,,
475,21,,,,,,(20) DGS-1560-001 PACKAGED ANALYZERS ,provided with the TB,TB22,,Confirmed,CONFIRMED,,
476,22,,,,,,(21) FIRE ZONE LAYOUT - UNITWISE,Refer Appendix 1 of FW demand calculation report  for Fire Zone layouts.,TB22,N/A,Confirmed,CONFIRMED,,
477,23,,Clause 12.1.2,Cables and Cable Trays,DB-5312-00-IN-001 Instrument Design Basis,INSTRUMENTATION,"BIDDER proposes AL/HDPE/PA sheath instead of Lead sheath for instrument cables/FOC & instrument power cables which are laid in underground trenches.
FO Cable is with multilayer (AL/HDPE/PA) suitable for UG application. Additional UPVC Duct is not required for FO Cable. COMPANY is requested to confirm.","AL/HDPE/PA is acceptable only if approved by Company
Additional UPVC duct is not required for FO cable. However, for road crossings duct bank is required as indicated in relevant layouts",TB22,Applicable to RSHT-2,Confirmed,CONFIRMED,,
478,24,,Clause 11.1.11,ESD and On-Off Valve,DB-5312-00-IN-001 Instrument Design Basis,INSTRUMENTATION,"BIDDER understands that Fire-proofing requirement is not applicable for the valves-actuators, cable trays & cables in this plant since fire-zone is not applicable. COMPANY is requested to confirm.","Noted.  Passive Fire Proofing is not applicable as per FERA report. However, Fire Zones are applicable and refer response for Sr.No 1. (Reply to document no 21 Fire zone layout)",TB22,Applicable to RSHT-2,Confirmed,CONFIRMED,,
479,25,,SHEET 19,AIR SUPPLY TO ESD VALVE,5312-00-A3-7001 Typical Instrument Hookup Drawings,INSTRUMENTATION,BIDDER proposes prefabricated Air distributed pot (5 way & 10way) instead of Air Piping for pneumatic users. COMPANY is requested to confirm.,Conventional air piping as per the hookup drawings to be provided.,TB22,Applicable to RSHT-2,Confirmed,CONFIRMED,,
480,26,,SHEET 22,"Position 98, 100, 102",PR-5312-00-PI-002 - 3D Model Review procedure,INSTRUMENTATION,"BIDDER understands that ""cable tray"" means ""Main Cable Tray of size 300mm and above""","Bidder understanding is not correct.  During detailed design, EPC Contrator to model all sizes required in the project.",TB22,Applicable,"Not applicable, to be aligned with EXHIBIT b.11",Applicable for SGP,Accepted,
481,27,,Clause: 7.3.2 / 7.6.1,"7.3.2 New / Modification Requirements, 
7.6.1 Existing System Details",RP-5312-00-TE-002,INSTRUMENTATION,"BIDDER notes that Bidder has to utilise the existing network switches CISCO 3850-12-S & CISCO 3560-CX series for interconnection of new IP type telephones. 
BIDDER highlights that CISCO has already intimated EOL / EOS for the aforementioned switches. BIDDER understand that it is not in BIDDER scope to upgrade / change such switches. COMPANY to confirm",Bidder's understanding is not correct. Replacement of these switches is in scope for the Bidder,TB22,N/A,Confirmed,CONFIRMED,,
482,28,,3.2,MOV are used for all liquid sulphur inlet lines to storage tanks,RP-5312-00-PR-015_0-EQUIPMENT ISOLATION PHILOSOPHY,PROCESS,"Bidder found that in FEED PID's MOV are  used only for liquid sulphur inlet line from HGD to storage tanks and not for other inlet lines. Bidder understads that MOV requirements given in FFED to be followed  and no additional MOV required on other liquid sulphur inlet lines to storage tanks. 
Kinldy confirm bidder's understanding.","Yes BIDDER's understanding is correct. however, BIDDER to comply with AGES requirements and any actions arising from planned workshops during EPC.",TB22,Applicable to RSHT-2,Confirmed,CONFIRMED,,
483,29,,"Note-18, 20, 22`",Change of MOC,P&ID : 5312-40-A1-0124-DEM (P&ID SULPHUR HANDLING FACILITIES - POTABLE WATER SYSTEM),PROCESS,"There are below notes present in P&ID:
NOTE 18. ENTIRE LINE UP TO LINEAR STORAGE TO BE REPLACED WITH NEW MOC
DURING EPC.
NOTE 20. REFER EXISTING P&ID : 3210-40-A1-403, EPC TO CONSIDER MOC REPLACEMENT OF LINE ""UW-4001"" UP TO EXISTING TIP ""140-155 TIP-155"".
NOTE 21. REFER EXISTING CONTINUATION P&ID : 3210-40-0401 SHT.2 OF 2 EPC TO CONSIDER MOC
REPLACING OF FOLLOWING LINES:
1. UW-4002, 4008, 4009, 4010
2. UW-5809, 5808
3. UW-4501, 4502, 4510, 4511, 4512, 4513
NOTE 22. EPC TO CONSIDER MOC REPLACEMENT ENTIRE 2-INCH EXISTING  LINE (DW-5252) UP TO CONVEYOR 101-XS-5 (REFER DEMOLITION  P&ID : 5312-10-A1-0171)

Bidder understands that for all these lines MOC to be revised from Cartbon steel (Pipe class 51D) to GRE (pipe class (17100). Kindly confirm.

Company is requested to provide the continuation P&IDs.","Bidder understanding is not correct. Refer to the Project scope within clouds.

Bidder shall also read demolition p&id in conjuction with modification p&id for the scope clarity.  ( 5312-40-A1-0224)
",TB22,N/A,Confirmed,CONFIRMED,,
484,30,,7,Cyber Security,AGES-SP-04-013  ADNOC OT Cyber Security Specification,Process Control and Automation,"""If security solutions and software as required in the specification already exist within the OT environment, 
the CONTRACTOR shall conduct a site survey, review existing solutions implemented at site and propose 
solutions to ensure that the proposed OT systems and nodes integrate with already implemented security 
solutions where possible.""

BIDDER's clarification
OT Cyber security shall be applied for newly supplied system in SS#05 (DCS/ESD/FGS) & SS#04 (New FGS) as per Section 5.4 of RP-5312-00-IN-002 & AGES-SP-04-013.

New DCS/ESD/FGS system in SS#05 & New FGS system in SS#04 shall be integrated with the existing DCS/ESD/FGS systems.

For System's which is already existing & running at site & has no modifications/addition/demolition as part of RSHT-1, the cyber security shall be as per Existing Cyber Security configured at site. BIDDER shall not consider any update or upgrade required to the existing systems which are not part of RSHT-1 project for meeting the OT Cyber security requirements .","Bidder's undertanding is correct to the extent that any update or upgrade to the existing OT systems or nodes which are not part of the RSHT-1 project is not in bidder's scope. However, the new OT systems and nodes shall integrate seamlessly with the existing ones. ",TB22,Applicable to RSHT-2,Confirmed,CONFIRMED,,
485,31,,7.2.11, SIEM and Anomaly detection and Asset Management solution,AGES-SP-04-013  ADNOC OT Cyber Security Specification,Process Control and Automation,"""The CONTRACTOR shall provide support for integration of the OT nodes in scope of the project with specialised cyber security solutions such as SIEM, Anomaly detection and Asset Management solutions (as applicable).""

Bidder understand that SIEM and Anomaly detection and Asset Management solution (as applicable) is not in bidder scope. Necessary support for integration of OT nodes integration with SIEM/Anomaly detection and Asset Management solution is in Bidder's scope. 

COMPANY to confirm Bidder's understanding.",Bidder's understanding is correct,TB22,Applicable to RSHT-2,Confirmed,CONFIRMED,,
486,32,,"
23

22




18.1.2",warranty and support for all applicable hardware and software in scope,"
5312-ADD-SP-04-001 Process Control Specification Addendum to AGES

5312-ADD-SP-04-004 ESD Specification Addemndum to AGES
5312-ADD-SP-04-003 F&G Specification Addemndum to AGES



AGES-SP-04-013  ADNOC OT Cyber Security Specification",Process Control and Automation,"""VENDOR shall provide warranty support for a period of two years, commencing on the date of the system PAC following the site acceptance test.""

""VENDOR shall provide warranty support for a period of two years, commencing on the date of COMPANY written acceptance of the system following the site acceptance test."" 


""CONTRACTOR shall provide warranty and support for all applicable hardware and software in scope of the project for a period of 3 years, commencing on the date of issue of Provisional Acceptance Certificate (PAC)"". 

BIDDERs understand that Warranty support of newly supplied DCS/ESD/FGS systems, including OT security, shall be for period of two years, commencing on the date of COMPANY written acceptance of the system following the site acceptance test.COMPANY to confirm BIDDER's understanding.",Bidder's understanding is correct and the warranty for new DCS/ESD/FGS systems is two years from the PAC,TB22,Applicable to RSHT-2,Confirmed,CONFIRMED,,
487,33,,3.2,COMPANY Standards,RP-5312-00-IN-004 Instrument and Control Philosophy ,Process Control and Automation,"COMPANY to note that following DGS are not present in the RFT.

- DGS 1510 001 DCS OPERATING AND CONTROL PHILOSOPHY
- DGS 1511 021 DISTRIBUTED CONTROL SYSTEM
- DGS 1511 023 DCS GUIDELINES FOR CONTROL LOOP REDUNDANCY
- DGS 1511 025 DESIGN RULES FOR DCS GRAPHICS
- DGS 1511 028 FIRE & GAS GRAPHICS DESIGN RULES
- DGS 1511 032 INSTRUMENT DESIGN CRITERIA
- DGS 1511 076 SAFETY INSTRUMENTED FUNCTION (SIL CLASSIFICATION AND IMPLEMENTATION)

BIDDER understands that the relevant DGS which are required for RSHT-1 project are already part of tender documents and hence the above DGS were not included in the RFT.",Document provided with TB,TB22,"Applicable to RSHT-2.
Bidder to follow latest AGES in places of DGS",Confirmed,CONFIRMED,,
488,34,,"2.7.4




3",Dual channel barrier,"5312-ADD-1511-033 INSTRUMENTATION FURNISHED WITH PACKAGE UNITS ADDENDUM TO DGS
ANNEXURE-2 : EMERSON TECHNO-COMMERCIAL PROPOSAL  of RP-5312-00-IN-002 Adequacy Study Report for Existing DCS & ESD System",Process Control and Automation,"As per 5312-ADD-1511-033 clause 2.7.4  ""IS Barriers and isolators shall be single channel only. Dual channel barrier/ isolators shall not be used""

However as per Clause 3 Bill of Material of ANNEXURE-2 of RP-5312-00-IN-002 Adequacy Study Report for Existing DCS & ESD System, Dual channel barrier is used for Analog Input, Analog Output & Digital Input. BIDDER understands that use of Dual channel barrier for Analog & Digital I/O's is acceptable.

COMPANY to confirm.",Please note that the referenced addendum is for packages only. Therefore it is not applicable to the plant-wide control system. Bidder to follow the existing philosophy for the use of IS barriers & isolators,TB22,N/A,Confirmed,CONFIRMED,,
489,35,,"Section 2.3,  Page 9

 
",Applicable Company Standards,"RP-5312-00-MC-001 

",Material Corrosion and Protection,"As per sec. 2.3 of ""Corrosion Control & Materials Selection Philosophy"" document, there is mention of 
1.AGES-SP-07-001 Cathodic Protection Specification.
2.STD-1781-004-001 Cathodic Protection provisions for Critical Concrete Structures.
3.STD-1781-004-002 Cathodic Protection provisions for Non-Critical Concrete Structures.
However, this document is not available in the ITB document folder provided.                                                                          COMPANY is requested to provide the same.","1. AGES already shared via TB-021

Other documents will be provided with TB",TB22,"Applicable to RSHT-2.
AGES & Active DGS and civil STD drgs already issued.",Confirmed,CONFIRMED,,
490,36,,"Section 1.5,  Page 7

 
",Reference Documents ,"RP-5312-00-MC-007

",Material Corrosion and Protection,"As per sec.1.5 of ""EPC SOW for Cathodic Protection System Design document"" under ADNOC Gas Processing Engineering specifications, there is mention of 
1.DGS-1674-001-Design,Installation,Commissioning and Monitoring of Cathodic Protection for plant facilities.
Under Project documents:
2.4672AB-10-4-630 Cathodic Protection overall layout
However, this document is not available in the ITB document folder provided.                                                                          COMPANY is requested to provide the same.","1.DGS will be provided with TB
2. This is an existing overall layout and will be shared with the successful bidder during detail engineering",TB22,"1. Bidder to follow latest AGES in places of DGS
2. N/A",Confirmed,CONFIRMED,,
491,37,,"Note-9
9. OPERATIONS INTENDS TO OPERATE BOTH NEW AND MODIFIED REMELTERS. SINCE MP STEAM SUPPLY FROM GUP HAS LIMITATION, CONSIDER TO CLOSE MP STEAM SUPPLY TO REMELTER WHEN SNUFFING STEAM IS OPERATED FOR SULPHUR STORAGE TAN INSIDE FIRE, TO ENSURE SUFFICIENT SNUFFING STEAM DURING EMERGENCY.",MP steam requirement during snuffing,P&ID: 5312-30-A1-0095,PROCESS,"As per note-9, the MP steam to remelter to be stopped manually to suffice/cover the snuffing steam requirement in case of fire. As a standard practice, the safety provisions are redundant and not associated with other systems. Bidder understands that this non-redundant provision of sniffing steam supply during fire is allowed as per ADNOC standard and legal requirements. 

During EPC, in case due to any of the ADNOC standard or legal requirements, if the redundant source will be required, then since utilities supply is under company responsibility, company, the necessary arrangements will be out of scope of bidder supply.

Kindly confirm.","BIDDER understanding is correct regarding the source of the steam. However, Steam requirement to be revisted during EPC, and availability of steam from GUP and adequacy need to be reconfirmed during EPC.",TB22,"Applicable to RSHT-2
Bidder to consider the company clarification & close out based on revised TB issued for RSHT-2 design.",Confirmed,CONFIRMED,,
492,38,,Section 5.3.1.1,New Fire Water Ring,RP-5312-00-SA-003_1 (FIRE PROTECTION PHILOSOPHY) ,Design HSE,"With reference to FEED document 'RP-5312-00-SA-003_1' manual gate valves shall be installed in the ring main/network. Whereas '5312-00-A1-9019_0' (Firewater System Layout) has butterfly valves in the ring main/network for isolating sections of main. 

Bidder understands that manual gate valves shall be installed in the ring main/network for isolating sections of main to provide adequate firewater to all areas of the facilities. Also, manual gate valves shall be used as isolation valves for combined hydrant/monitor, hydrant/monitor.
Company to confirm bidders understanding.",Bider to follow Butterfly valves in the ring main as mentioned in Firewater system layout and Firewater P&ID.,TB22,Applicable to RSHT-2,Confirmed,CONFIRMED,,
493,39,,point 10,Terminal Operating System,Technical Bulletin n. 18,Digital and System Design Integration,"Following the previous Bidder TQ about the Terminal Operating System (TOS) to which Company has replied specifying that the Terminal Control will be performed by DCS, Bidder would like to better clarify the request: 
Terminal Operating System is generally composed by Software application interfacing the OT layer (such as DCS, PLC etc ...) with IT layer (such as SAP or in general, Company legacy systems etc ...) and is meant to provide the port with Port Management information System, Port and Resource scheduling, exchange data for Vessel scheduling, container status,  etc ....
Bidder kindly asks Company to inform about the necessity to include in the bid the TOS. 
According to the above and in case the TOS would be required, Bidder suggest to approach the TOS in two macro phases:
•	First phase to be included in the base scope of work meant to execute a ""TOS Study"" where the functional requirements for the TOS will be collected with the involvement of Company representatives;
•	Second phase to be included as provisional sum for the TOS implementation: on the basis of the TOS Study result TOS will be realized and customized exactly the Company needs.",TOS to be considered as optional scope,TB22,N/A,Confirmed,CONFIRMED,,
494,40,,Note 9 and Section 5.3.11,"Note 9 
9. OPERATIONS INTENDS TO OPERATE BOTH NEW AND MODIFIED REMELTERS. SINCE MP STEAM SUPPLY FROM GUP HAS LIMITATION, CONSIDER TO CLOSE MP STEAM SUPPLY TO REMELTER WHEN SNUFFING STEAM IS OPERATED FOR SULPHUR STORAGE TAN INSIDE FIRE, TO ENSURE SUFFICIENT SNUFFING STEAM DURING EMERGENCY. 
And 
Section 5.3.11 Liquid Sulphur Storage Tanks: Steam snuffing to be used as the primary fire protection means for all liquid sulphur storage tanks and pits. 
Steam snuffing will be through automated snuffing steam valves along with alarming system to prevent any 
fire inside liquid sulphur tanks. ","P&ID: 5312-30-A1-0095_0 and 
RP-5312-00-SA-003_1 (FIRE PROTECTION PHILOSOPHY) ",Design HSE,"With reference to FEED P&ID '5312-30-A1-0095_0', as per note-9, the MP steam to remelter to be stopped manually to suffice/cover the snuffing steam requirement in case of fire. 
And 
With reference to FEED document 'RP-5312-00-SA-003_1', steam snuffing will be through automated snuffing steam valves along with alarming system to prevent any fire inside liquid sulphur tanks. 

Bidder understands that the steam snuffing actuaction will be manually as per Note 9 of P&ID '5312-30-A1-0095_0' and automated steam snuffing along with alarming system inside liquid sulphur tanks is not envisaged.
Company to confirm bidders understanding.",Not acceptable. Bidder shall consider automatinc snuffing system.,TB22,"Applicable to RSHT-2
 Bidder to consider the company clarification & close out based on revised TB issued for RSHT-2 design.",Confirmed,CONFIRMED,,
495,1,,,,,,,Bidder to consider the following items as optional on a reimbursable basis (excluded from the Lump Sum cost),TB23,N/A,Confirmed,CONFIRMED,,
496,2,,,,,,,1. Complete Replacement of Exis ng Ship Loader with new ship  loader at berth 1 (Tag Number 10-SL-0001),TB23,N/A,Confirmed,CONFIRMED,,
497,3,,,,,,,2. New Bulk conveyer tagged 10-CV-0007 connecting the Ship loader at berth 1 to Transfer Tower TT-2,TB23,N/A,Confirmed,CONFIRMED,,
498,4,,,,,,,3. Addional Bulk Conveyor (not envisaged during FEED) of design capacity 1100T/H connecting Dome 1 (Old Dome) to Transfer Tower TT-2 of an es mated length of 140m.,TB23,N/A,Confirmed,CONFIRMED,,
499,5,,,,,,,"4. Replacement of old Granulators (6 number tagged GX2, GX3, GX6, GX7, GX8, GX9) with new granulators instead of refurbishment scope per FEED. The scope of optional items shall include procurement, detailed engineering and design, testing, construction, commissioning and start up with all associated utilities and systems (piles, foundation, structure, mechanical works, electric, Control, …etc.)",TB23,N/A,Confirmed,CONFIRMED,,
501,6,,,,,,, Bidder to delete the following requirement listed in the Addendum to Annexure 3 for scope of works document submited with RFT.,TB23,Applicable,Not clear,NOT APPLICABLE TO SGP,,
502,7,,,,,,,• Item B.9 for the complete replacement of Existing control and safeguarding systems,TB23,Applicable,Not clear,NOT APPLICABLE TO SGP,,
504,8,,,,,,," Regarding the Cable trays for electric, Instruments, Fire and Gas, Telecommunications, … 

All Cable Trays & Cable Ladders for E&I, shall be manufactured from Glass Reinforced Polyester (GRP) with fire retardant resin to ASTM   E 84 as per Section B –Technical Requirements clause no-7.1.2 of ADNOC Group Projects and Engineering-Bulk Material Specifications AGES-SP-02-019",TB23,Applicable. Bidder to consider the company clarification & close out based on revised TB issued for RSHT-2 design.,Confirmed,CONFIRMED,,
506,9,,,,,,,All modifications in existing DCS/ESD/F&G systems shall consider System Virtualization.,TB23,Applicable. Bidder to consider the company clarification & close out based on revised TB issued for RSHT-2 design.,Confirmed,CONFIRMED,,
508,10,,,,,,,"Referring to company Tender Bulletin TB-021, Attachment 3 for Exhibit-B.13_v91 , Point B13.9 Project handover. 
Company withdraws the requirement of handover of hardware/ software licenses at the end of the project.",TB23,Applicable to RSHT-2,Confirmed,CONFIRMED,,
510,11,,,,,,,"In view of stringent/over conservative requirements of NFPA 655 for snuffing steam estimations (volume of tank),  
During EPC phase, successful bidders to follow basis to optimize the steam rate requirement, considering the oxygen level content to less than 8% levels in the tank in a period of 10-15 minutes.  
Bidder to note that NFFPA 655 requirements for snuffing steam estimates shall be further reviewed with company during EPC phase. ",TB23,Applicable for RSHT-2. Bidder shall consider the company responses & close out based on Revised TB issued,Confirmed,CONFIRMED,,
511,1,,,,,,,Revised Pricing schedule shared via TB 024,TB24,Not Applicable .  For RSHT2 new pricing schedule Exhibit A.07 already shared with Bidders,Confirmed,CONFIRMED,,
512,1,,,,,,,,TB25,APPLICABLE to RSHT2,Confirmed,CONFIRMED,,
513,1,,,,,,,"With reference to RFT 6000066707, submitted on 22nd of Dec 2023, The EPC Contractor should bear full responsibility for the lifting, handling and installation of the ship loader, taking into account the actual site conditions before submitting the respective method statement. The information provided in the FEED package shall be regarded as guidelines only and shall not be considered as rely-upon information.
",TB26,Applicable,"Not APPLICABLE to RSHT2,which related to ship loader.",CONFIRMED,,
514,2,,,,,,,"The EPC Contractor can consider alternative methods for lifting and handling which after proposed by EPC Contractor shall be carefully studied and reviewed by COMPANY and other stakeholders to ensure that lifting and handling operations are conducted in the safest and most practical manner. These alternative methods may include, but are not limited to, the use of mega jacking and skidding on top of the FERTIL conveyor. However, the feasibility of this option is subject to several parameters that shall be reviewed by the COMPANY and FERTIL to determine its suitability.",TB26,Applicable,"Not APPLICABLE to RSHT2,which related to ship loader.",CONFRMED,,
515,3,,,,,,,Any arrangements deemed necessary by the COMPANY to ensure the safe execution of lifting and handling operations shall be under the full responsibility of the EPC Contractor. The EPC Contractor shall adhere to and implement these arrangements at their own cost.,TB26,Applicable,"Not APPLICABLE to RSHT2,which related to ship loader.",CONFIRMED,,
,,,,,,,,,,,,,,
,,,,,,,,,,,,,,
,,,,,,,,,,,,,,
,,,,,,,,,,,,,,
,,,,,,,,,,,,,,
,,,,,,,,,,,,,,
,,,,,,,,,,,,,,
,,,,,,,,,,,,,,
,,,,,,,,,,,,,,
,,,,,,,,,,,,,,
,,,,,,,,,,,,,,
,,,,,,,,,,,,,,
,,,,,,,,,,,,,,
,,,,,,,,,,,,,,
,,,,,,,,,,,,,,
,,,,,,,,,,,,,,
,,,,,,,,,,,,,,
,,,,,,,,,,,,,,
,,,,,,,,,,,,,,
,,,,,,,,,,,,,,
,,,,,,,,,,,,,,
,,,,,,,,,,,,,,
,,,,,,,,,,,,,,
,,,,,,,,,,,,,,
,,,,,,,,,,,,,,
,,,,,,,,,,,,,,
,,,,,,,,,,,,,,
,,,,,,,,,,,,,,
,,,,,,,,,,,,,,
,,,,,,,,,,,,,,
,,,,,,,,,,,,,,
,,,,,,,,,,,,,,
,,,,,,,,,,,,,,
,,,,,,,,,,,,,,
,,,,,,,,,,,,,,
,,,,,,,,,,,,,,
,,,,,,,,,,,,,,
,,,,,,,,,,,,,,
,,,,,,,,,,,,,,
,,,,,,,,,,,,,,
,,,,,,,,,,,,,,
,,,,,,,,,,,,,,
,,,,,,,,,,,,,,
,,,,,,,,,,,,,,
,,,,,,,,,,,,,,
,,,,,,,,,,,,,,
,,,,,,,,,,,,,,
,,,,,,,,,,,,,,
,,,,,,,,,,,,,,
,,,,,,,,,,,,,,
,,,,,,,,,,,,,,
,,,,,,,,,,,,,,
,,,,,,,,,,,,,,
,,,,,,,,,,,,,,
,,,,,,,,,,,,,,
,,,,,,,,,,,,,,
,,,,,,,,,,,,,,
,,,,,,,,,,,,,,
,,,,,,,,,,,,,,
,,,,,,,,,,,,,,
,,,,,,,,,,,,,,
,,,,,,,,,,,,,,
,,,,,,,,,,,,,,
,,,,,,,,,,,,,,
,,,,,,,,,,,,,,
,,,,,,,,,,,,,,
,,,,,,,,,,,,,,
,,,,,,,,,,,,,,
,,,,,,,,,,,,,,
,,,,,,,,,,,,,,
,,,,,,,,,,,,,,
,,,,,,,,,,,,,,
,,,,,,,,,,,,,,
,,,,,,,,,,,,,,
,,,,,,,,,,,,,,
,,,,,,,,,,,,,,
,,,,,,,,,,,,,,
,,,,,,,,,,,,,,
,,,,,,,,,,,,,,
,,,,,,,,,,,,,,
,,,,,,,,,,,,,,
,,,,,,,,,,,,,,
,,,,,,,,,,,,,,
,,,,,,,,,,,,,,
,,,,,,,,,,,,,,
,,,,,,,,,,,,,,
,,,,,,,,,,,,,,
,,,,,,,,,,,,,,
,,,,,,,,,,,,,,
,,,,,,,,,,,,,,
,,,,,,,,,,,,,,
,,,,,,,,,,,,,,
,,,,,,,,,,,,,,
,,,,,,,,,,,,,,
,,,,,,,,,,,,,,
,,,,,,,,,,,,,,
,,,,,,,,,,,,,,
,,,,,,,,,,,,,,
,,,,,,,,,,,,,,
,,,,,,,,,,,,,,
,,,,,,,,,,,,,,
,,,,,,,,,,,,,,
,,,,,,,,,,,,,,
,,,,,,,,,,,,,,
,,,,,,,,,,,,,,
,,,,,,,,,,,,,,
,,,,,,,,,,,,,,
,,,,,,,,,,,,,,
,,,,,,,,,,,,,,
,,,,,,,,,,,,,,
,,,,,,,,,,,,,,
,,,,,,,,,,,,,,
,,,,,,,,,,,,,,
,,,,,,,,,,,,,,
,,,,,,,,,,,,,,
,,,,,,,,,,,,,,
,,,,,,,,,,,,,,
,,,,,,,,,,,,,,
,,,,,,,,,,,,,,
,,,,,,,,,,,,,,
,,,,,,,,,,,,,,
,,,,,,,,,,,,,,
,,,,,,,,,,,,,,
,,,,,,,,,,,,,,
,,,,,,,,,,,,,,
,,,,,,,,,,,,,,
,,,,,,,,,,,,,,
,,,,,,,,,,,,,,
,,,,,,,,,,,,,,
,,,,,,,,,,,,,,
,,,,,,,,,,,,,,
,,,,,,,,,,,,,,
,,,,,,,,,,,,,,
,,,,,,,,,,,,,,
,,,,,,,,,,,,,,
,,,,,,,,,,,,,,
,,,,,,,,,,,,,,
,,,,,,,,,,,,,,
,,,,,,,,,,,,,,
,,,,,,,,,,,,,,
,,,,,,,,,,,,,,
,,,,,,,,,,,,,,
,,,,,,,,,,,,,,
,,,,,,,,,,,,,,
,,,,,,,,,,,,,,
,,,,,,,,,,,,,,
,,,,,,,,,,,,,,
,,,,,,,,,,,,,,
,,,,,,,,,,,,,,
,,,,,,,,,,,,,,
,,,,,,,,,,,,,,
,,,,,,,,,,,,,,
,,,,,,,,,,,,,,
,,,,,,,,,,,,,,
,,,,,,,,,,,,,,
,,,,,,,,,,,,,,
,,,,,,,,,,,,,,
,,,,,,,,,,,,,,
,,,,,,,,,,,,,,
,,,,,,,,,,,,,,
,,,,,,,,,,,,,,
,,,,,,,,,,,,,,
,,,,,,,,,,,,,,
,,,,,,,,,,,,,,
,,,,,,,,,,,,,,
,,,,,,,,,,,,,,
,,,,,,,,,,,,,,
,,,,,,,,,,,,,,
,,,,,,,,,,,,,,
,,,,,,,,,,,,,,
,,,,,,,,,,,,,,
,,,,,,,,,,,,,,
,,,,,,,,,,,,,,
,,,,,,,,,,,,,,
,,,,,,,,,,,,,,
,,,,,,,,,,,,,,
,,,,,,,,,,,,,,
,,,,,,,,,,,,,,
,,,,,,,,,,,,,,
,,,,,,,,,,,,,,
,,,,,,,,,,,,,,
,,,,,,,,,,,,,,
,,,,,,,,,,,,,,
,,,,,,,,,,,,,,
,,,,,,,,,,,,,,
,,,,,,,,,,,,,,
,,,,,,,,,,,,,,
,,,,,,,,,,,,,,
,,,,,,,,,,,,,,
,,,,,,,,,,,,,,
,,,,,,,,,,,,,,
,,,,,,,,,,,,,,
,,,,,,,,,,,,,,
,,,,,,,,,,,,,,
,,,,,,,,,,,,,,
,,,,,,,,,,,,,,
,,,,,,,,,,,,,,
,,,,,,,,,,,,,,
,,,,,,,,,,,,,,
,,,,,,,,,,,,,,
,,,,,,,,,,,,,,
,,,,,,,,,,,,,,
,,,,,,,,,,,,,,
,,,,,,,,,,,,,,
,,,,,,,,,,,,,,
,,,,,,,,,,,,,,
,,,,,,,,,,,,,,
,,,,,,,,,,,,,,
,,,,,,,,,,,,,,
,,,,,,,,,,,,,,
,,,,,,,,,,,,,,
,,,,,,,,,,,,,,
,,,,,,,,,,,,,,
,,,,,,,,,,,,,,
,,,,,,,,,,,,,,
,,,,,,,,,,,,,,
,,,,,,,,,,,,,,
,,,,,,,,,,,,,,
,,,,,,,,,,,,,,
,,,,,,,,,,,,,,
,,,,,,,,,,,,,,
,,,,,,,,,,,,,,
,,,,,,,,,,,,,,
,,,,,,,,,,,,,,
,,,,,,,,,,,,,,
,,,,,,,,,,,,,,
,,,,,,,,,,,,,,
,,,,,,,,,,,,,,
,,,,,,,,,,,,,,
,,,,,,,,,,,,,,
,,,,,,,,,,,,,,
,,,,,,,,,,,,,,
,,,,,,,,,,,,,,
,,,,,,,,,,,,,,
,,,,,,,,,,,,,,
,,,,,,,,,,,,,,
,,,,,,,,,,,,,,
,,,,,,,,,,,,,,
,,,,,,,,,,,,,,
,,,,,,,,,,,,,,
,,,,,,,,,,,,,,
,,,,,,,,,,,,,,
,,,,,,,,,,,,,,
,,,,,,,,,,,,,,
,,,,,,,,,,,,,,
,,,,,,,,,,,,,,
,,,,,,,,,,,,,,
,,,,,,,,,,,,,,
,,,,,,,,,,,,,,
,,,,,,,,,,,,,,
,,,,,,,,,,,,,,
,,,,,,,,,,,,,,
,,,,,,,,,,,,,,
,,,,,,,,,,,,,,
,,,,,,,,,,,,,,
,,,,,,,,,,,,,,
,,,,,,,,,,,,,,
,,,,,,,,,,,,,,
,,,,,,,,,,,,,,
,,,,,,,,,,,,,,
,,,,,,,,,,,,,,
,,,,,,,,,,,,,,
,,,,,,,,,,,,,,
,,,,,,,,,,,,,,
,,,,,,,,,,,,,,
,,,,,,,,,,,,,,
,,,,,,,,,,,,,,
,,,,,,,,,,,,,,
,,,,,,,,,,,,,,
,,,,,,,,,,,,,,
,,,,,,,,,,,,,,
,,,,,,,,,,,,,,
,,,,,,,,,,,,,,
,,,,,,,,,,,,,,
,,,,,,,,,,,,,,
,,,,,,,,,,,,,,
,,,,,,,,,,,,,,
,,,,,,,,,,,,,,
,,,,,,,,,,,,,,
,,,,,,,,,,,,,,
,,,,,,,,,,,,,,
,,,,,,,,,,,,,,
,,,,,,,,,,,,,,
,,,,,,,,,,,,,,
,,,,,,,,,,,,,,
,,,,,,,,,,,,,,
,,,,,,,,,,,,,,
,,,,,,,,,,,,,,
,,,,,,,,,,,,,,
,,,,,,,,,,,,,,
,,,,,,,,,,,,,,
,,,,,,,,,,,,,,
,,,,,,,,,,,,,,
,,,,,,,,,,,,,,
,,,,,,,,,,,,,,
,,,,,,,,,,,,,,
,,,,,,,,,,,,,,
,,,,,,,,,,,,,,
,,,,,,,,,,,,,,
,,,,,,,,,,,,,,
,,,,,,,,,,,,,,
,,,,,,,,,,,,,,
,,,,,,,,,,,,,,
,,,,,,,,,,,,,,
,,,,,,,,,,,,,,
,,,,,,,,,,,,,,
,,,,,,,,,,,,,,
,,,,,,,,,,,,,,
,,,,,,,,,,,,,,
,,,,,,,,,,,,,,
,,,,,,,,,,,,,,
,,,,,,,,,,,,,,
,,,,,,,,,,,,,,
,,,,,,,,,,,,,,
,,,,,,,,,,,,,,
,,,,,,,,,,,,,,
,,,,,,,,,,,,,,
,,,,,,,,,,,,,,
,,,,,,,,,,,,,,
,,,,,,,,,,,,,,
,,,,,,,,,,,,,,
,,,,,,,,,,,,,,
,,,,,,,,,,,,,,
,,,,,,,,,,,,,,
,,,,,,,,,,,,,,
,,,,,,,,,,,,,,
,,,,,,,,,,,,,,
,,,,,,,,,,,,,,
,,,,,,,,,,,,,,
,,,,,,,,,,,,,,
,,,,,,,,,,,,,,
,,,,,,,,,,,,,,
,,,,,,,,,,,,,,
,,,,,,,,,,,,,,
,,,,,,,,,,,,,,
,,,,,,,,,,,,,,
,,,,,,,,,,,,,,
,,,,,,,,,,,,,,
,,,,,,,,,,,,,,
,,,,,,,,,,,,,,
,,,,,,,,,,,,,,
,,,,,,,,,,,,,,
,,,,,,,,,,,,,,
,,,,,,,,,,,,,,
,,,,,,,,,,,,,,
,,,,,,,,,,,,,,
,,,,,,,,,,,,,,
,,,,,,,,,,,,,,
,,,,,,,,,,,,,,
,,,,,,,,,,,,,,
,,,,,,,,,,,,,,
,,,,,,,,,,,,,,
,,,,,,,,,,,,,,
,,,,,,,,,,,,,,
,,,,,,,,,,,,,,
,,,,,,,,,,,,,,
,,,,,,,,,,,,,,
,,,,,,,,,,,,,,
,,,,,,,,,,,,,,
,,,,,,,,,,,,,,
,,,,,,,,,,,,,,
,,,,,,,,,,,,,,
,,,,,,,,,,,,,,
,,,,,,,,,,,,,,
,,,,,,,,,,,,,,
,,,,,,,,,,,,,,
,,,,,,,,,,,,,,
,,,,,,,,,,,,,,
,,,,,,,,,,,,,,
,,,,,,,,,,,,,,
,,,,,,,,,,,,,,
,,,,,,,,,,,,,,
,,,,,,,,,,,,,,
,,,,,,,,,,,,,,
,,,,,,,,,,,,,,
,,,,,,,,,,,,,,
,,,,,,,,,,,,,,
,,,,,,,,,,,,,,
,,,,,,,,,,,,,,
,,,,,,,,,,,,,,
,,,,,,,,,,,,,,
,,,,,,,,,,,,,,
,,,,,,,,,,,,,,
,,,,,,,,,,,,,,
,,,,,,,,,,,,,,
,,,,,,,,,,,,,,
,,,,,,,,,,,,,,
,,,,,,,,,,,,,,
,,,,,,,,,,,,,,
,,,,,,,,,,,,,,
,,,,,,,,,,,,,,
,,,,,,,,,,,,,,
,,,,,,,,,,,,,,
,,,,,,,,,,,,,,
,,,,,,,,,,,,,,
,,,,,,,,,,,,,,
,,,,,,,,,,,,,,
,,,,,,,,,,,,,,
,,,,,,,,,,,,,,
,,,,,,,,,,,,,,
,,,,,,,,,,,,,,
,,,,,,,,,,,,,,
,,,,,,,,,,,,,,
,,,,,,,,,,,,,,
,,,,,,,,,,,,,,
,,,,,,,,,,,,,,
,,,,,,,,,,,,,,
,,,,,,,,,,,,,,
,,,,,,,,,,,,,,
,,,,,,,,,,,,,,
,,,,,,,,,,,,,,
,,,,,,,,,,,,,,
,,,,,,,,,,,,,,
,,,,,,,,,,,,,,
,,,,,,,,,,,,,,
,,,,,,,,,,,,,,
,,,,,,,,,,,,,,
,,,,,,,,,,,,,,
,,,,,,,,,,,,,,
,,,,,,,,,,,,,,
,,,,,,,,,,,,,,
,,,,,,,,,,,,,,
,,,,,,,,,,,,,,
,,,,,,,,,,,,,,
,,,,,,,,,,,,,,
,,,,,,,,,,,,,,
,,,,,,,,,,,,,,
,,,,,,,,,,,,,,
,,,,,,,,,,,,,,
,,,,,,,,,,,,,,
,,,,,,,,,,,,,,
,,,,,,,,,,,,,,
,,,,,,,,,,,,,,
,,,,,,,,,,,,,,
,,,,,,,,,,,,,,
,,,,,,,,,,,,,,
,,,,,,,,,,,,,,
,,,,,,,,,,,,,,
,,,,,,,,,,,,,,
,,,,,,,,,,,,,,
,,,,,,,,,,,,,,
,,,,,,,,,,,,,,
,,,,,,,,,,,,,,
,,,,,,,,,,,,,,
,,,,,,,,,,,,,,
,,,,,,,,,,,,,,
,,,,,,,,,,,,,,
,,,,,,,,,,,,,,
,,,,,,,,,,,,,,
,,,,,,,,,,,,,,
,,,,,,,,,,,,,,
,,,,,,,,,,,,,,
,,,,,,,,,,,,,,
,,,,,,,,,,,,,,
,,,,,,,,,,,,,,
,,,,,,,,,,,,,,
,,,,,,,,,,,,,,
,,,,,,,,,,,,,,
,,,,,,,,,,,,,,
,,,,,,,,,,,,,,
,,,,,,,,,,,,,,
,,,,,,,,,,,,,,
,,,,,,,,,,,,,,
,,,,,,,,,,,,,,
,,,,,,,,,,,,,,
,,,,,,,,,,,,,,
,,,,,,,,,,,,,,
,,,,,,,,,,,,,,
,,,,,,,,,,,,,,
,,,,,,,,,,,,,,
,,,,,,,,,,,,,,
,,,,,,,,,,,,,,
,,,,,,,,,,,,,,
,,,,,,,,,,,,,,
,,,,,,,,,,,,,,
,,,,,,,,,,,,,,
,,,,,,,,,,,,,,
,,,,,,,,,,,,,,
,,,,,,,,,,,,,,
,,,,,,,,,,,,,,
,,,,,,,,,,,,,,
,,,,,,,,,,,,,,
,,,,,,,,,,,,,,
,,,,,,,,,,,,,,
,,,,,,,,,,,,,,
,,,,,,,,,,,,,,
,,,,,,,,,,,,,,
,,,,,,,,,,,,,,
,,,,,,,,,,,,,,
,,,,,,,,,,,,,,
,,,,,,,,,,,,,,
,,,,,,,,,,,,,,
,,,,,,,,,,,,,,
,,,,,,,,,,,,,,
,,,,,,,,,,,,,,
,,,,,,,,,,,,,,
,,,,,,,,,,,,,,
,,,,,,,,,,,,,,
,,,,,,,,,,,,,,
,,,,,,,,,,,,,,
,,,,,,,,,,,,,,
,,,,,,,,,,,,,,
,,,,,,,,,,,,,,
,,,,,,,,,,,,,,
,,,,,,,,,,,,,,
,,,,,,,,,,,,,,
,,,,,,,,,,,,,,
,,,,,,,,,,,,,,
,,,,,,,,,,,,,,
,,,,,,,,,,,,,,
,,,,,,,,,,,,,,
,,,,,,,,,,,,,,
,,,,,,,,,,,,,,
,,,,,,,,,,,,,,
,,,,,,,,,,,,,,
,,,,,,,,,,,,,,
,,,,,,,,,,,,,,
,,,,,,,,,,,,,,
,,,,,,,,,,,,,,
,,,,,,,,,,,,,,
,,,,,,,,,,,,,,
,,,,,,,,,,,,,,
,,,,,,,,,,,,,,
,,,,,,,,,,,,,,
,,,,,,,,,,,,,,
,,,,,,,,,,,,,,
,,,,,,,,,,,,,,
,,,,,,,,,,,,,,
,,,,,,,,,,,,,,
,,,,,,,,,,,,,,
,,,,,,,,,,,,,,
,,,,,,,,,,,,,,
,,,,,,,,,,,,,,
,,,,,,,,,,,,,,
,,,,,,,,,,,,,,
,,,,,,,,,,,,,,
,,,,,,,,,,,,,,
,,,,,,,,,,,,,,
,,,,,,,,,,,,,,
,,,,,,,,,,,,,,
,,,,,,,,,,,,,,
,,,,,,,,,,,,,,
,,,,,,,,,,,,,,
,,,,,,,,,,,,,,
,,,,,,,,,,,,,,
,,,,,,,,,,,,,,
,,,,,,,,,,,,,,
,,,,,,,,,,,,,,
,,,,,,,,,,,,,,
,,,,,,,,,,,,,,
,,,,,,,,,,,,,,
,,,,,,,,,,,,,,
,,,,,,,,,,,,,,
,,,,,,,,,,,,,,
,,,,,,,,,,,,,,
,,,,,,,,,,,,,,
,,,,,,,,,,,,,,
,,,,,,,,,,,,,,
,,,,,,,,,,,,,,
,,,,,,,,,,,,,,
,,,,,,,,,,,,,,
,,,,,,,,,,,,,,
,,,,,,,,,,,,,,
,,,,,,,,,,,,,,
,,,,,,,,,,,,,,
,,,,,,,,,,,,,,
,,,,,,,,,,,,,,
,,,,,,,,,,,,,,
,,,,,,,,,,,,,,
,,,,,,,,,,,,,,
,,,,,,,,,,,,,,
,,,,,,,,,,,,,,
,,,,,,,,,,,,,,
,,,,,,,,,,,,,,
,,,,,,,,,,,,,,
,,,,,,,,,,,,,,
,,,,,,,,,,,,,,
,,,,,,,,,,,,,,
,,,,,,,,,,,,,,
,,,,,,,,,,,,,,
,,,,,,,,,,,,,,
,,,,,,,,,,,,,,
,,,,,,,,,,,,,,
,,,,,,,,,,,,,,
,,,,,,,,,,,,,,
,,,,,,,,,,,,,,
,,,,,,,,,,,,,,
,,,,,,,,,,,,,,
,,,,,,,,,,,,,,
,,,,,,,,,,,,,,
,,,,,,,,,,,,,,
,,,,,,,,,,,,,,
,,,,,,,,,,,,,,
,,,,,,,,,,,,,,
,,,,,,,,,,,,,,
,,,,,,,,,,,,,,
,,,,,,,,,,,,,,
,,,,,,,,,,,,,,
,,,,,,,,,,,,,,
,,,,,,,,,,,,,,
,,,,,,,,,,,,,,
,,,,,,,,,,,,,,
,,,,,,,,,,,,,,
,,,,,,,,,,,,,,
,,,,,,,,,,,,,,
,,,,,,,,,,,,,,
,,,,,,,,,,,,,,
,,,,,,,,,,,,,,
,,,,,,,,,,,,,,
,,,,,,,,,,,,,,
,,,,,,,,,,,,,,
,,,,,,,,,,,,,,
,,,,,,,,,,,,,,
,,,,,,,,,,,,,,
,,,,,,,,,,,,,,
,,,,,,,,,,,,,,
,,,,,,,,,,,,,,
,,,,,,,,,,,,,,
,,,,,,,,,,,,,,
,,,,,,,,,,,,,,
,,,,,,,,,,,,,,
,,,,,,,,,,,,,,
,,,,,,,,,,,,,,
,,,,,,,,,,,,,,
,,,,,,,,,,,,,,
,,,,,,,,,,,,,,
,,,,,,,,,,,,,,
,,,,,,,,,,,,,,
,,,,,,,,,,,,,,
,,,,,,,,,,,,,,
,,,,,,,,,,,,,,
,,,,,,,,,,,,,,
,,,,,,,,,,,,,,
,,,,,,,,,,,,,,
,,,,,,,,,,,,,,
,,,,,,,,,,,,,,
,,,,,,,,,,,,,,
,,,,,,,,,,,,,,
,,,,,,,,,,,,,,
,,,,,,,,,,,,,,
,,,,,,,,,,,,,,
,,,,,,,,,,,,,,
,,,,,,,,,,,,,,
,,,,,,,,,,,,,,
,,,,,,,,,,,,,,
,,,,,,,,,,,,,,
,,,,,,,,,,,,,,
,,,,,,,,,,,,,,
,,,,,,,,,,,,,,
,,,,,,,,,,,,,,
,,,,,,,,,,,,,,
,,,,,,,,,,,,,,
,,,,,,,,,,,,,,
,,,,,,,,,,,,,,
,,,,,,,,,,,,,,
,,,,,,,,,,,,,,
,,,,,,,,,,,,,,
,,,,,,,,,,,,,,
,,,,,,,,,,,,,,
,,,,,,,,,,,,,,
,,,,,,,,,,,,,,
,,,,,,,,,,,,,,
,,,,,,,,,,,,,,
,,,,,,,,,,,,,,
,,,,,,,,,,,,,,
,,,,,,,,,,,,,,
,,,,,,,,,,,,,,
,,,,,,,,,,,,,,
,,,,,,,,,,,,,,
,,,,,,,,,,,,,,
,,,,,,,,,,,,,,
,,,,,,,,,,,,,,
,,,,,,,,,,,,,,
,,,,,,,,,,,,,,
,,,,,,,,,,,,,,
,,,,,,,,,,,,,,
,,,,,,,,,,,,,,
,,,,,,,,,,,,,,
,,,,,,,,,,,,,,
,,,,,,,,,,,,,,
,,,,,,,,,,,,,,
,,,,,,,,,,,,,,
,,,,,,,,,,,,,,
,,,,,,,,,,,,,,
,,,,,,,,,,,,,,
,,,,,,,,,,,,,,
,,,,,,,,,,,,,,
,,,,,,,,,,,,,,
,,,,,,,,,,,,,,
,,,,,,,,,,,,,,
,,,,,,,,,,,,,,
,,,,,,,,,,,,,,
,,,,,,,,,,,,,,
,,,,,,,,,,,,,,
,,,,,,,,,,,,,,
,,,,,,,,,,,,,,
,,,,,,,,,,,,,,
,,,,,,,,,,,,,,
,,,,,,,,,,,,,,
,,,,,,,,,,,,,,
,,,,,,,,,,,,,,
,,,,,,,,,,,,,,
,,,,,,,,,,,,,,
,,,,,,,,,,,,,,
,,,,,,,,,,,,,,
,,,,,,,,,,,,,,
,,,,,,,,,,,,,,
,,,,,,,,,,,,,,
,,,,,,,,,,,,,,
,,,,,,,,,,,,,,
,,,,,,,,,,,,,,
,,,,,,,,,,,,,,
,,,,,,,,,,,,,,
,,,,,,,,,,,,,,
,,,,,,,,,,,,,,
,,,,,,,,,,,,,,
,,,,,,,,,,,,,,
,,,,,,,,,,,,,,
,,,,,,,,,,,,,,
,,,,,,,,,,,,,,
,,,,,,,,,,,,,,
,,,,,,,,,,,,,,
,,,,,,,,,,,,,,
,,,,,,,,,,,,,,
,,,,,,,,,,,,,,
,,,,,,,,,,,,,,
,,,,,,,,,,,,,,
,,,,,,,,,,,,,,
,,,,,,,,,,,,,,
,,,,,,,,,,,,,,
,,,,,,,,,,,,,,
,,,,,,,,,,,,,,
,,,,,,,,,,,,,,
,,,,,,,,,,,,,,
,,,,,,,,,,,,,,
,,,,,,,,,,,,,,
,,,,,,,,,,,,,,
,,,,,,,,,,,,,,
,,,,,,,,,,,,,,
,,,,,,,,,,,,,,
,,,,,,,,,,,,,,
,,,,,,,,,,,,,,
,,,,,,,,,,,,,,
,,,,,,,,,,,,,,
,,,,,,,,,,,,,,
,,,,,,,,,,,,,,
,,,,,,,,,,,,,,
,,,,,,,,,,,,,,
,,,,,,,,,,,,,,
,,,,,,,,,,,,,,
,,,,,,,,,,,,,,
,,,,,,,,,,,,,,
,,,,,,,,,,,,,,
,,,,,,,,,,,,,,
,,,,,,,,,,,,,,
,,,,,,,,,,,,,,
,,,,,,,,,,,,,,
,,,,,,,,,,,,,,
,,,,,,,,,,,,,,
,,,,,,,,,,,,,,
,,,,,,,,,,,,,,
,,,,,,,,,,,,,,
,,,,,,,,,,,,,,
,,,,,,,,,,,,,,
,,,,,,,,,,,,,,
,,,,,,,,,,,,,,
,,,,,,,,,,,,,,
,,,,,,,,,,,,,,
,,,,,,,,,,,,,,
,,,,,,,,,,,,,,
,,,,,,,,,,,,,,
,,,,,,,,,,,,,,
,,,,,,,,,,,,,,
,,,,,,,,,,,,,,
,,,,,,,,,,,,,,
,,,,,,,,,,,,,,
,,,,,,,,,,,,,,
,,,,,,,,,,,,,,
,,,,,,,,,,,,,,
,,,,,,,,,,,,,,
,,,,,,,,,,,,,,
,,,,,,,,,,,,,,
,,,,,,,,,,,,,,
,,,,,,,,,,,,,,
,,,,,,,,,,,,,,
,,,,,,,,,,,,,,
,,,,,,,,,,,,,,
,,,,,,,,,,,,,,
,,,,,,,,,,,,,,
,,,,,,,,,,,,,,
,,,,,,,,,,,,,,
,,,,,,,,,,,,,,
,,,,,,,,,,,,,,
,,,,,,,,,,,,,,
,,,,,,,,,,,,,,
,,,,,,,,,,,,,,
,,,,,,,,,,,,,,
,,,,,,,,,,,,,,
,,,,,,,,,,,,,,
,,,,,,,,,,,,,,
,,,,,,,,,,,,,,
,,,,,,,,,,,,,,
,,,,,,,,,,,,,,
,,,,,,,,,,,,,,
,,,,,,,,,,,,,,
,,,,,,,,,,,,,,
,,,,,,,,,,,,,,
,,,,,,,,,,,,,,
,,,,,,,,,,,,,,
,,,,,,,,,,,,,,
,,,,,,,,,,,,,,
,,,,,,,,,,,,,,
,,,,,,,,,,,,,,
,,,,,,,,,,,,,,
,,,,,,,,,,,,,,
,,,,,,,,,,,,,,
,,,,,,,,,,,,,,
,,,,,,,,,,,,,,
,,,,,,,,,,,,,,
,,,,,,,,,,,,,,
,,,,,,,,,,,,,,
,,,,,,,,,,,,,,
,,,,,,,,,,,,,,
,,,,,,,,,,,,,,
,,,,,,,,,,,,,,
,,,,,,,,,,,,,,
,,,,,,,,,,,,,,
,,,,,,,,,,,,,,
,,,,,,,,,,,,,,
,,,,,,,,,,,,,,
,,,,,,,,,,,,,,
,,,,,,,,,,,,,,
,,,,,,,,,,,,,,
,,,,,,,,,,,,,,
,,,,,,,,,,,,,,
,,,,,,,,,,,,,,
,,,,,,,,,,,,,,
,,,,,,,,,,,,,,
,,,,,,,,,,,,,,
,,,,,,,,,,,,,,
,,,,,,,,,,,,,,
,,,,,,,,,,,,,,
,,,,,,,,,,,,,,
,,,,,,,,,,,,,,
,,,,,,,,,,,,,,
,,,,,,,,,,,,,,
,,,,,,,,,,,,,,
,,,,,,,,,,,,,,
,,,,,,,,,,,,,,
,,,,,,,,,,,,,,
,,,,,,,,,,,,,,
,,,,,,,,,,,,,,
,,,,,,,,,,,,,,
,,,,,,,,,,,,,,
,,,,,,,,,,,,,,
,,,,,,,,,,,,,,
,,,,,,,,,,,,,,
,,,,,,,,,,,,,,
,,,,,,,,,,,,,,
,,,,,,,,,,,,,,
,,,,,,,,,,,,,,
,,,,,,,,,,,,,,
,,,,,,,,,,,,,,
,,,,,,,,,,,,,,
,,,,,,,,,,,,,,
,,,,,,,,,,,,,,
,,,,,,,,,,,,,,
,,,,,,,,,,,,,,
,,,,,,,,,,,,,,
,,,,,,,,,,,,,,
,,,,,,,,,,,,,,
,,,,,,,,,,,,,,
,,,,,,,,,,,,,,
,,,,,,,,,,,,,,
,,,,,,,,,,,,,,
,,,,,,,,,,,,,,
,,,,,,,,,,,,,,
,,,,,,,,,,,,,,
,,,,,,,,,,,,,,
,,,,,,,,,,,,,,
,,,,,,,,,,,,,,
,,,,,,,,,,,,,,
,,,,,,,,,,,,,,
,,,,,,,,,,,,,,
,,,,,,,,,,,,,,
,,,,,,,,,,,,,,
,,,,,,,,,,,,,,
,,,,,,,,,,,,,,
,,,,,,,,,,,,,,
,,,,,,,,,,,,,,
,,,,,,,,,,,,,,
,,,,,,,,,,,,,,
,,,,,,,,,,,,,,
,,,,,,,,,,,,,,
,,,,,,,,,,,,,,
,,,,,,,,,,,,,,
,,,,,,,,,,,,,,
,,,,,,,,,,,,,,
,,,,,,,,,,,,,,
,,,,,,,,,,,,,,
,,,,,,,,,,,,,,
,,,,,,,,,,,,,,
,,,,,,,,,,,,,,
,,,,,,,,,,,,,,
,,,,,,,,,,,,,,
,,,,,,,,,,,,,,
,,,,,,,,,,,,,,
,,,,,,,,,,,,,,
,,,,,,,,,,,,,,
,,,,,,,,,,,,,,
,,,,,,,,,,,,,,
,,,,,,,,,,,,,,
,,,,,,,,,,,,,,
,,,,,,,,,,,,,,
,,,,,,,,,,,,,,
,,,,,,,,,,,,,,
,,,,,,,,,,,,,,
,,,,,,,,,,,,,,
,,,,,,,,,,,,,,
,,,,,,,,,,,,,,
,,,,,,,,,,,,,,
,,,,,,,,,,,,,,
,,,,,,,,,,,,,,
,,,,,,,,,,,,,,
,,,,,,,,,,,,,,
,,,,,,,,,,,,,,
,,,,,,,,,,,,,,
,,,,,,,,,,,,,,
,,,,,,,,,,,,,,
,,,,,,,,,,,,,,
,,,,,,,,,,,,,,
,,,,,,,,,,,,,,
,,,,,,,,,,,,,,
,,,,,,,,,,,,,,
,,,,,,,,,,,,,,
,,,,,,,,,,,,,,
,,,,,,,,,,,,,,
,,,,,,,,,,,,,,
,,,,,,,,,,,,,,
,,,,,,,,,,,,,,
,,,,,,,,,,,,,,
,,,,,,,,,,,,,,
,,,,,,,,,,,,,,
,,,,,,,,,,,,,,
,,,,,,,,,,,,,,
,,,,,,,,,,,,,,
,,,,,,,,,,,,,,
,,,,,,,,,,,,,,
,,,,,,,,,,,,,,
,,,,,,,,,,,,,,
,,,,,,,,,,,,,,
,,,,,,,,,,,,,,
,,,,,,,,,,,,,,
,,,,,,,,,,,,,,
,,,,,,,,,,,,,,
,,,,,,,,,,,,,,
,,,,,,,,,,,,,,
,,,,,,,,,,,,,,
,,,,,,,,,,,,,,
,,,,,,,,,,,,,,
,,,,,,,,,,,,,,
,,,,,,,,,,,,,,
,,,,,,,,,,,,,,
,,,,,,,,,,,,,,
,,,,,,,,,,,,,,
,,,,,,,,,,,,,,
,,,,,,,,,,,,,,
,,,,,,,,,,,,,,
,,,,,,,,,,,,,,
,,,,,,,,,,,,,,
,,,,,,,,,,,,,,
,,,,,,,,,,,,,,
,,,,,,,,,,,,,,
,,,,,,,,,,,,,,
,,,,,,,,,,,,,,
,,,,,,,,,,,,,,
,,,,,,,,,,,,,,
,,,,,,,,,,,,,,
,,,,,,,,,,,,,,
,,,,,,,,,,,,,,
,,,,,,,,,,,,,,
,,,,,,,,,,,,,,
,,,,,,,,,,,,,,
,,,,,,,,,,,,,,
,,,,,,,,,,,,,,
,,,,,,,,,,,,,,
,,,,,,,,,,,,,,
,,,,,,,,,,,,,,
,,,,,,,,,,,,,,
,,,,,,,,,,,,,,
,,,,,,,,,,,,,,
,,,,,,,,,,,,,,
,,,,,,,,,,,,,,
,,,,,,,,,,,,,,
,,,,,,,,,,,,,,
,,,,,,,,,,,,,,
,,,,,,,,,,,,,,
,,,,,,,,,,,,,,
,,,,,,,,,,,,,,
,,,,,,,,,,,,,,
,,,,,,,,,,,,,,
,,,,,,,,,,,,,,
,,,,,,,,,,,,,,
,,,,,,,,,,,,,,
,,,,,,,,,,,,,,
,,,,,,,,,,,,,,
,,,,,,,,,,,,,,
,,,,,,,,,,,,,,
,,,,,,,,,,,,,,
,,,,,,,,,,,,,,
,,,,,,,,,,,,,,
,,,,,,,,,,,,,,
,,,,,,,,,,,,,,
,,,,,,,,,,,,,,
,,,,,,,,,,,,,,
,,,,,,,,,,,,,,
,,,,,,,,,,,,,,
,,,,,,,,,,,,,,
,,,,,,,,,,,,,,
,,,,,,,,,,,,,,
,,,,,,,,,,,,,,
,,,,,,,,,,,,,,
,,,,,,,,,,,,,,
,,,,,,,,,,,,,,
,,,,,,,,,,,,,,
,,,,,,,,,,,,,,
,,,,,,,,,,,,,,
,,,,,,,,,,,,,,
,,,,,,,,,,,,,,
,,,,,,,,,,,,,,
,,,,,,,,,,,,,,
,,,,,,,,,,,,,,
,,,,,,,,,,,,,,
,,,,,,,,,,,,,,
,,,,,,,,,,,,,,
,,,,,,,,,,,,,,
,,,,,,,,,,,,,,
,,,,,,,,,,,,,,
,,,,,,,,,,,,,,
,,,,,,,,,,,,,,
,,,,,,,,,,,,,,
,,,,,,,,,,,,,,
,,,,,,,,,,,,,,
,,,,,,,,,,,,,,
,,,,,,,,,,,,,,
,,,,,,,,,,,,,,
,,,,,,,,,,,,,,
,,,,,,,,,,,,,,
,,,,,,,,,,,,,,
,,,,,,,,,,,,,,
,,,,,,,,,,,,,,
,,,,,,,,,,,,,,
,,,,,,,,,,,,,,
,,,,,,,,,,,,,,
,,,,,,,,,,,,,,
,,,,,,,,,,,,,,
,,,,,,,,,,,,,,
,,,,,,,,,,,,,,
,,,,,,,,,,,,,,
,,,,,,,,,,,,,,
,,,,,,,,,,,,,,
,,,,,,,,,,,,,,
,,,,,,,,,,,,,,
,,,,,,,,,,,,,,
,,,,,,,,,,,,,,
,,,,,,,,,,,,,,
,,,,,,,,,,,,,,
,,,,,,,,,,,,,,
,,,,,,,,,,,,,,
,,,,,,,,,,,,,,
,,,,,,,,,,,,,,
,,,,,,,,,,,,,,
,,,,,,,,,,,,,,
,,,,,,,,,,,,,,
,,,,,,,,,,,,,,
,,,,,,,,,,,,,,
,,,,,,,,,,,,,,
,,,,,,,,,,,,,,
,,,,,,,,,,,,,,
,,,,,,,,,,,,,,
,,,,,,,,,,,,,,
,,,,,,,,,,,,,,
,,,,,,,,,,,,,,
,,,,,,,,,,,,,,
,,,,,,,,,,,,,,
,,,,,,,,,,,,,,
,,,,,,,,,,,,,,
,,,,,,,,,,,,,,
,,,,,,,,,,,,,,
,,,,,,,,,,,,,,
,,,,,,,,,,,,,,
,,,,,,,,,,,,,,
,,,,,,,,,,,,,,
,,,,,,,,,,,,,,
,,,,,,,,,,,,,,
,,,,,,,,,,,,,,
,,,,,,,,,,,,,,
,,,,,,,,,,,,,,
,,,,,,,,,,,,,,
,,,,,,,,,,,,,,
,,,,,,,,,,,,,,
,,,,,,,,,,,,,,
,,,,,,,,,,,,,,
,,,,,,,,,,,,,,
,,,,,,,,,,,,,,
,,,,,,,,,,,,,,
,,,,,,,,,,,,,,
,,,,,,,,,,,,,,
,,,,,,,,,,,,,,
,,,,,,,,,,,,,,
,,,,,,,,,,,,,,
,,,,,,,,,,,,,,
,,,,,,,,,,,,,,
,,,,,,,,,,,,,,
,,,,,,,,,,,,,,
,,,,,,,,,,,,,,
,,,,,,,,,,,,,,
,,,,,,,,,,,,,,
,,,,,,,,,,,,,,
,,,,,,,,,,,,,,
,,,,,,,,,,,,,,
,,,,,,,,,,,,,,
,,,,,,,,,,,,,,
,,,,,,,,,,,,,,
,,,,,,,,,,,,,,
,,,,,,,,,,,,,,
,,,,,,,,,,,,,,
,,,,,,,,,,,,,,
,,,,,,,,,,,,,,
,,,,,,,,,,,,,,
,,,,,,,,,,,,,,
,,,,,,,,,,,,,,
,,,,,,,,,,,,,,
,,,,,,,,,,,,,,
,,,,,,,,,,,,,,
,,,,,,,,,,,,,,
,,,,,,,,,,,,,,
,,,,,,,,,,,,,,
,,,,,,,,,,,,,,
,,,,,,,,,,,,,,
,,,,,,,,,,,,,,
,,,,,,,,,,,,,,
,,,,,,,,,,,,,,
,,,,,,,,,,,,,,
,,,,,,,,,,,,,,
,,,,,,,,,,,,,,
,,,,,,,,,,,,,,
